ISO-10303-21;
HEADER;
FILE_DESCRIPTION (( 'STEP AP214' ),
    '1' );
FILE_NAME ('base.STEP',
    '2026-08-29T12:07:19',
    ( '' ),
    ( '' ),
    'SwSTEP 2.0',
    'SolidWorks 2024',
    '' );
FILE_SCHEMA (( 'AUTOMOTIVE_DESIGN' ));
ENDSEC;

DATA;
#1 = ORIENTED_EDGE ( 'NONE', *, *, #813, .T. ) ;
#2 = AXIS2_PLACEMENT_3D ( 'NONE', #33, #2030, #2742 ) ;
#3 = CARTESIAN_POINT ( 'NONE',  ( 17.82619846573459910, 0.000000000000000000, -98.95833333333331439 ) ) ;
#4 = EDGE_LOOP ( 'NONE', ( #1601, #1001, #2567, #1623 ) ) ;
#5 = CARTESIAN_POINT ( 'NONE',  ( 89.99999999999997158, 0.000000000000000000, -97.32050807568873552 ) ) ;
#6 = CIRCLE ( 'NONE', #2850, 5.000000000000004441 ) ;
#7 = CYLINDRICAL_SURFACE ( 'NONE', #598, 10.00000000000000000 ) ;
#8 = VECTOR ( 'NONE', #1392, 1000.000000000000000 ) ;
#9 = EDGE_CURVE ( 'NONE', #2776, #1466, #1085, .T. ) ;
#10 = ADVANCED_FACE ( 'NONE', ( #2813 ), #1894, .F. ) ;
#11 = CYLINDRICAL_SURFACE ( 'NONE', #1599, 10.00000000000000000 ) ;
#12 = ORIENTED_EDGE ( 'NONE', *, *, #1506, .T. ) ;
#13 = DIRECTION ( 'NONE',  ( 0.000000000000000000, 0.000000000000000000, -1.000000000000000000 ) ) ;
#14 = CARTESIAN_POINT ( 'NONE',  ( 70.00000000000005684, -2.000000000000000000, -97.32050807568879236 ) ) ;
#15 = CARTESIAN_POINT ( 'NONE',  ( 137.3912014162449964, 14.00000000000000000, -92.49999999999997158 ) ) ;
#16 = EDGE_LOOP ( 'NONE', ( #184, #1539 ) ) ;
#17 = ORIENTED_EDGE ( 'NONE', *, *, #452, .F. ) ;
#18 = DIRECTION ( 'NONE',  ( 0.000000000000000000, 0.000000000000000000, 1.000000000000000000 ) ) ;
#19 = CARTESIAN_POINT ( 'NONE',  ( 69.99999999999981526, 4.000000000000000000, -62.67949192431131422 ) ) ;
#20 = CIRCLE ( 'NONE', #1966, 10.00000000000000888 ) ;
#21 = FACE_OUTER_BOUND ( 'NONE', #2080, .T. ) ;
#22 = ORIENTED_EDGE ( 'NONE', *, *, #270, .F. ) ;
#23 = AXIS2_PLACEMENT_3D ( 'NONE', #516, #497, #1355 ) ;
#24 = EDGE_CURVE ( 'NONE', #655, #2022, #2829, .T. ) ;
#25 = LINE ( 'NONE', #1827, #1566 ) ;
#26 = DIRECTION ( 'NONE',  ( -0.000000000000000000, -1.000000000000000000, -0.000000000000000000 ) ) ;
#27 = CARTESIAN_POINT ( 'NONE',  ( 100.0000000000000000, -2.000000000000000000, -79.99999999999984368 ) ) ;
#28 = DIRECTION ( 'NONE',  ( 0.000000000000000000, -1.000000000000000000, 0.000000000000000000 ) ) ;
#29 = EDGE_LOOP ( 'NONE', ( #2280, #2057, #2851, #754 ) ) ;
#30 = EDGE_CURVE ( 'NONE', #1470, #165, #396, .T. ) ;
#31 = AXIS2_PLACEMENT_3D ( 'NONE', #2132, #1031, #2148 ) ;
#32 = CARTESIAN_POINT ( 'NONE',  ( 0.000000000000000000, 14.00000000000000000, 0.000000000000000000 ) ) ;
#33 = CARTESIAN_POINT ( 'NONE',  ( 110.9732062370157735, 0.000000000000000000, -60.99326184219687264 ) ) ;
#34 = AXIS2_PLACEMENT_3D ( 'NONE', #1798, #1595, #518 ) ;
#35 = DIRECTION ( 'NONE',  ( 0.000000000000000000, -1.000000000000000000, 0.000000000000000000 ) ) ;
#36 = DIRECTION ( 'NONE',  ( 0.000000000000000000, 1.000000000000000000, 0.000000000000000000 ) ) ;
#37 = ORIENTED_EDGE ( 'NONE', *, *, #831, .F. ) ;
#38 = FACE_OUTER_BOUND ( 'NONE', #858, .T. ) ;
#39 = DIRECTION ( 'NONE',  ( -0.000000000000000000, 1.000000000000000000, -0.000000000000000000 ) ) ;
#40 = LINE ( 'NONE', #925, #1252 ) ;
#41 = VECTOR ( 'NONE', #669, 1000.000000000000000 ) ;
#42 = ORIENTED_EDGE ( 'NONE', *, *, #2554, .F. ) ;
#43 = EDGE_CURVE ( 'NONE', #1385, #655, #2723, .T. ) ;
#44 = ADVANCED_FACE ( 'NONE', ( #1694 ), #2368, .F. ) ;
#45 = VECTOR ( 'NONE', #2532, 1000.000000000000000 ) ;
#46 = CIRCLE ( 'NONE', #793, 5.000000000000000888 ) ;
#47 = CARTESIAN_POINT ( 'NONE',  ( 92.50000000000019895, -6.000000000000000000, -22.60879858375502494 ) ) ;
#48 = LINE ( 'NONE', #2470, #274 ) ;
#49 = DIRECTION ( 'NONE',  ( -0.000000000000000000, 1.000000000000000000, -0.000000000000000000 ) ) ;
#50 = DIRECTION ( 'NONE',  ( -0.000000000000000000, 1.000000000000000000, -0.000000000000000000 ) ) ;
#51 = VECTOR ( 'NONE', #1967, 1000.000000000000000 ) ;
#52 = DIRECTION ( 'NONE',  ( 5.551115123125781913E-15, 0.000000000000000000, -1.000000000000000000 ) ) ;
#53 = VECTOR ( 'NONE', #478, 1000.000000000000000 ) ;
#54 = EDGE_LOOP ( 'NONE', ( #1485, #1463, #2528, #529 ) ) ;
#55 = CARTESIAN_POINT ( 'NONE',  ( 38.54219012055751392, -6.000000000000000000, -62.50000000000000000 ) ) ;
#56 = DIRECTION ( 'NONE',  ( 0.000000000000000000, 0.000000000000000000, 1.000000000000000000 ) ) ;
#57 = CARTESIAN_POINT ( 'NONE',  ( 22.60879858375501428, 0.000000000000000000, -62.50000000000000000 ) ) ;
#58 = ORIENTED_EDGE ( 'NONE', *, *, #2318, .T. ) ;
#59 = EDGE_CURVE ( 'NONE', #927, #2141, #868, .T. ) ;
#60 = EDGE_CURVE ( 'NONE', #2496, #2625, #2063, .T. ) ;
#61 = DIRECTION ( 'NONE',  ( -1.000000000000000000, 0.000000000000000000, 3.228638451663862091E-15 ) ) ;
#62 = DIRECTION ( 'NONE',  ( 0.000000000000000000, -1.000000000000000000, 0.000000000000000000 ) ) ;
#63 = DIRECTION ( 'NONE',  ( -0.000000000000000000, 1.000000000000000000, -0.000000000000000000 ) ) ;
#64 = DIRECTION ( 'NONE',  ( -0.000000000000000000, 1.000000000000000000, -0.000000000000000000 ) ) ;
#65 = DIRECTION ( 'NONE',  ( 0.000000000000000000, 0.000000000000000000, -1.000000000000000000 ) ) ;
#66 = VERTEX_POINT ( 'NONE', #947 ) ;
#67 = AXIS2_PLACEMENT_3D ( 'NONE', #2162, #393, #666 ) ;
#68 = CARTESIAN_POINT ( 'NONE',  ( 61.04166666666692720, 0.000000000000000000, -17.82619846573449962 ) ) ;
#69 = CARTESIAN_POINT ( 'NONE',  ( 64.44444444444459918, 14.00000000000000000, -43.14861344049548109 ) ) ;
#70 = CIRCLE ( 'NONE', #2296, 5.000000000000000888 ) ;
#71 = ORIENTED_EDGE ( 'NONE', *, *, #1631, .T. ) ;
#72 = ORIENTED_EDGE ( 'NONE', *, *, #683, .T. ) ;
#73 = CYLINDRICAL_SURFACE ( 'NONE', #2058, 3.500000000000003109 ) ;
#74 = PRODUCT_DEFINITION_CONTEXT ( 'detailed design', #2003, 'design' ) ;
#75 = CARTESIAN_POINT ( 'NONE',  ( 150.0000000000000000, 14.00000000000000000, -150.0000000000000000 ) ) ;
#76 = EDGE_LOOP ( 'NONE', ( #750, #2220 ) ) ;
#77 = FACE_OUTER_BOUND ( 'NONE', #742, .T. ) ;
#78 = VECTOR ( 'NONE', #595, 1000.000000000000000 ) ;
#79 = ORIENTED_EDGE ( 'NONE', *, *, #486, .T. ) ;
#80 = EDGE_CURVE ( 'NONE', #514, #2017, #1267, .T. ) ;
#81 = CARTESIAN_POINT ( 'NONE',  ( 10.00000000000000000, 14.00000000000000000, -160.0000000000000000 ) ) ;
#82 = EDGE_CURVE ( 'NONE', #1817, #1511, #2434, .T. ) ;
#83 = ORIENTED_EDGE ( 'NONE', *, *, #2624, .T. ) ;
#84 = LINE ( 'NONE', #968, #1945 ) ;
#85 = AXIS2_PLACEMENT_3D ( 'NONE', #2837, #843, #2145 ) ;
#86 = CARTESIAN_POINT ( 'NONE',  ( 80.00000000000001421, 14.00000000000000000, -79.99999999999998579 ) ) ;
#87 = DIRECTION ( 'NONE',  ( -0.000000000000000000, 1.000000000000000000, -0.000000000000000000 ) ) ;
#88 = ORIENTED_EDGE ( 'NONE', *, *, #2455, .T. ) ;
#89 = ORIENTED_EDGE ( 'NONE', *, *, #1039, .F. ) ;
#90 = DIRECTION ( 'NONE',  ( -0.000000000000000000, -1.000000000000000000, -0.000000000000000000 ) ) ;
#91 = AXIS2_PLACEMENT_3D ( 'NONE', #631, #1505, #2402 ) ;
#92 = CARTESIAN_POINT ( 'NONE',  ( 90.00000000000022737, 4.000000000000000000, -62.67949192431134264 ) ) ;
#93 = LINE ( 'NONE', #1618, #1666 ) ;
#94 = AXIS2_PLACEMENT_3D ( 'NONE', #2469, #480, #1141 ) ;
#95 = VERTEX_POINT ( 'NONE', #1077 ) ;
#96 = AXIS2_PLACEMENT_3D ( 'NONE', #1149, #39, #709 ) ;
#97 = EDGE_LOOP ( 'NONE', ( #1629, #2262, #2681, #1480 ) ) ;
#98 = AXIS2_PLACEMENT_3D ( 'NONE', #1747, #2413, #427 ) ;
#99 = ORIENTED_EDGE ( 'NONE', *, *, #2847, .F. ) ;
#100 = CARTESIAN_POINT ( 'NONE',  ( 69.99999999999992895, 4.000000000000000000, -100.8205080756887355 ) ) ;
#101 = EDGE_LOOP ( 'NONE', ( #1557, #2557, #1662, #2166 ) ) ;
#102 = ADVANCED_FACE ( 'NONE', ( #1964 ), #2486, .F. ) ;
#103 = CARTESIAN_POINT ( 'NONE',  ( 110.9732062370157735, 14.00000000000000000, -60.99326184219687264 ) ) ;
#104 = EDGE_CURVE ( 'NONE', #2379, #1381, #1777, .T. ) ;
#105 = CYLINDRICAL_SURFACE ( 'NONE', #31, 4.999999999999997335 ) ;
#106 = DIRECTION ( 'NONE',  ( 0.000000000000000000, 0.000000000000000000, 1.000000000000000000 ) ) ;
#107 = AXIS2_PLACEMENT_3D ( 'NONE', #2435, #624, #448 ) ;
#108 = EDGE_LOOP ( 'NONE', ( #875, #722 ) ) ;
#109 = ORIENTED_EDGE ( 'NONE', *, *, #1754, .F. ) ;
#110 = CARTESIAN_POINT ( 'NONE',  ( 89.99999999999985789, 14.00000000000000000, -64.07949192431108543 ) ) ;
#111 = CARTESIAN_POINT ( 'NONE',  ( 67.50000000000025580, -6.000000000000000000, -2.179330954873115069E-13 ) ) ;
#112 = CARTESIAN_POINT ( 'NONE',  ( 95.55555555555567082, 0.000000000000000000, -43.14861344049558056 ) ) ;
#113 = ORIENTED_EDGE ( 'NONE', *, *, #2142, .T. ) ;
#114 = ORIENTED_EDGE ( 'NONE', *, *, #486, .F. ) ;
#115 = EDGE_LOOP ( 'NONE', ( #1066, #1622 ) ) ;
#116 = CARTESIAN_POINT ( 'NONE',  ( 60.00000000000002842, 0.000000000000000000, -83.49999999999985789 ) ) ;
#117 = EDGE_LOOP ( 'NONE', ( #1762, #2576, #2767, #651 ) ) ;
#118 = CARTESIAN_POINT ( 'NONE',  ( 62.50000000000023448, -6.000000000000000000, -22.60879858375491835 ) ) ;
#119 = DIRECTION ( 'NONE',  ( 0.000000000000000000, -0.000000000000000000, -1.000000000000000000 ) ) ;
#120 = DIRECTION ( 'NONE',  ( -0.000000000000000000, 1.000000000000000000, -0.000000000000000000 ) ) ;
#121 = ADVANCED_FACE ( 'NONE', ( #649 ), #1369, .F. ) ;
#122 = VERTEX_POINT ( 'NONE', #2642 ) ;
#123 = ORIENTED_EDGE ( 'NONE', *, *, #736, .F. ) ;
#124 = DIRECTION ( 'NONE',  ( 0.000000000000000000, 0.000000000000000000, -1.000000000000000000 ) ) ;
#125 = CIRCLE ( 'NONE', #2294, 5.000000000000004441 ) ;
#126 = EDGE_CURVE ( 'NONE', #2821, #2386, #298, .T. ) ;
#127 = CARTESIAN_POINT ( 'NONE',  ( 67.50000000000032685, 0.000000000000000000, -2.542552780685305541E-13 ) ) ;
#128 = ORIENTED_EDGE ( 'NONE', *, *, #912, .F. ) ;
#129 = ORIENTED_EDGE ( 'NONE', *, *, #2624, .F. ) ;
#130 = FACE_OUTER_BOUND ( 'NONE', #2181, .T. ) ;
#131 = AXIS2_PLACEMENT_3D ( 'NONE', #2764, #1676, #2325 ) ;
#132 = ORIENTED_EDGE ( 'NONE', *, *, #1651, .T. ) ;
#133 = DIRECTION ( 'NONE',  ( 0.000000000000000000, 0.000000000000000000, 1.000000000000000000 ) ) ;
#134 = AXIS2_PLACEMENT_3D ( 'NONE', #2688, #2462, #52 ) ;
#135 = DIRECTION ( 'NONE',  ( -0.000000000000000000, 1.000000000000000000, -0.000000000000000000 ) ) ;
#136 = FILL_AREA_STYLE_COLOUR ( '', #190 ) ;
#137 = DIRECTION ( 'NONE',  ( -4.163336342344333082E-15, 0.000000000000000000, -1.000000000000000000 ) ) ;
#138 = ORIENTED_EDGE ( 'NONE', *, *, #2258, .T. ) ;
#139 = DIRECTION ( 'NONE',  ( 5.551115123125777969E-15, 0.000000000000000000, -1.000000000000000000 ) ) ;
#140 = ADVANCED_FACE ( 'NONE', ( #1522 ), #261, .F. ) ;
#141 = DIRECTION ( 'NONE',  ( 0.000000000000000000, 0.000000000000000000, -1.000000000000000000 ) ) ;
#142 = EDGE_CURVE ( 'NONE', #2519, #2789, #207, .T. ) ;
#143 = VERTEX_POINT ( 'NONE', #918 ) ;
#144 = AXIS2_PLACEMENT_3D ( 'NONE', #661, #1993, #2213 ) ;
#145 = ORIENTED_EDGE ( 'NONE', *, *, #1613, .F. ) ;
#146 = LINE ( 'NONE', #766, #2544 ) ;
#147 = VECTOR ( 'NONE', #1367, 1000.000000000000000 ) ;
#148 = ORIENTED_EDGE ( 'NONE', *, *, #80, .F. ) ;
#149 = FACE_BOUND ( 'NONE', #1462, .T. ) ;
#150 = DIRECTION ( 'NONE',  ( 0.000000000000000000, -1.000000000000000000, 0.000000000000000000 ) ) ;
#151 = LINE ( 'NONE', #815, #2182 ) ;
#152 = ORIENTED_EDGE ( 'NONE', *, *, #1673, .T. ) ;
#153 = ORIENTED_EDGE ( 'NONE', *, *, #2193, .F. ) ;
#154 = CARTESIAN_POINT ( 'NONE',  ( 92.50000000000029843, 14.00000000000000000, -3.484238995753929781E-13 ) ) ;
#155 = AXIS2_PLACEMENT_3D ( 'NONE', #954, #28, #1572 ) ;
#156 = CARTESIAN_POINT ( 'NONE',  ( 22.60879858375501428, -6.000000000000000000, -67.50000000000000000 ) ) ;
#157 = EDGE_CURVE ( 'NONE', #1790, #451, #70, .T. ) ;
#158 = EDGE_CURVE ( 'NONE', #1785, #1078, #1387, .T. ) ;
#159 = ORIENTED_EDGE ( 'NONE', *, *, #2609, .T. ) ;
#160 = CARTESIAN_POINT ( 'NONE',  ( 0.000000000000000000, 0.000000000000000000, -92.49999999999997158 ) ) ;
#161 = EDGE_LOOP ( 'NONE', ( #759, #921, #2426, #1535 ) ) ;
#162 = FACE_BOUND ( 'NONE', #2595, .T. ) ;
#163 = LINE ( 'NONE', #401, #2212 ) ;
#164 = ORIENTED_EDGE ( 'NONE', *, *, #1913, .F. ) ;
#165 = VERTEX_POINT ( 'NONE', #277 ) ;
#166 = DIRECTION ( 'NONE',  ( 0.000000000000000000, -1.000000000000000000, 0.000000000000000000 ) ) ;
#167 = CARTESIAN_POINT ( 'NONE',  ( 150.0000000000000000, 14.00000000000000000, -160.0000000000000000 ) ) ;
#168 = ORIENTED_EDGE ( 'NONE', *, *, #348, .T. ) ;
#169 = LINE ( 'NONE', #1494, #1194 ) ;
#170 = ADVANCED_FACE ( 'NONE', ( #77 ), #1289, .F. ) ;
#171 = EDGE_CURVE ( 'NONE', #2119, #2379, #1592, .T. ) ;
#172 = DIRECTION ( 'NONE',  ( -0.000000000000000000, 1.000000000000000000, -0.000000000000000000 ) ) ;
#173 = VECTOR ( 'NONE', #2169, 1000.000000000000000 ) ;
#174 = ORIENTED_EDGE ( 'NONE', *, *, #1105, .F. ) ;
#175 = VERTEX_POINT ( 'NONE', #1823 ) ;
#176 = VECTOR ( 'NONE', #2317, 1000.000000000000000 ) ;
#177 = FACE_BOUND ( 'NONE', #2784, .T. ) ;
#178 = DIRECTION ( 'NONE',  ( -0.000000000000000000, -1.000000000000000000, -0.000000000000000000 ) ) ;
#179 = DIRECTION ( 'NONE',  ( 0.000000000000000000, -1.000000000000000000, 0.000000000000000000 ) ) ;
#180 = AXIS2_PLACEMENT_3D ( 'NONE', #982, #1207, #2562 ) ;
#181 = CARTESIAN_POINT ( 'NONE',  ( 62.50000000000023448, -6.000000000000000000, -22.60879858375491835 ) ) ;
#182 = DIRECTION ( 'NONE',  ( 0.000000000000000000, -1.000000000000000000, 0.000000000000000000 ) ) ;
#183 = ADVANCED_FACE ( 'NONE', ( #2728 ), #732, .F. ) ;
#184 = ORIENTED_EDGE ( 'NONE', *, *, #2104, .F. ) ;
#185 = ADVANCED_FACE ( 'NONE', ( #2629 ), #73, .F. ) ;
#186 = AXIS2_PLACEMENT_3D ( 'NONE', #2259, #1147, #1800 ) ;
#187 = LINE ( 'NONE', #2677, #613 ) ;
#188 = CARTESIAN_POINT ( 'NONE',  ( 22.60879858375501428, 14.00000000000000000, -67.50000000000000000 ) ) ;
#189 = CYLINDRICAL_SURFACE ( 'NONE', #2330, 3.500000000000016875 ) ;
#190 = COLOUR_RGB ( '',0.7921568627450980005, 0.8196078431372548767, 0.9333333333333333481 ) ;
#191 = CARTESIAN_POINT ( 'NONE',  ( 89.99999999999985789, 14.00000000000000000, -62.67949192431110106 ) ) ;
#192 = EDGE_LOOP ( 'NONE', ( #2739, #382, #1647, #79, #1049, #2337, #794, #591 ) ) ;
#193 = CIRCLE ( 'NONE', #1805, 1.400000000000012346 ) ;
#194 = DIRECTION ( 'NONE',  ( -3.766744860274507877E-15, 0.000000000000000000, -1.000000000000000000 ) ) ;
#195 = CYLINDRICAL_SURFACE ( 'NONE', #2832, 10.00000000000000888 ) ;
#196 = DIRECTION ( 'NONE',  ( 0.000000000000000000, 0.000000000000000000, -1.000000000000000000 ) ) ;
#197 = EDGE_LOOP ( 'NONE', ( #1497, #1426 ) ) ;
#198 = CARTESIAN_POINT ( 'NONE',  ( 10.00000000000000000, 14.00000000000000000, 0.000000000000000000 ) ) ;
#199 = DIRECTION ( 'NONE',  ( 0.000000000000000000, 1.000000000000000000, 0.000000000000000000 ) ) ;
#200 = DIRECTION ( 'NONE',  ( -0.000000000000000000, 1.000000000000000000, -0.000000000000000000 ) ) ;
#201 = ORIENTED_EDGE ( 'NONE', *, *, #1938, .T. ) ;
#202 = CARTESIAN_POINT ( 'NONE',  ( 89.99999999999997158, 0.000000000000000000, -93.82050807568872131 ) ) ;
#203 = EDGE_CURVE ( 'NONE', #1380, #1097, #2092, .T. ) ;
#204 = EDGE_CURVE ( 'NONE', #531, #2622, #1036, .T. ) ;
#205 = CYLINDRICAL_SURFACE ( 'NONE', #1062, 5.000000000000004441 ) ;
#206 = ORIENTED_EDGE ( 'NONE', *, *, #2824, .F. ) ;
#207 = CIRCLE ( 'NONE', #538, 4.999999999999997335 ) ;
#208 = FACE_OUTER_BOUND ( 'NONE', #1038, .T. ) ;
#209 = CYLINDRICAL_SURFACE ( 'NONE', #256, 2.600000000000017408 ) ;
#210 = DIRECTION ( 'NONE',  ( 0.000000000000000000, 0.000000000000000000, 1.000000000000000000 ) ) ;
#211 = ORIENTED_EDGE ( 'NONE', *, *, #2039, .F. ) ;
#212 = DIRECTION ( 'NONE',  ( 0.000000000000000000, -1.000000000000000000, 0.000000000000000000 ) ) ;
#213 = CARTESIAN_POINT ( 'NONE',  ( 89.99999999999985789, 4.000000000000000000, -61.27949192431111669 ) ) ;
#214 = VERTEX_POINT ( 'NONE', #1412 ) ;
#215 = ORIENTED_EDGE ( 'NONE', *, *, #365, .T. ) ;
#216 = AXIS2_PLACEMENT_3D ( 'NONE', #756, #150, #2545 ) ;
#217 = CYLINDRICAL_SURFACE ( 'NONE', #1667, 5.000000000000004441 ) ;
#218 = ORIENTED_EDGE ( 'NONE', *, *, #2455, .F. ) ;
#219 = ADVANCED_FACE ( 'NONE', ( #988 ), #1002, .F. ) ;
#220 = CIRCLE ( 'NONE', #144, 2.600000000000017408 ) ;
#221 = DIRECTION ( 'NONE',  ( -0.000000000000000000, 1.000000000000000000, -0.000000000000000000 ) ) ;
#222 = CYLINDRICAL_SURFACE ( 'NONE', #1328, 10.00000000000000888 ) ;
#223 = DIRECTION ( 'NONE',  ( 0.000000000000000000, 0.000000000000000000, -1.000000000000000000 ) ) ;
#224 = CARTESIAN_POINT ( 'NONE',  ( 80.00000000000001421, 14.00000000000000000, -79.99999999999998579 ) ) ;
#225 = EDGE_LOOP ( 'NONE', ( #1880, #2160 ) ) ;
#226 = DIRECTION ( 'NONE',  ( -0.000000000000000000, -1.000000000000000000, -0.000000000000000000 ) ) ;
#227 = AXIS2_PLACEMENT_3D ( 'NONE', #1659, #1877, #2781 ) ;
#228 = DIRECTION ( 'NONE',  ( 0.000000000000000000, -1.000000000000000000, 0.000000000000000000 ) ) ;
#229 = AXIS2_PLACEMENT_3D ( 'NONE', #2651, #1957, #2427 ) ;
#230 = CARTESIAN_POINT ( 'NONE',  ( 64.44444444444431497, 0.000000000000000000, -116.8513865595043910 ) ) ;
#231 = ORIENTED_EDGE ( 'NONE', *, *, #1671, .T. ) ;
#232 = AXIS2_PLACEMENT_3D ( 'NONE', #2209, #1932, #1269 ) ;
#233 = ORIENTED_EDGE ( 'NONE', *, *, #1615, .F. ) ;
#234 = ORIENTED_EDGE ( 'NONE', *, *, #2491, .T. ) ;
#235 = PLANE ( 'NONE',  #1608 ) ;
#236 = AXIS2_PLACEMENT_3D ( 'NONE', #1424, #87, #106 ) ;
#237 = CARTESIAN_POINT ( 'NONE',  ( 150.0000000000000000, 14.00000000000000000, -10.00000000000000000 ) ) ;
#238 = EDGE_CURVE ( 'NONE', #214, #2514, #1046, .T. ) ;
#239 = CARTESIAN_POINT ( 'NONE',  ( 80.00000000000001421, 0.000000000000000000, -79.99999999999998579 ) ) ;
#240 = DIRECTION ( 'NONE',  ( 0.000000000000000000, 1.000000000000000000, -0.000000000000000000 ) ) ;
#241 = ORIENTED_EDGE ( 'NONE', *, *, #2338, .F. ) ;
#242 = CARTESIAN_POINT ( 'NONE',  ( 80.00000000000001421, -2.000000000000000000, -79.99999999999998579 ) ) ;
#243 = CARTESIAN_POINT ( 'NONE',  ( 10.00000000000000000, 14.00000000000000000, -10.00000000000000000 ) ) ;
#244 = LINE ( 'NONE', #2235, #1434 ) ;
#245 = ORIENTED_EDGE ( 'NONE', *, *, #2753, .T. ) ;
#246 = DIRECTION ( 'NONE',  ( 1.000000000000000000, 0.000000000000000000, -0.000000000000000000 ) ) ;
#247 = DIRECTION ( 'NONE',  ( -0.000000000000000000, 1.000000000000000000, -0.000000000000000000 ) ) ;
#248 = CIRCLE ( 'NONE', #718, 10.00000000000000000 ) ;
#249 = CYLINDRICAL_SURFACE ( 'NONE', #2400, 2.599999999999991207 ) ;
#250 = ORIENTED_EDGE ( 'NONE', *, *, #882, .F. ) ;
#251 = DIRECTION ( 'NONE',  ( 0.000000000000000000, 0.000000000000000000, 1.000000000000000000 ) ) ;
#252 = ADVANCED_FACE ( 'NONE', ( #1866 ), #2768, .F. ) ;
#253 = CARTESIAN_POINT ( 'NONE',  ( 80.00000000000001421, 14.00000000000000000, -79.99999999999998579 ) ) ;
#254 = DIRECTION ( 'NONE',  ( 0.000000000000000000, 0.000000000000000000, -1.000000000000000000 ) ) ;
#255 = ORIENTED_EDGE ( 'NONE', *, *, #1526, .T. ) ;
#256 = AXIS2_PLACEMENT_3D ( 'NONE', #1091, #1755, #2660 ) ;
#257 = DIRECTION ( 'NONE',  ( -0.000000000000000000, 1.000000000000000000, -0.000000000000000000 ) ) ;
#258 = CARTESIAN_POINT ( 'NONE',  ( 137.3912014162449964, 14.00000000000000000, -67.50000000000000000 ) ) ;
#259 = CIRCLE ( 'NONE', #1884, 4.999999999999990230 ) ;
#260 = CARTESIAN_POINT ( 'NONE',  ( 142.1738015342654364, -6.000000000000000000, -61.04166666666665719 ) ) ;
#261 = CYLINDRICAL_SURFACE ( 'NONE', #2158, 4.999999999999997335 ) ;
#262 = DIRECTION ( 'NONE',  ( -0.000000000000000000, 1.000000000000000000, -0.000000000000000000 ) ) ;
#263 = VERTEX_POINT ( 'NONE', #1212 ) ;
#264 = DIRECTION ( 'NONE',  ( 0.000000000000000000, 0.000000000000000000, -1.000000000000000000 ) ) ;
#265 = FACE_OUTER_BOUND ( 'NONE', #1856, .T. ) ;
#266 = CARTESIAN_POINT ( 'NONE',  ( 121.4578098794425216, 14.00000000000000000, -67.50000000000000000 ) ) ;
#267 = AXIS2_PLACEMENT_3D ( 'NONE', #2095, #1634, #1242 ) ;
#268 = EDGE_CURVE ( 'NONE', #1511, #2308, #2107, .T. ) ;
#269 = CIRCLE ( 'NONE', #1515, 3.500000000000016875 ) ;
#270 = EDGE_CURVE ( 'NONE', #1276, #2036, #2199, .T. ) ;
#271 = ORIENTED_EDGE ( 'NONE', *, *, #879, .F. ) ;
#272 = EDGE_LOOP ( 'NONE', ( #1146, #1216, #1026, #857 ) ) ;
#273 = CIRCLE ( 'NONE', #1896, 5.000000000000004441 ) ;
#274 = VECTOR ( 'NONE', #916, 1000.000000000000000 ) ;
#275 = CARTESIAN_POINT ( 'NONE',  ( 38.54219012055751392, 14.00000000000000000, -67.50000000000000000 ) ) ;
#276 = CARTESIAN_POINT ( 'NONE',  ( 150.0000000000000000, 14.00000000000000000, -150.0000000000000000 ) ) ;
#277 = CARTESIAN_POINT ( 'NONE',  ( 60.00000000000002842, 4.000000000000000000, -76.49999999999984368 ) ) ;
#278 = AXIS2_PLACEMENT_3D ( 'NONE', #1278, #898, #1123 ) ;
#279 = PLANE ( 'NONE',  #34 ) ;
#280 = CIRCLE ( 'NONE', #155, 10.00000000000000888 ) ;
#281 = ORIENTED_EDGE ( 'NONE', *, *, #2324, .F. ) ;
#282 = CARTESIAN_POINT ( 'NONE',  ( 110.9732062370157735, 14.00000000000000000, -58.49326184219686553 ) ) ;
#283 = CARTESIAN_POINT ( 'NONE',  ( 60.00000000000002842, 0.000000000000000000, -76.49999999999984368 ) ) ;
#284 = DIRECTION ( 'NONE',  ( 0.000000000000000000, -1.000000000000000000, -0.000000000000000000 ) ) ;
#285 = ORIENTED_EDGE ( 'NONE', *, *, #862, .F. ) ;
#286 = EDGE_LOOP ( 'NONE', ( #1284, #869 ) ) ;
#287 = CARTESIAN_POINT ( 'NONE',  ( 0.000000000000000000, -6.000000000000000000, -92.49999999999997158 ) ) ;
#288 = CARTESIAN_POINT ( 'NONE',  ( 110.9732062370157735, 0.000000000000000000, -58.49326184219686553 ) ) ;
#289 = EDGE_CURVE ( 'NONE', #1389, #1965, #1351, .T. ) ;
#290 = VERTEX_POINT ( 'NONE', #1916 ) ;
#291 = DIRECTION ( 'NONE',  ( 0.000000000000000000, 0.000000000000000000, -1.000000000000000000 ) ) ;
#292 = DIRECTION ( 'NONE',  ( 0.000000000000000000, 0.000000000000000000, -1.000000000000000000 ) ) ;
#293 = ORIENTED_EDGE ( 'NONE', *, *, #852, .F. ) ;
#294 = DIRECTION ( 'NONE',  ( 0.000000000000000000, 0.000000000000000000, 1.000000000000000000 ) ) ;
#295 = CIRCLE ( 'NONE', #1127, 3.500000000000003109 ) ;
#296 = DIRECTION ( 'NONE',  ( -0.000000000000000000, -1.000000000000000000, -0.000000000000000000 ) ) ;
#297 = LINE ( 'NONE', #741, #426 ) ;
#298 = CIRCLE ( 'NONE', #2203, 2.600000000000019185 ) ;
#299 = ORIENTED_EDGE ( 'NONE', *, *, #104, .T. ) ;
#300 = ORIENTED_EDGE ( 'NONE', *, *, #2578, .T. ) ;
#301 = CARTESIAN_POINT ( 'NONE',  ( 70.00000000000005684, 14.00000000000000000, -95.92050807568878668 ) ) ;
#302 = CARTESIAN_POINT ( 'NONE',  ( 10.00000000000000000, 0.000000000000000000, -150.0000000000000000 ) ) ;
#303 = DIRECTION ( 'NONE',  ( -1.000000000000000000, 0.000000000000000000, 0.000000000000000000 ) ) ;
#304 = ORIENTED_EDGE ( 'NONE', *, *, #1084, .T. ) ;
#305 = CIRCLE ( 'NONE', #216, 40.00000000000000711 ) ;
#306 = ORIENTED_EDGE ( 'NONE', *, *, #1313, .T. ) ;
#307 = EDGE_CURVE ( 'NONE', #1218, #122, #573, .T. ) ;
#308 = AXIS2_PLACEMENT_3D ( 'NONE', #1936, #2840, #2641 ) ;
#309 = ORIENTED_EDGE ( 'NONE', *, *, #2491, .F. ) ;
#310 = LINE ( 'NONE', #2590, #2165 ) ;
#311 = EDGE_LOOP ( 'NONE', ( #22, #466 ) ) ;
#312 = FACE_OUTER_BOUND ( 'NONE', #2631, .T. ) ;
#313 = AXIS2_PLACEMENT_3D ( 'NONE', #2471, #2700, #2049 ) ;
#314 = CYLINDRICAL_SURFACE ( 'NONE', #679, 5.000000000000000888 ) ;
#315 = EDGE_LOOP ( 'NONE', ( #2257, #2206 ) ) ;
#316 = VERTEX_POINT ( 'NONE', #2568 ) ;
#317 = DIRECTION ( 'NONE',  ( -0.000000000000000000, -1.000000000000000000, 0.000000000000000000 ) ) ;
#318 = CARTESIAN_POINT ( 'NONE',  ( 67.50000000000025580, 14.00000000000000000, -2.179330954873115069E-13 ) ) ;
#319 = DIRECTION ( 'NONE',  ( 0.000000000000000000, 0.000000000000000000, -1.000000000000000000 ) ) ;
#320 = CIRCLE ( 'NONE', #94, 3.500000000000003109 ) ;
#321 = AXIS2_PLACEMENT_3D ( 'NONE', #2611, #1282, #2873 ) ;
#322 = CIRCLE ( 'NONE', #2608, 3.500000000000003109 ) ;
#323 = AXIS2_PLACEMENT_3D ( 'NONE', #2053, #952, #1174 ) ;
#324 = EDGE_CURVE ( 'NONE', #122, #1818, #2345, .T. ) ;
#325 = VERTEX_POINT ( 'NONE', #1198 ) ;
#326 = DIRECTION ( 'NONE',  ( 0.000000000000000000, 0.000000000000000000, 1.000000000000000000 ) ) ;
#327 = DIRECTION ( 'NONE',  ( -0.000000000000000000, 1.000000000000000000, -0.000000000000000000 ) ) ;
#328 = ORIENTED_EDGE ( 'NONE', *, *, #2297, .T. ) ;
#329 = PLANE ( 'NONE',  #227 ) ;
#330 = EDGE_CURVE ( 'NONE', #2821, #2776, #1239, .T. ) ;
#331 = CARTESIAN_POINT ( 'NONE',  ( 60.00000000000001421, -2.000000000000000000, -79.99999999999998579 ) ) ;
#332 = DIRECTION ( 'NONE',  ( 0.000000000000000000, 0.000000000000000000, 1.000000000000000000 ) ) ;
#333 = VERTEX_POINT ( 'NONE', #110 ) ;
#334 = VERTEX_POINT ( 'NONE', #1665 ) ;
#335 = DIRECTION ( 'NONE',  ( 0.000000000000000000, 0.000000000000000000, -1.000000000000000000 ) ) ;
#336 = LINE ( 'NONE', #989, #2696 ) ;
#337 = CARTESIAN_POINT ( 'NONE',  ( 150.0000000000000284, 14.00000000000000000, -7.399999999999991473 ) ) ;
#338 = ORIENTED_EDGE ( 'NONE', *, *, #2535, .F. ) ;
#339 = VERTEX_POINT ( 'NONE', #2816 ) ;
#340 = DIRECTION ( 'NONE',  ( 0.000000000000000000, 0.000000000000000000, -1.000000000000000000 ) ) ;
#341 = ORIENTED_EDGE ( 'NONE', *, *, #2442, .F. ) ;
#342 = CARTESIAN_POINT ( 'NONE',  ( 100.0000000000000000, 4.000000000000000000, -78.59999999999986642 ) ) ;
#343 = DIRECTION ( 'NONE',  ( 0.000000000000000000, 0.000000000000000000, 1.000000000000000000 ) ) ;
#344 =( NAMED_UNIT ( * ) PLANE_ANGLE_UNIT ( ) SI_UNIT ( $, .RADIAN. ) );
#345 = EDGE_LOOP ( 'NONE', ( #2090, #885 ) ) ;
#346 = EDGE_CURVE ( 'NONE', #455, #853, #599, .T. ) ;
#347 = VERTEX_POINT ( 'NONE', #1428 ) ;
#348 = EDGE_CURVE ( 'NONE', #459, #1218, #1897, .T. ) ;
#349 = DIRECTION ( 'NONE',  ( 0.000000000000000000, 0.000000000000000000, -1.000000000000000000 ) ) ;
#350 = CIRCLE ( 'NONE', #818, 2.599999999999991207 ) ;
#351 = LINE ( 'NONE', #2818, #641 ) ;
#352 = ORIENTED_EDGE ( 'NONE', *, *, #663, .F. ) ;
#353 = VERTEX_POINT ( 'NONE', #301 ) ;
#354 = EDGE_LOOP ( 'NONE', ( #1425, #1685, #2382, #1701 ) ) ;
#355 = CARTESIAN_POINT ( 'NONE',  ( 150.0000000000000284, 0.000000000000000000, -12.60000000000002629 ) ) ;
#356 = AXIS2_PLACEMENT_3D ( 'NONE', #2051, #262, #65 ) ;
#357 = EDGE_LOOP ( 'NONE', ( #808, #2689 ) ) ;
#358 = FACE_BOUND ( 'NONE', #1654, .T. ) ;
#359 = CARTESIAN_POINT ( 'NONE',  ( 100.0000000000000000, 14.00000000000000000, -79.99999999999984368 ) ) ;
#360 = CARTESIAN_POINT ( 'NONE',  ( 92.50000000000027001, 14.00000000000000000, -3.484238995753930791E-13 ) ) ;
#361 = ORIENTED_EDGE ( 'NONE', *, *, #1313, .F. ) ;
#362 = ORIENTED_EDGE ( 'NONE', *, *, #946, .T. ) ;
#363 = VECTOR ( 'NONE', #1075, 1000.000000000000000 ) ;
#364 = CARTESIAN_POINT ( 'NONE',  ( 89.99999999999997158, 4.000000000000000000, -100.8205080756887497 ) ) ;
#365 = EDGE_CURVE ( 'NONE', #507, #2645, #1498, .T. ) ;
#366 = EDGE_CURVE ( 'NONE', #2407, #1248, #125, .T. ) ;
#367 = LINE ( 'NONE', #156, #919 ) ;
#368 = ORIENTED_EDGE ( 'NONE', *, *, #632, .T. ) ;
#369 = ORIENTED_EDGE ( 'NONE', *, *, #1580, .T. ) ;
#370 = FACE_OUTER_BOUND ( 'NONE', #108, .T. ) ;
#371 = VECTOR ( 'NONE', #1807, 1000.000000000000000 ) ;
#372 = ORIENTED_EDGE ( 'NONE', *, *, #1139, .T. ) ;
#373 = CYLINDRICAL_SURFACE ( 'NONE', #2602, 1.400000000000012346 ) ;
#374 = AXIS2_PLACEMENT_3D ( 'NONE', #27, #1787, #2494 ) ;
#375 = DIRECTION ( 'NONE',  ( 0.000000000000000000, 1.000000000000000000, 0.000000000000000000 ) ) ;
#376 = CARTESIAN_POINT ( 'NONE',  ( 80.00000000000001421, 0.000000000000000000, -79.99999999999998579 ) ) ;
#377 = ORIENTED_EDGE ( 'NONE', *, *, #987, .F. ) ;
#378 = CARTESIAN_POINT ( 'NONE',  ( 97.50000000000019895, 0.000000000000000000, -17.60879858375504270 ) ) ;
#379 = AXIS2_PLACEMENT_3D ( 'NONE', #2425, #654, #2000 ) ;
#380 = CARTESIAN_POINT ( 'NONE',  ( 150.0000000000000284, 0.000000000000000000, -7.399999999999991473 ) ) ;
#381 = ORIENTED_EDGE ( 'NONE', *, *, #2228, .F. ) ;
#382 = ORIENTED_EDGE ( 'NONE', *, *, #421, .T. ) ;
#383 = EDGE_CURVE ( 'NONE', #492, #2809, #485, .T. ) ;
#384 = ADVANCED_FACE ( 'NONE', ( #1266 ), #2174, .F. ) ;
#385 = DIRECTION ( 'NONE',  ( -0.000000000000000000, -1.000000000000000000, -0.000000000000000000 ) ) ;
#386 = VERTEX_POINT ( 'NONE', #188 ) ;
#387 = FACE_OUTER_BOUND ( 'NONE', #1614, .T. ) ;
#388 = EDGE_CURVE ( 'NONE', #339, #2542, #350, .T. ) ;
#389 = ORIENTED_EDGE ( 'NONE', *, *, #1435, .T. ) ;
#390 = ORIENTED_EDGE ( 'NONE', *, *, #2404, .T. ) ;
#391 = FACE_OUTER_BOUND ( 'NONE', #2855, .T. ) ;
#392 = CARTESIAN_POINT ( 'NONE',  ( 121.4578098794425216, -6.000000000000000000, -62.50000000000000000 ) ) ;
#393 = DIRECTION ( 'NONE',  ( 0.000000000000000000, -1.000000000000000000, 0.000000000000000000 ) ) ;
#394 = DIRECTION ( 'NONE',  ( -0.000000000000000000, 1.000000000000000000, -0.000000000000000000 ) ) ;
#395 = CIRCLE ( 'NONE', #1264, 3.500000000000003109 ) ;
#396 = CIRCLE ( 'NONE', #444, 3.500000000000003109 ) ;
#397 = ORIENTED_EDGE ( 'NONE', *, *, #2695, .T. ) ;
#398 = EDGE_CURVE ( 'NONE', #1457, #1965, #2607, .T. ) ;
#399 = CARTESIAN_POINT ( 'NONE',  ( 89.99999999999997158, 4.000000000000000000, -97.32050807568873552 ) ) ;
#400 = ADVANCED_FACE ( 'NONE', ( #2151, #2189, #1968, #2833, #886, #177, #1731, #1487, #2384, #1080, #625, #2868, #1095, #2647, #835, #1512, #1527 ), #2664, .F. ) ;
#401 = CARTESIAN_POINT ( 'NONE',  ( 43.14861344049555214, -6.000000000000000000, -95.55555555555552871 ) ) ;
#402 = VECTOR ( 'NONE', #1407, 1000.000000000000000 ) ;
#403 = DIRECTION ( 'NONE',  ( -1.000000000000000000, 0.000000000000000000, 3.766744860274506299E-15 ) ) ;
#404 = ORIENTED_EDGE ( 'NONE', *, *, #2046, .T. ) ;
#405 = AXIS2_PLACEMENT_3D ( 'NONE', #2702, #706, #1109 ) ;
#406 = DIRECTION ( 'NONE',  ( -0.000000000000000000, 1.000000000000000000, -0.000000000000000000 ) ) ;
#407 = DIRECTION ( 'NONE',  ( -0.000000000000000000, 1.000000000000000000, -0.000000000000000000 ) ) ;
#408 = CARTESIAN_POINT ( 'NONE',  ( 92.50000000000029843, -0.000000000000000000, -3.484238995753929781E-13 ) ) ;
#409 = EDGE_LOOP ( 'NONE', ( #530, #941, #174, #1674 ) ) ;
#410 = VECTOR ( 'NONE', #1256, 1000.000000000000000 ) ;
#411 = DIRECTION ( 'NONE',  ( -0.000000000000000000, 1.000000000000000000, -0.000000000000000000 ) ) ;
#412 = EDGE_CURVE ( 'NONE', #175, #2537, #395, .T. ) ;
#413 = AXIS2_PLACEMENT_3D ( 'NONE', #287, #558, #1589 ) ;
#414 = DIRECTION ( 'NONE',  ( -0.000000000000000000, 1.000000000000000000, -0.000000000000000000 ) ) ;
#415 = DIRECTION ( 'NONE',  ( 0.000000000000000000, 0.000000000000000000, -1.000000000000000000 ) ) ;
#416 = DIRECTION ( 'NONE',  ( 0.000000000000000000, 0.000000000000000000, -1.000000000000000000 ) ) ;
#417 = AXIS2_PLACEMENT_3D ( 'NONE', #75, #247, #1168 ) ;
#418 = ORIENTED_EDGE ( 'NONE', *, *, #2579, .F. ) ;
#419 = AXIS2_PLACEMENT_3D ( 'NONE', #55, #1583, #251 ) ;
#420 = EDGE_CURVE ( 'NONE', #1881, #1751, #2247, .T. ) ;
#421 = EDGE_CURVE ( 'NONE', #1317, #1939, #20, .T. ) ;
#422 = LINE ( 'NONE', #1293, #51 ) ;
#423 = CARTESIAN_POINT ( 'NONE',  ( 92.49999999999978684, 14.00000000000000000, -137.3912014162450248 ) ) ;
#424 = DIRECTION ( 'NONE',  ( -0.000000000000000000, 1.000000000000000000, -0.000000000000000000 ) ) ;
#425 = EDGE_CURVE ( 'NONE', #2004, #2061, #295, .T. ) ;
#426 = VECTOR ( 'NONE', #2117, 1000.000000000000000 ) ;
#427 = DIRECTION ( 'NONE',  ( 0.000000000000000000, 0.000000000000000000, 1.000000000000000000 ) ) ;
#428 = ORIENTED_EDGE ( 'NONE', *, *, #929, .T. ) ;
#429 = CIRCLE ( 'NONE', #1620, 15.00000000000000000 ) ;
#430 = PLANE ( 'NONE',  #1020 ) ;
#431 = CARTESIAN_POINT ( 'NONE',  ( 150.0000000000000284, 14.00000000000000000, -152.6000000000000227 ) ) ;
#432 = DIRECTION ( 'NONE',  ( 0.000000000000000000, -1.000000000000000000, 0.000000000000000000 ) ) ;
#433 = DIRECTION ( 'NONE',  ( 0.000000000000000000, 0.000000000000000000, 1.000000000000000000 ) ) ;
#434 = ORIENTED_EDGE ( 'NONE', *, *, #1806, .F. ) ;
#435 = FACE_OUTER_BOUND ( 'NONE', #409, .T. ) ;
#436 = DIRECTION ( 'NONE',  ( 0.000000000000000000, 0.000000000000000000, -1.000000000000000000 ) ) ;
#437 = PLANE ( 'NONE',  #570 ) ;
#438 = ORIENTED_EDGE ( 'NONE', *, *, #24, .T. ) ;
#439 = EDGE_CURVE ( 'NONE', #316, #1511, #1638, .T. ) ;
#440 = ORIENTED_EDGE ( 'NONE', *, *, #792, .F. ) ;
#441 = LINE ( 'NONE', #1711, #1475 ) ;
#442 = VECTOR ( 'NONE', #317, 1000.000000000000000 ) ;
#443 = DIRECTION ( 'NONE',  ( 0.000000000000000000, 1.000000000000000000, -0.000000000000000000 ) ) ;
#444 = AXIS2_PLACEMENT_3D ( 'NONE', #803, #182, #1469 ) ;
#445 = DIRECTION ( 'NONE',  ( 0.000000000000000000, 0.000000000000000000, -1.000000000000000000 ) ) ;
#446 = CARTESIAN_POINT ( 'NONE',  ( 90.00000000000022737, 4.000000000000000000, -66.17949192431134975 ) ) ;
#447 = ORIENTED_EDGE ( 'NONE', *, *, #2281, .T. ) ;
#448 = DIRECTION ( 'NONE',  ( 0.000000000000000000, 0.000000000000000000, 1.000000000000000000 ) ) ;
#449 = FACE_OUTER_BOUND ( 'NONE', #1417, .T. ) ;
#450 = LINE ( 'NONE', #1500, #2656 ) ;
#451 = VERTEX_POINT ( 'NONE', #378 ) ;
#452 = EDGE_CURVE ( 'NONE', #2308, #1890, #2585, .T. ) ;
#453 = EDGE_CURVE ( 'NONE', #2515, #2791, #1220, .T. ) ;
#454 = DIRECTION ( 'NONE',  ( -0.000000000000000000, 1.000000000000000000, -0.000000000000000000 ) ) ;
#455 = VERTEX_POINT ( 'NONE', #859 ) ;
#456 = CARTESIAN_POINT ( 'NONE',  ( 22.60879858375501428, -6.000000000000000000, -97.49999999999997158 ) ) ;
#457 = CARTESIAN_POINT ( 'NONE',  ( 62.50000000000023448, 14.00000000000000000, -17.60879858375491835 ) ) ;
#458 = CARTESIAN_POINT ( 'NONE',  ( 67.49999999999981526, 0.000000000000000000, -137.3912014162449395 ) ) ;
#459 = VERTEX_POINT ( 'NONE', #423 ) ;
#460 = LINE ( 'NONE', #2232, #696 ) ;
#461 = CARTESIAN_POINT ( 'NONE',  ( 80.00000000000001421, -2.000000000000000000, -79.99999999999998579 ) ) ;
#462 = CIRCLE ( 'NONE', #1663, 2.599999999999991207 ) ;
#463 = CARTESIAN_POINT ( 'NONE',  ( 110.9732062370157735, 0.000000000000000000, -63.49326184219689395 ) ) ;
#464 = CIRCLE ( 'NONE', #321, 3.500000000000003109 ) ;
#465 = DIRECTION ( 'NONE',  ( 1.000000000000000000, -0.000000000000000000, 0.000000000000000000 ) ) ;
#466 = ORIENTED_EDGE ( 'NONE', *, *, #2172, .F. ) ;
#467 = VECTOR ( 'NONE', #2244, 1000.000000000000000 ) ;
#468 = CIRCLE ( 'NONE', #1478, 1.400000000000012346 ) ;
#469 = CARTESIAN_POINT ( 'NONE',  ( 0.000000000000000000, 0.000000000000000000, -10.00000000000000000 ) ) ;
#470 = CARTESIAN_POINT ( 'NONE',  ( 17.82619846573459910, 14.00000000000000000, -98.95833333333331439 ) ) ;
#471 = VECTOR ( 'NONE', #523, 1000.000000000000000 ) ;
#472 = ADVANCED_FACE ( 'NONE', ( #847 ), #2619, .F. ) ;
#473 = ADVANCED_FACE ( 'NONE', ( #2409 ), #1347, .F. ) ;
#474 = DIRECTION ( 'NONE',  ( 0.000000000000000000, 0.000000000000000000, 1.000000000000000000 ) ) ;
#475 = VERTEX_POINT ( 'NONE', #2706 ) ;
#476 = DIRECTION ( 'NONE',  ( 0.000000000000000000, 0.000000000000000000, -1.000000000000000000 ) ) ;
#477 = DIRECTION ( 'NONE',  ( 0.000000000000000000, 0.000000000000000000, -1.000000000000000000 ) ) ;
#478 = DIRECTION ( 'NONE',  ( -0.000000000000000000, 1.000000000000000000, -0.000000000000000000 ) ) ;
#479 = ORIENTED_EDGE ( 'NONE', *, *, #157, .F. ) ;
#480 = DIRECTION ( 'NONE',  ( 0.000000000000000000, -1.000000000000000000, 0.000000000000000000 ) ) ;
#481 = LINE ( 'NONE', #2518, #1330 ) ;
#482 = CARTESIAN_POINT ( 'NONE',  ( 150.0000000000000284, 14.00000000000000000, -12.60000000000002629 ) ) ;
#483 = DIRECTION ( 'NONE',  ( -0.000000000000000000, 1.000000000000000000, -0.000000000000000000 ) ) ;
#484 = EDGE_CURVE ( 'NONE', #1380, #1169, #902, .T. ) ;
#485 = CIRCLE ( 'NONE', #2770, 5.000000000000000888 ) ;
#486 = EDGE_CURVE ( 'NONE', #2135, #1640, #248, .T. ) ;
#487 = CARTESIAN_POINT ( 'NONE',  ( 70.00000000000017053, 0.000000000000000000, -59.17949192431112948 ) ) ;
#488 = ORIENTED_EDGE ( 'NONE', *, *, #1886, .F. ) ;
#489 = CARTESIAN_POINT ( 'NONE',  ( 22.60879858375501428, 14.00000000000000000, -92.49999999999997158 ) ) ;
#490 = CARTESIAN_POINT ( 'NONE',  ( 150.0000000000000284, -6.000000000000000000, -147.3999999999999773 ) ) ;
#491 = CYLINDRICAL_SURFACE ( 'NONE', #236, 65.00000000000001421 ) ;
#492 = VERTEX_POINT ( 'NONE', #68 ) ;
#493 = AXIS2_PLACEMENT_3D ( 'NONE', #1963, #172, #1076 ) ;
#494 = LINE ( 'NONE', #1603, #147 ) ;
#495 = CARTESIAN_POINT ( 'NONE',  ( 116.8513865595044763, 0.000000000000000000, -95.55555555555552871 ) ) ;
#496 = CIRCLE ( 'NONE', #2489, 40.00000000000000711 ) ;
#497 = DIRECTION ( 'NONE',  ( -0.000000000000000000, -1.000000000000000000, -0.000000000000000000 ) ) ;
#498 = CARTESIAN_POINT ( 'NONE',  ( 90.00000000000011369, 14.00000000000000000, -97.32050807568873552 ) ) ;
#499 = EDGE_LOOP ( 'NONE', ( #630, #1612, #1854, #1997 ) ) ;
#500 = FACE_OUTER_BOUND ( 'NONE', #579, .T. ) ;
#501 = CARTESIAN_POINT ( 'NONE',  ( 116.8513865595044763, -6.000000000000000000, -64.44444444444444287 ) ) ;
#502 = CARTESIAN_POINT ( 'NONE',  ( 89.99999999999985789, 14.00000000000000000, -61.27949192431111669 ) ) ;
#503 = VECTOR ( 'NONE', #2125, 1000.000000000000000 ) ;
#504 = AXIS2_PLACEMENT_3D ( 'NONE', #19, #904, #1577 ) ;
#505 = EDGE_LOOP ( 'NONE', ( #2008, #1184, #1524, #1635 ) ) ;
#506 = ADVANCED_FACE ( 'NONE', ( #449 ), #953, .F. ) ;
#507 = VERTEX_POINT ( 'NONE', #283 ) ;
#508 = EDGE_CURVE ( 'NONE', #2308, #668, #1171, .T. ) ;
#509 = EDGE_CURVE ( 'NONE', #1837, #980, #2322, .T. ) ;
#510 = AXIS2_PLACEMENT_3D ( 'NONE', #2380, #221, #2018 ) ;
#511 = AXIS2_PLACEMENT_3D ( 'NONE', #1124, #1555, #1828 ) ;
#512 = DIRECTION ( 'NONE',  ( 0.000000000000000000, 0.000000000000000000, 1.000000000000000000 ) ) ;
#513 = CARTESIAN_POINT ( 'NONE',  ( 89.99999999999985789, 4.000000000000000000, -64.07949192431108543 ) ) ;
#514 = VERTEX_POINT ( 'NONE', #2245 ) ;
#515 = PRODUCT_CONTEXT ( 'NONE', #2659, 'mechanical' ) ;
#516 = CARTESIAN_POINT ( 'NONE',  ( 70.00000000000017053, 4.000000000000000000, -62.67949192431112948 ) ) ;
#517 =( GEOMETRIC_REPRESENTATION_CONTEXT ( 3 ) GLOBAL_UNCERTAINTY_ASSIGNED_CONTEXT ( ( #2874 ) ) GLOBAL_UNIT_ASSIGNED_CONTEXT ( ( #1831, #344, #2737 ) ) REPRESENTATION_CONTEXT ( 'NONE', 'WORKASPACE' ) );
#518 = DIRECTION ( 'NONE',  ( 0.000000000000000000, -0.000000000000000000, -1.000000000000000000 ) ) ;
#519 = VERTEX_POINT ( 'NONE', #2451 ) ;
#520 = DIRECTION ( 'NONE',  ( 0.000000000000000000, 0.000000000000000000, 1.000000000000000000 ) ) ;
#521 = LINE ( 'NONE', #1391, #1710 ) ;
#522 = DIRECTION ( 'NONE',  ( 0.000000000000000000, -1.000000000000000000, 0.000000000000000000 ) ) ;
#523 = DIRECTION ( 'NONE',  ( -3.766744860274507877E-15, 0.000000000000000000, -1.000000000000000000 ) ) ;
#524 = EDGE_LOOP ( 'NONE', ( #2016, #771 ) ) ;
#525 = ORIENTED_EDGE ( 'NONE', *, *, #863, .T. ) ;
#526 = EDGE_CURVE ( 'NONE', #2547, #1094, #2260, .T. ) ;
#527 = LINE ( 'NONE', #1834, #45 ) ;
#528 = CARTESIAN_POINT ( 'NONE',  ( 70.00000000000017053, 4.000000000000000000, -66.17949192431113659 ) ) ;
#529 = ORIENTED_EDGE ( 'NONE', *, *, #1504, .T. ) ;
#530 = ORIENTED_EDGE ( 'NONE', *, *, #2359, .F. ) ;
#531 = VERTEX_POINT ( 'NONE', #2038 ) ;
#532 = DIRECTION ( 'NONE',  ( 0.000000000000000000, 1.000000000000000000, 0.000000000000000000 ) ) ;
#533 = CARTESIAN_POINT ( 'NONE',  ( 69.99999999999992895, 4.000000000000000000, -93.82050807568873552 ) ) ;
#534 = ORIENTED_EDGE ( 'NONE', *, *, #1166, .T. ) ;
#535 = FACE_BOUND ( 'NONE', #225, .T. ) ;
#536 = AXIS2_PLACEMENT_3D ( 'NONE', #1499, #166, #1954 ) ;
#537 = DIRECTION ( 'NONE',  ( 0.000000000000000000, 0.000000000000000000, 1.000000000000000000 ) ) ;
#538 = AXIS2_PLACEMENT_3D ( 'NONE', #1810, #2032, #1579 ) ;
#539 = ORIENTED_EDGE ( 'NONE', *, *, #1105, .T. ) ;
#540 = EDGE_LOOP ( 'NONE', ( #309, #992 ) ) ;
#541 = DIRECTION ( 'NONE',  ( -0.000000000000000000, 1.000000000000000000, -0.000000000000000000 ) ) ;
#542 = EDGE_CURVE ( 'NONE', #2407, #347, #2412, .T. ) ;
#543 = DIRECTION ( 'NONE',  ( 0.000000000000000000, 1.000000000000000000, -0.000000000000000000 ) ) ;
#544 = FACE_OUTER_BOUND ( 'NONE', #2236, .T. ) ;
#545 = ORIENTED_EDGE ( 'NONE', *, *, #831, .T. ) ;
#546 = AXIS2_PLACEMENT_3D ( 'NONE', #2853, #1275, #1950 ) ;
#547 = ORIENTED_EDGE ( 'NONE', *, *, #2472, .T. ) ;
#548 = EDGE_CURVE ( 'NONE', #2670, #1729, #650, .T. ) ;
#549 = VECTOR ( 'NONE', #1624, 1000.000000000000000 ) ;
#550 = VERTEX_POINT ( 'NONE', #463 ) ;
#551 = CARTESIAN_POINT ( 'NONE',  ( 10.00000000000000000, 14.00000000000000000, -147.3999999999999773 ) ) ;
#552 = ORIENTED_EDGE ( 'NONE', *, *, #2168, .T. ) ;
#553 = FACE_BOUND ( 'NONE', #986, .T. ) ;
#554 = DIRECTION ( 'NONE',  ( -3.766744860274507877E-15, 0.000000000000000000, -1.000000000000000000 ) ) ;
#555 = ORIENTED_EDGE ( 'NONE', *, *, #1723, .F. ) ;
#556 = VERTEX_POINT ( 'NONE', #2678 ) ;
#557 = CARTESIAN_POINT ( 'NONE',  ( 150.0000000000000284, -6.000000000000000000, -152.6000000000000227 ) ) ;
#558 = DIRECTION ( 'NONE',  ( -0.000000000000000000, 0.000000000000000000, -1.000000000000000000 ) ) ;
#559 = DIRECTION ( 'NONE',  ( 0.000000000000000000, 0.000000000000000000, -1.000000000000000000 ) ) ;
#560 = AXIS2_PLACEMENT_3D ( 'NONE', #2825, #2366, #1219 ) ;
#561 = ORIENTED_EDGE ( 'NONE', *, *, #1863, .T. ) ;
#562 = VECTOR ( 'NONE', #2399, 1000.000000000000000 ) ;
#563 = ORIENTED_EDGE ( 'NONE', *, *, #2265, .T. ) ;
#564 = ADVANCED_FACE ( 'NONE', ( #1584 ), #692, .T. ) ;
#565 = CARTESIAN_POINT ( 'NONE',  ( 0.000000000000000000, 14.00000000000000000, -92.49999999999997158 ) ) ;
#566 = EDGE_CURVE ( 'NONE', #2574, #2022, #604, .T. ) ;
#568 = CARTESIAN_POINT ( 'NONE',  ( 137.3912014162449964, 0.000000000000000000, -67.50000000000000000 ) ) ;
#567 = VECTOR ( 'NONE', #1236, 1000.000000000000000 ) ;
#569 = DIRECTION ( 'NONE',  ( 0.000000000000000000, 0.000000000000000000, 1.000000000000000000 ) ) ;
#570 = AXIS2_PLACEMENT_3D ( 'NONE', #1513, #2410, #1745 ) ;
#571 = EDGE_LOOP ( 'NONE', ( #1023, #1804, #1010, #1041 ) ) ;
#572 = ORIENTED_EDGE ( 'NONE', *, *, #1842, .T. ) ;
#573 = LINE ( 'NONE', #2584, #442 ) ;
#574 = LINE ( 'NONE', #1228, #410 ) ;
#575 = ORIENTED_EDGE ( 'NONE', *, *, #1671, .F. ) ;
#576 = ORIENTED_EDGE ( 'NONE', *, *, #2533, .T. ) ;
#577 = ORIENTED_EDGE ( 'NONE', *, *, #716, .F. ) ;
#578 = FACE_OUTER_BOUND ( 'NONE', #97, .T. ) ;
#579 = EDGE_LOOP ( 'NONE', ( #827, #938, #2506, #2394 ) ) ;
#580 = ADVANCED_FACE ( 'NONE', ( #265 ), #2721, .F. ) ;
#581 = FACE_BOUND ( 'NONE', #1547, .T. ) ;
#582 = EDGE_CURVE ( 'NONE', #1789, #846, #1245, .T. ) ;
#583 = FACE_OUTER_BOUND ( 'NONE', #2328, .T. ) ;
#584 = CARTESIAN_POINT ( 'NONE',  ( 70.00000000000005684, 4.000000000000000000, -95.92050807568878668 ) ) ;
#585 = VERTEX_POINT ( 'NONE', #1112 ) ;
#586 = ORIENTED_EDGE ( 'NONE', *, *, #238, .F. ) ;
#587 = AXIS2_PLACEMENT_3D ( 'NONE', #2786, #821, #1180 ) ;
#588 = DIRECTION ( 'NONE',  ( 0.000000000000000000, -1.000000000000000000, 0.000000000000000000 ) ) ;
#589 = DIRECTION ( 'NONE',  ( -0.000000000000000000, 1.000000000000000000, -0.000000000000000000 ) ) ;
#590 = ORIENTED_EDGE ( 'NONE', *, *, #964, .T. ) ;
#591 = ORIENTED_EDGE ( 'NONE', *, *, #716, .T. ) ;
#592 = CARTESIAN_POINT ( 'NONE',  ( 95.55555555555567082, 14.00000000000000000, -43.14861344049558056 ) ) ;
#593 = ORIENTED_EDGE ( 'NONE', *, *, #2104, .T. ) ;
#594 = DIRECTION ( 'NONE',  ( 0.000000000000000000, 0.000000000000000000, -1.000000000000000000 ) ) ;
#595 = DIRECTION ( 'NONE',  ( -0.000000000000000000, 1.000000000000000000, -0.000000000000000000 ) ) ;
#596 = EDGE_LOOP ( 'NONE', ( #1602, #1648 ) ) ;
#597 = ORIENTED_EDGE ( 'NONE', *, *, #1258, .F. ) ;
#598 = AXIS2_PLACEMENT_3D ( 'NONE', #237, #1779, #2031 ) ;
#599 = LINE ( 'NONE', #1017, #1401 ) ;
#600 = EDGE_CURVE ( 'NONE', #807, #66, #2744, .T. ) ;
#601 = DIRECTION ( 'NONE',  ( -0.000000000000000000, 1.000000000000000000, -0.000000000000000000 ) ) ;
#602 = CIRCLE ( 'NONE', #510, 1.399999999999984590 ) ;
#603 = ORIENTED_EDGE ( 'NONE', *, *, #1292, .F. ) ;
#604 = CIRCLE ( 'NONE', #2842, 15.00000000000000000 ) ;
#605 = CARTESIAN_POINT ( 'NONE',  ( 110.9732062370157735, -5.999999999999996447, -60.99326184219687264 ) ) ;
#606 = AXIS2_PLACEMENT_3D ( 'NONE', #242, #690, #2492 ) ;
#607 = ORIENTED_EDGE ( 'NONE', *, *, #645, .T. ) ;
#608 = DIRECTION ( 'NONE',  ( 0.000000000000000000, 0.000000000000000000, -1.000000000000000000 ) ) ;
#609 = DIRECTION ( 'NONE',  ( 0.000000000000000000, -1.000000000000000000, 0.000000000000000000 ) ) ;
#610 = ORIENTED_EDGE ( 'NONE', *, *, #1025, .T. ) ;
#611 = ORIENTED_EDGE ( 'NONE', *, *, #2858, .F. ) ;
#612 = DIRECTION ( 'NONE',  ( 0.000000000000000000, 0.000000000000000000, -1.000000000000000000 ) ) ;
#613 = VECTOR ( 'NONE', #26, 1000.000000000000000 ) ;
#614 = LINE ( 'NONE', #1096, #1156 ) ;
#615 = EDGE_CURVE ( 'NONE', #853, #143, #2479, .T. ) ;
#616 = EDGE_CURVE ( 'NONE', #1381, #2150, #1541, .T. ) ;
#617 = LINE ( 'NONE', #2635, #2179 ) ;
#618 = EDGE_LOOP ( 'NONE', ( #864, #586 ) ) ;
#619 = ORIENTED_EDGE ( 'NONE', *, *, #933, .T. ) ;
#620 = FACE_OUTER_BOUND ( 'NONE', #1309, .T. ) ;
#621 = CARTESIAN_POINT ( 'NONE',  ( 80.00000000000001421, 0.000000000000000000, -79.99999999999998579 ) ) ;
#622 = ORIENTED_EDGE ( 'NONE', *, *, #43, .T. ) ;
#623 = ORIENTED_EDGE ( 'NONE', *, *, #59, .T. ) ;
#624 = DIRECTION ( 'NONE',  ( -0.000000000000000000, 1.000000000000000000, -0.000000000000000000 ) ) ;
#625 = FACE_BOUND ( 'NONE', #2849, .T. ) ;
#626 = LINE ( 'NONE', #2385, #1029 ) ;
#627 = AXIS2_PLACEMENT_3D ( 'NONE', #2756, #1883, #2344 ) ;
#628 = DIRECTION ( 'NONE',  ( -0.000000000000000000, 1.000000000000000000, -0.000000000000000000 ) ) ;
#629 = EDGE_CURVE ( 'NONE', #2313, #2625, #521, .T. ) ;
#630 = ORIENTED_EDGE ( 'NONE', *, *, #366, .F. ) ;
#631 = CARTESIAN_POINT ( 'NONE',  ( 150.0000000000000000, 0.000000000000000000, -10.00000000000000000 ) ) ;
#632 = EDGE_CURVE ( 'NONE', #455, #1389, #2456, .T. ) ;
#633 = DIRECTION ( 'NONE',  ( 0.000000000000000000, 0.000000000000000000, 1.000000000000000000 ) ) ;
#634 = CARTESIAN_POINT ( 'NONE',  ( 0.000000000000000000, 0.000000000000000000, -160.0000000000000000 ) ) ;
#635 = CARTESIAN_POINT ( 'NONE',  ( 70.00000000000017053, 4.000000000000000000, -62.67949192431112948 ) ) ;
#636 = EDGE_LOOP ( 'NONE', ( #377, #1859 ) ) ;
#637 = AXIS2_PLACEMENT_3D ( 'NONE', #1437, #2336, #340 ) ;
#638 = DIRECTION ( 'NONE',  ( 0.000000000000000000, 0.000000000000000000, 1.000000000000000000 ) ) ;
#639 = CARTESIAN_POINT ( 'NONE',  ( 98.95833333333355597, -6.000000000000000000, -17.82619846573462752 ) ) ;
#640 = CARTESIAN_POINT ( 'NONE',  ( 90.00000000000011369, 14.00000000000000000, -98.72050807568874120 ) ) ;
#641 = VECTOR ( 'NONE', #141, 1000.000000000000000 ) ;
#642 = AXIS2_PLACEMENT_3D ( 'NONE', #2390, #179, #1272 ) ;
#643 = CARTESIAN_POINT ( 'NONE',  ( 121.4578098794425216, 14.00000000000000000, -92.49999999999997158 ) ) ;
#644 = DIRECTION ( 'NONE',  ( -0.000000000000000000, 1.000000000000000000, -0.000000000000000000 ) ) ;
#645 = EDGE_CURVE ( 'NONE', #550, #727, #2087, .T. ) ;
#646 = EDGE_CURVE ( 'NONE', #1952, #263, #2019, .T. ) ;
#647 = CIRCLE ( 'NONE', #2083, 1.400000000000012346 ) ;
#648 = DIRECTION ( 'NONE',  ( 0.000000000000000000, -1.000000000000000000, 0.000000000000000000 ) ) ;
#649 = FACE_OUTER_BOUND ( 'NONE', #2114, .T. ) ;
#650 = CIRCLE ( 'NONE', #511, 5.000000000000000888 ) ;
#651 = ORIENTED_EDGE ( 'NONE', *, *, #2026, .F. ) ;
#652 = DIRECTION ( 'NONE',  ( -0.000000000000000000, 1.000000000000000000, -0.000000000000000000 ) ) ;
#653 = DIRECTION ( 'NONE',  ( 0.000000000000000000, -0.000000000000000000, -1.000000000000000000 ) ) ;
#654 = DIRECTION ( 'NONE',  ( 0.000000000000000000, 1.000000000000000000, -0.000000000000000000 ) ) ;
#655 = VERTEX_POINT ( 'NONE', #1822 ) ;
#656 = CIRCLE ( 'NONE', #703, 3.500000000000003109 ) ;
#657 = CARTESIAN_POINT ( 'NONE',  ( 0.000000000000000000, 0.000000000000000000, -150.0000000000000000 ) ) ;
#658 = ORIENTED_EDGE ( 'NONE', *, *, #484, .F. ) ;
#659 = CARTESIAN_POINT ( 'NONE',  ( 90.00000000000022737, 4.000000000000000000, -59.17949192431132133 ) ) ;
#660 = ORIENTED_EDGE ( 'NONE', *, *, #2122, .F. ) ;
#661 = CARTESIAN_POINT ( 'NONE',  ( 150.0000000000000284, 14.00000000000000000, -10.00000000000000888 ) ) ;
#662 = FACE_OUTER_BOUND ( 'NONE', #2377, .T. ) ;
#663 = EDGE_CURVE ( 'NONE', #1640, #2547, #48, .T. ) ;
#664 = ORIENTED_EDGE ( 'NONE', *, *, #849, .F. ) ;
#665 = EDGE_CURVE ( 'NONE', #165, #1470, #884, .T. ) ;
#666 = DIRECTION ( 'NONE',  ( 0.000000000000000000, 0.000000000000000000, -1.000000000000000000 ) ) ;
#667 = CARTESIAN_POINT ( 'NONE',  ( 100.0000000000000000, 4.000000000000000000, -79.99999999999984368 ) ) ;
#668 = VERTEX_POINT ( 'NONE', #2698 ) ;
#669 = DIRECTION ( 'NONE',  ( -3.766744860274506299E-15, 0.000000000000000000, -1.000000000000000000 ) ) ;
#670 = ORIENTED_EDGE ( 'NONE', *, *, #758, .F. ) ;
#671 = VECTOR ( 'NONE', #761, 1000.000000000000000 ) ;
#672 = CARTESIAN_POINT ( 'NONE',  ( 89.99999999999985789, -2.000000000000000000, -64.07949192431108543 ) ) ;
#673 = AXIS2_PLACEMENT_3D ( 'NONE', #2270, #1304, #2050 ) ;
#674 = DIRECTION ( 'NONE',  ( 0.000000000000000000, 0.000000000000000000, -1.000000000000000000 ) ) ;
#675 = DIRECTION ( 'NONE',  ( 0.000000000000000000, 0.000000000000000000, -1.000000000000000000 ) ) ;
#676 = DIRECTION ( 'NONE',  ( 0.000000000000000000, 0.000000000000000000, -1.000000000000000000 ) ) ;
#677 = ORIENTED_EDGE ( 'NONE', *, *, #548, .T. ) ;
#678 = DIRECTION ( 'NONE',  ( -0.000000000000000000, 1.000000000000000000, -0.000000000000000000 ) ) ;
#679 = AXIS2_PLACEMENT_3D ( 'NONE', #2593, #1878, #569 ) ;
#680 = CARTESIAN_POINT ( 'NONE',  ( 97.50000000000019895, 14.00000000000000000, -22.60879858375504270 ) ) ;
#681 = ORIENTED_EDGE ( 'NONE', *, *, #420, .F. ) ;
#682 = AXIS2_PLACEMENT_3D ( 'NONE', #498, #36, #720 ) ;
#683 = EDGE_CURVE ( 'NONE', #809, #2439, #747, .T. ) ;
#684 = EDGE_CURVE ( 'NONE', #2774, #2313, #842, .T. ) ;
#685 = CARTESIAN_POINT ( 'NONE',  ( 80.00000000000001421, 0.000000000000000000, -94.99999999999998579 ) ) ;
#686 = CARTESIAN_POINT ( 'NONE',  ( 89.99999999999997158, 4.000000000000000000, -97.32050807568873552 ) ) ;
#687 = DIRECTION ( 'NONE',  ( 0.000000000000000000, 1.000000000000000000, 0.000000000000000000 ) ) ;
#688 = DIRECTION ( 'NONE',  ( -0.000000000000000000, 1.000000000000000000, -0.000000000000000000 ) ) ;
#689 = ORIENTED_EDGE ( 'NONE', *, *, #412, .F. ) ;
#690 = DIRECTION ( 'NONE',  ( -0.000000000000000000, 1.000000000000000000, -0.000000000000000000 ) ) ;
#691 = VECTOR ( 'NONE', #930, 1000.000000000000000 ) ;
#692 = CYLINDRICAL_SURFACE ( 'NONE', #694, 40.00000000000000711 ) ;
#693 = CARTESIAN_POINT ( 'NONE',  ( 110.9732062370157735, -5.999999999999996447, -58.49326184219686553 ) ) ;
#694 = AXIS2_PLACEMENT_3D ( 'NONE', #1162, #2024, #1361 ) ;
#695 = ORIENTED_EDGE ( 'NONE', *, *, #2123, .T. ) ;
#696 = VECTOR ( 'NONE', #1122, 1000.000000000000000 ) ;
#697 = ORIENTED_EDGE ( 'NONE', *, *, #931, .F. ) ;
#698 = EDGE_CURVE ( 'NONE', #2809, #1785, #46, .T. ) ;
#699 = VECTOR ( 'NONE', #2034, 1000.000000000000000 ) ;
#700 = EDGE_CURVE ( 'NONE', #2780, #1044, #93, .T. ) ;
#701 = FACE_OUTER_BOUND ( 'NONE', #2796, .T. ) ;
#702 = CARTESIAN_POINT ( 'NONE',  ( 60.00000000000002842, 4.000000000000000000, -79.99999999999984368 ) ) ;
#703 = AXIS2_PLACEMENT_3D ( 'NONE', #1537, #2687, #675 ) ;
#704 = CARTESIAN_POINT ( 'NONE',  ( 62.50000000000023448, 0.000000000000000000, -17.60879858375491835 ) ) ;
#705 = CARTESIAN_POINT ( 'NONE',  ( 150.0000000000000284, 0.000000000000000000, -150.0000000000000000 ) ) ;
#706 = DIRECTION ( 'NONE',  ( -0.000000000000000000, 1.000000000000000000, -0.000000000000000000 ) ) ;
#707 = EDGE_LOOP ( 'NONE', ( #281, #681, #2096, #1110 ) ) ;
#708 = CYLINDRICAL_SURFACE ( 'NONE', #419, 4.999999999999997335 ) ;
#709 = DIRECTION ( 'NONE',  ( 0.000000000000000000, 0.000000000000000000, -1.000000000000000000 ) ) ;
#710 = FACE_OUTER_BOUND ( 'NONE', #2655, .T. ) ;
#711 = VERTEX_POINT ( 'NONE', #470 ) ;
#712 = ORIENTED_EDGE ( 'NONE', *, *, #1086, .F. ) ;
#713 = PLANE ( 'NONE',  #1474 ) ;
#714 = DIRECTION ( 'NONE',  ( 0.000000000000000000, 0.000000000000000000, 1.000000000000000000 ) ) ;
#715 =( NAMED_UNIT ( * ) PLANE_ANGLE_UNIT ( ) SI_UNIT ( $, .RADIAN. ) );
#716 = EDGE_CURVE ( 'NONE', #2625, #1838, #1151, .T. ) ;
#717 = DIRECTION ( 'NONE',  ( -0.000000000000000000, 1.000000000000000000, -0.000000000000000000 ) ) ;
#718 = AXIS2_PLACEMENT_3D ( 'NONE', #243, #678, #2054 ) ;
#719 = ADVANCED_FACE ( 'NONE', ( #1340 ), #2299, .F. ) ;
#720 = DIRECTION ( 'NONE',  ( 0.000000000000000000, 0.000000000000000000, 1.000000000000000000 ) ) ;
#721 = EDGE_CURVE ( 'NONE', #1263, #290, #481, .T. ) ;
#722 = ORIENTED_EDGE ( 'NONE', *, *, #795, .T. ) ;
#723 = EDGE_CURVE ( 'NONE', #66, #807, #1843, .T. ) ;
#724 = CARTESIAN_POINT ( 'NONE',  ( 89.99999999999985789, 14.00000000000000000, -62.67949192431110106 ) ) ;
#725 = DIRECTION ( 'NONE',  ( 0.000000000000000000, 0.000000000000000000, 1.000000000000000000 ) ) ;
#726 = CARTESIAN_POINT ( 'NONE',  ( 100.0000000000000000, 4.000000000000000000, -83.49999999999998579 ) ) ;
#727 = VERTEX_POINT ( 'NONE', #288 ) ;
#728 = ORIENTED_EDGE ( 'NONE', *, *, #1492, .F. ) ;
#729 = CIRCLE ( 'NONE', #1136, 5.000000000000004441 ) ;
#730 = FACE_OUTER_BOUND ( 'NONE', #1714, .T. ) ;
#731 = LINE ( 'NONE', #1368, #1611 ) ;
#732 = CYLINDRICAL_SURFACE ( 'NONE', #1308, 2.600000000000019185 ) ;
#733 = VECTOR ( 'NONE', #2713, 1000.000000000000000 ) ;
#734 = LINE ( 'NONE', #2229, #1735 ) ;
#735 = ORIENTED_EDGE ( 'NONE', *, *, #912, .T. ) ;
#736 = EDGE_CURVE ( 'NONE', #2682, #2791, #2060, .T. ) ;
#737 = DIRECTION ( 'NONE',  ( -0.000000000000000000, 1.000000000000000000, -0.000000000000000000 ) ) ;
#738 = EDGE_CURVE ( 'NONE', #1837, #752, #731, .T. ) ;
#739 = DIRECTION ( 'NONE',  ( 0.000000000000000000, 0.000000000000000000, -1.000000000000000000 ) ) ;
#740 = DIRECTION ( 'NONE',  ( 0.000000000000000000, 0.000000000000000000, 1.000000000000000000 ) ) ;
#741 = CARTESIAN_POINT ( 'NONE',  ( 100.0000000000000000, 4.000000000000000000, -76.49999999999998579 ) ) ;
#742 = EDGE_LOOP ( 'NONE', ( #965, #1305, #1832, #1799 ) ) ;
#743 = EDGE_LOOP ( 'NONE', ( #854, #1715, #2819, #1899, #2704, #2127, #1089, #2210 ) ) ;
#744 = AXIS2_PLACEMENT_3D ( 'NONE', #2711, #543, #1868 ) ;
#745 = AXIS2_PLACEMENT_3D ( 'NONE', #686, #62, #2251 ) ;
#746 = DIRECTION ( 'NONE',  ( 0.000000000000000000, 1.000000000000000000, 0.000000000000000000 ) ) ;
#747 = LINE ( 'NONE', #2500, #2272 ) ;
#748 = ORIENTED_EDGE ( 'NONE', *, *, #2157, .T. ) ;
#749 = APPLICATION_PROTOCOL_DEFINITION ( 'draft international standard', 'automotive_design', 1998, #2003 ) ;
#750 = ORIENTED_EDGE ( 'NONE', *, *, #1227, .F. ) ;
#751 = CIRCLE ( 'NONE', #2230, 65.00000000000001421 ) ;
#752 = VERTEX_POINT ( 'NONE', #495 ) ;
#753 = LINE ( 'NONE', #565, #176 ) ;
#754 = ORIENTED_EDGE ( 'NONE', *, *, #1025, .F. ) ;
#755 = DIRECTION ( 'NONE',  ( 0.000000000000000000, 1.000000000000000000, -0.000000000000000000 ) ) ;
#756 = CARTESIAN_POINT ( 'NONE',  ( 80.00000000000001421, 0.000000000000000000, -79.99999999999998579 ) ) ;
#757 = CARTESIAN_POINT ( 'NONE',  ( 70.00000000000005684, 4.000000000000000000, -97.32050807568879236 ) ) ;
#758 = EDGE_CURVE ( 'NONE', #1169, #1380, #1022, .T. ) ;
#759 = ORIENTED_EDGE ( 'NONE', *, *, #1440, .F. ) ;
#760 = ORIENTED_EDGE ( 'NONE', *, *, #2609, .F. ) ;
#761 = DIRECTION ( 'NONE',  ( -0.000000000000000000, 1.000000000000000000, -0.000000000000000000 ) ) ;
#762 = DIRECTION ( 'NONE',  ( -0.000000000000000000, -1.000000000000000000, -0.000000000000000000 ) ) ;
#763 = CARTESIAN_POINT ( 'NONE',  ( 97.50000000000012790, 0.000000000000000000, -38.54219012055754234 ) ) ;
#764 = VERTEX_POINT ( 'NONE', #944 ) ;
#765 = VERTEX_POINT ( 'NONE', #513 ) ;
#766 = CARTESIAN_POINT ( 'NONE',  ( 0.000000000000000000, 0.000000000000000000, 0.000000000000000000 ) ) ;
#767 = VERTEX_POINT ( 'NONE', #258 ) ;
#768 = DIRECTION ( 'NONE',  ( -0.000000000000000000, 1.000000000000000000, -0.000000000000000000 ) ) ;
#769 = PLANE ( 'NONE',  #958 ) ;
#770 = ORIENTED_EDGE ( 'NONE', *, *, #1491, .F. ) ;
#771 = ORIENTED_EDGE ( 'NONE', *, *, #1133, .T. ) ;
#772 = CARTESIAN_POINT ( 'NONE',  ( 97.49999999999984368, 0.000000000000000000, -121.4578098794425642 ) ) ;
#773 = DIRECTION ( 'NONE',  ( 0.000000000000000000, 0.000000000000000000, -1.000000000000000000 ) ) ;
#774 = CYLINDRICAL_SURFACE ( 'NONE', #2415, 5.000000000000004441 ) ;
#775 = ADVANCED_FACE ( 'NONE', ( #960 ), #1835, .F. ) ;
#776 = VERTEX_POINT ( 'NONE', #1561 ) ;
#777 = VERTEX_POINT ( 'NONE', #1142 ) ;
#778 = AXIS2_PLACEMENT_3D ( 'NONE', #2303, #1027, #326 ) ;
#779 = EDGE_LOOP ( 'NONE', ( #1695, #1985 ) ) ;
#780 = DIRECTION ( 'NONE',  ( 0.000000000000000000, 0.000000000000000000, 1.000000000000000000 ) ) ;
#781 = DIRECTION ( 'NONE',  ( 0.000000000000000000, 0.000000000000000000, -1.000000000000000000 ) ) ;
#782 = VERTEX_POINT ( 'NONE', #2460 ) ;
#783 = FACE_BOUND ( 'NONE', #311, .T. ) ;
#784 = CARTESIAN_POINT ( 'NONE',  ( 116.8513865595044763, 14.00000000000000000, -64.44444444444444287 ) ) ;
#785 = SURFACE_SIDE_STYLE ('',( #2783 ) ) ;
#786 = ORIENTED_EDGE ( 'NONE', *, *, #813, .F. ) ;
#787 = VERTEX_POINT ( 'NONE', #2239 ) ;
#788 = DIRECTION ( 'NONE',  ( -0.000000000000000000, 1.000000000000000000, -0.000000000000000000 ) ) ;
#789 = AXIS2_PLACEMENT_3D ( 'NONE', #763, #1682, #1653 ) ;
#790 = CARTESIAN_POINT ( 'NONE',  ( 90.00000000000011369, 4.000000000000000000, -97.32050807568873552 ) ) ;
#791 = VECTOR ( 'NONE', #1128, 1000.000000000000000 ) ;
#792 = EDGE_CURVE ( 'NONE', #2789, #907, #2571, .T. ) ;
#793 = AXIS2_PLACEMENT_3D ( 'NONE', #976, #1576, #1853 ) ;
#794 = ORIENTED_EDGE ( 'NONE', *, *, #629, .T. ) ;
#795 = EDGE_CURVE ( 'NONE', #2537, #175, #322, .T. ) ;
#796 = ORIENTED_EDGE ( 'NONE', *, *, #2538, .F. ) ;
#797 = DIRECTION ( 'NONE',  ( 0.000000000000000000, 1.000000000000000000, -0.000000000000000000 ) ) ;
#798 = VERTEX_POINT ( 'NONE', #337 ) ;
#800 = DIRECTION ( 'NONE',  ( 0.000000000000000000, -1.000000000000000000, 0.000000000000000000 ) ) ;
#799 = MECHANICAL_DESIGN_GEOMETRIC_PRESENTATION_REPRESENTATION (  '', ( #1996 ), #517 ) ;
#801 = CARTESIAN_POINT ( 'NONE',  ( 17.82619846573458489, -6.000000000000000000, -98.95833333333331439 ) ) ;
#802 = CIRCLE ( 'NONE', #2516, 5.000000000000004441 ) ;
#803 = CARTESIAN_POINT ( 'NONE',  ( 60.00000000000002842, 4.000000000000000000, -79.99999999999984368 ) ) ;
#804 = ORIENTED_EDGE ( 'NONE', *, *, #2142, .F. ) ;
#805 = DIRECTION ( 'NONE',  ( -0.000000000000000000, 1.000000000000000000, -0.000000000000000000 ) ) ;
#806 = CARTESIAN_POINT ( 'NONE',  ( 22.60879858375501428, -0.000000000000000000, -92.49999999999997158 ) ) ;
#807 = VERTEX_POINT ( 'NONE', #2534 ) ;
#808 = ORIENTED_EDGE ( 'NONE', *, *, #484, .T. ) ;
#809 = VERTEX_POINT ( 'NONE', #2773 ) ;
#810 = CARTESIAN_POINT ( 'NONE',  ( 100.0000000000000000, 0.000000000000000000, -83.49999999999998579 ) ) ;
#811 = ORIENTED_EDGE ( 'NONE', *, *, #2295, .F. ) ;
#812 = DIRECTION ( 'NONE',  ( -0.000000000000000000, 1.000000000000000000, -0.000000000000000000 ) ) ;
#813 = EDGE_CURVE ( 'NONE', #550, #2248, #2312, .T. ) ;
#814 = CARTESIAN_POINT ( 'NONE',  ( 38.54219012055751392, 14.00000000000000000, -92.49999999999997158 ) ) ;
#815 = CARTESIAN_POINT ( 'NONE',  ( 95.55555555555541503, -6.000000000000000000, -116.8513865595045047 ) ) ;
#816 = DIRECTION ( 'NONE',  ( 3.766744860274506299E-15, 0.000000000000000000, 1.000000000000000000 ) ) ;
#817 = ORIENTED_EDGE ( 'NONE', *, *, #2556, .F. ) ;
#818 = AXIS2_PLACEMENT_3D ( 'NONE', #871, #199, #2372 ) ;
#819 = FACE_OUTER_BOUND ( 'NONE', #1988, .T. ) ;
#820 = CYLINDRICAL_SURFACE ( 'NONE', #848, 4.999999999999997335 ) ;
#821 = DIRECTION ( 'NONE',  ( 0.000000000000000000, -1.000000000000000000, 0.000000000000000000 ) ) ;
#822 = AXIS2_PLACEMENT_3D ( 'NONE', #1484, #2186, #196 ) ;
#823 = DIRECTION ( 'NONE',  ( 0.000000000000000000, -1.000000000000000000, -0.000000000000000000 ) ) ;
#824 = ORIENTED_EDGE ( 'NONE', *, *, #1724, .F. ) ;
#825 = CYLINDRICAL_SURFACE ( 'NONE', #1185, 2.500000000000009326 ) ;
#826 = CIRCLE ( 'NONE', #2446, 4.999999999999997335 ) ;
#827 = ORIENTED_EDGE ( 'NONE', *, *, #1867, .F. ) ;
#828 = DIRECTION ( 'NONE',  ( -0.000000000000000000, 1.000000000000000000, -0.000000000000000000 ) ) ;
#829 = FACE_OUTER_BOUND ( 'NONE', #2433, .T. ) ;
#830 = DIRECTION ( 'NONE',  ( -0.000000000000000000, 1.000000000000000000, -0.000000000000000000 ) ) ;
#831 = EDGE_CURVE ( 'NONE', #1833, #2780, #468, .T. ) ;
#832 = EDGE_LOOP ( 'NONE', ( #1230, #2866 ) ) ;
#833 = ADVANCED_FACE ( 'NONE', ( #544 ), #774, .F. ) ;
#834 = VECTOR ( 'NONE', #2364, 1000.000000000000000 ) ;
#835 = FACE_OUTER_BOUND ( 'NONE', #192, .T. ) ;
#836 = LINE ( 'NONE', #2860, #562 ) ;
#837 = EDGE_LOOP ( 'NONE', ( #2237, #2468, #547, #796 ) ) ;
#838 = VECTOR ( 'NONE', #2006, 1000.000000000000000 ) ;
#839 = CIRCLE ( 'NONE', #1564, 2.599999999999991207 ) ;
#840 = CIRCLE ( 'NONE', #229, 5.000000000000004441 ) ;
#841 = ORIENTED_EDGE ( 'NONE', *, *, #2375, .T. ) ;
#842 = CIRCLE ( 'NONE', #2504, 10.00000000000000000 ) ;
#843 = DIRECTION ( 'NONE',  ( 0.000000000000000000, -1.000000000000000000, 0.000000000000000000 ) ) ;
#844 = DIRECTION ( 'NONE',  ( -0.000000000000000000, 1.000000000000000000, -0.000000000000000000 ) ) ;
#845 = ORIENTED_EDGE ( 'NONE', *, *, #346, .F. ) ;
#846 = VERTEX_POINT ( 'NONE', #1898 ) ;
#847 = FACE_OUTER_BOUND ( 'NONE', #891, .T. ) ;
#848 = AXIS2_PLACEMENT_3D ( 'NONE', #392, #1265, #1664 ) ;
#849 = EDGE_CURVE ( 'NONE', #1364, #2682, #1571, .T. ) ;
#850 = FACE_OUTER_BOUND ( 'NONE', #2129, .T. ) ;
#851 = CARTESIAN_POINT ( 'NONE',  ( 80.00000000000001421, -6.000000000000000000, -79.99999999999998579 ) ) ;
#852 = EDGE_CURVE ( 'NONE', #2388, #1763, #1891, .T. ) ;
#853 = VERTEX_POINT ( 'NONE', #806 ) ;
#854 = ORIENTED_EDGE ( 'NONE', *, *, #508, .F. ) ;
#855 = DIRECTION ( 'NONE',  ( 1.000000000000000000, 0.000000000000000000, -3.766744860274507877E-15 ) ) ;
#856 = CYLINDRICAL_SURFACE ( 'NONE', #1461, 5.000000000000000888 ) ;
#857 = ORIENTED_EDGE ( 'NONE', *, *, #2265, .F. ) ;
#858 = EDGE_LOOP ( 'NONE', ( #1849, #372, #993, #2219 ) ) ;
#859 = CARTESIAN_POINT ( 'NONE',  ( 38.54219012055751392, -0.000000000000000000, -92.49999999999997158 ) ) ;
#860 = CARTESIAN_POINT ( 'NONE',  ( 60.00000000000001421, -2.000000000000000000, -78.59999999999999432 ) ) ;
#861 = CARTESIAN_POINT ( 'NONE',  ( 67.50000000000018474, -6.000000000000000000, -38.54219012055743576 ) ) ;
#862 = EDGE_CURVE ( 'NONE', #1939, #2135, #1415, .T. ) ;
#863 = EDGE_CURVE ( 'NONE', #2854, #901, #1514, .T. ) ;
#864 = ORIENTED_EDGE ( 'NONE', *, *, #1344, .F. ) ;
#865 = FACE_OUTER_BOUND ( 'NONE', #1951, .T. ) ;
#866 = CARTESIAN_POINT ( 'NONE',  ( 160.0000000000000000, 14.00000000000000000, -10.00000000000000000 ) ) ;
#867 = AXIS2_PLACEMENT_3D ( 'NONE', #2717, #2214, #676 ) ;
#868 = LINE ( 'NONE', #634, #2676 ) ;
#869 = ORIENTED_EDGE ( 'NONE', *, *, #665, .T. ) ;
#870 = CIRCLE ( 'NONE', #405, 5.000000000000004441 ) ;
#871 = CARTESIAN_POINT ( 'NONE',  ( 10.00000000000000000, 14.00000000000000000, -149.9999999999999716 ) ) ;
#872 = DIRECTION ( 'NONE',  ( -0.000000000000000000, 1.000000000000000000, -0.000000000000000000 ) ) ;
#873 = VERTEX_POINT ( 'NONE', #380 ) ;
#874 = CARTESIAN_POINT ( 'NONE',  ( 95.55555555555541503, 14.00000000000000000, -116.8513865595045047 ) ) ;
#875 = ORIENTED_EDGE ( 'NONE', *, *, #412, .T. ) ;
#876 = CARTESIAN_POINT ( 'NONE',  ( 10.00000000000000000, 14.00000000000000000, -10.00000000000000888 ) ) ;
#877 = VERTEX_POINT ( 'NONE', #1202 ) ;
#878 = CIRCLE ( 'NONE', #789, 4.999999999999997335 ) ;
#879 = EDGE_CURVE ( 'NONE', #1533, #1790, #574, .T. ) ;
#880 = AXIS2_PLACEMENT_3D ( 'NONE', #1260, #2156, #2183 ) ;
#881 = DIRECTION ( 'NONE',  ( 0.000000000000000000, -1.000000000000000000, 0.000000000000000000 ) ) ;
#882 = EDGE_CURVE ( 'NONE', #2653, #1785, #2360, .T. ) ;
#883 = PLANE ( 'NONE',  #910 ) ;
#884 = CIRCLE ( 'NONE', #1944, 3.500000000000003109 ) ;
#885 = ORIENTED_EDGE ( 'NONE', *, *, #1166, .F. ) ;
#886 = FACE_BOUND ( 'NONE', #2830, .T. ) ;
#887 = CARTESIAN_POINT ( 'NONE',  ( 97.50000000000019895, -6.000000000000000000, -22.60879858375504270 ) ) ;
#888 = EDGE_LOOP ( 'NONE', ( #1876, #563, #2521, #1178 ) ) ;
#889 = AXIS2_PLACEMENT_3D ( 'NONE', #2633, #1280, #2857 ) ;
#890 = FACE_OUTER_BOUND ( 'NONE', #54, .T. ) ;
#891 = EDGE_LOOP ( 'NONE', ( #2302, #37, #1765, #113 ) ) ;
#892 = DIRECTION ( 'NONE',  ( 0.000000000000000000, 0.000000000000000000, -1.000000000000000000 ) ) ;
#893 = CARTESIAN_POINT ( 'NONE',  ( 60.00000000000001421, 4.000000000000000000, -79.99999999999998579 ) ) ;
#894 = CARTESIAN_POINT ( 'NONE',  ( 62.49999999999985789, 0.000000000000000000, -121.4578098794424363 ) ) ;
#895 = EDGE_LOOP ( 'NONE', ( #623, #300, #206, #2103 ) ) ;
#896 = EDGE_CURVE ( 'NONE', #907, #1533, #878, .T. ) ;
#897 = EDGE_CURVE ( 'NONE', #1763, #2388, #2498, .T. ) ;
#898 = DIRECTION ( 'NONE',  ( 0.000000000000000000, -1.000000000000000000, 0.000000000000000000 ) ) ;
#899 = DIRECTION ( 'NONE',  ( 1.000000000000000000, 0.000000000000000000, 0.000000000000000000 ) ) ;
#900 = CARTESIAN_POINT ( 'NONE',  ( 10.00000000000000000, 14.00000000000000000, -12.59999999999999964 ) ) ;
#901 = VERTEX_POINT ( 'NONE', #1446 ) ;
#902 = CIRCLE ( 'NONE', #2530, 3.500000000000016875 ) ;
#903 = CARTESIAN_POINT ( 'NONE',  ( 64.44444444444459918, 0.000000000000000000, -43.14861344049548109 ) ) ;
#904 = DIRECTION ( 'NONE',  ( -0.000000000000000000, 1.000000000000000000, -0.000000000000000000 ) ) ;
#905 = DIRECTION ( 'NONE',  ( 0.000000000000000000, -1.000000000000000000, 0.000000000000000000 ) ) ;
#906 = DIRECTION ( 'NONE',  ( 0.000000000000000000, 0.000000000000000000, 1.000000000000000000 ) ) ;
#907 = VERTEX_POINT ( 'NONE', #112 ) ;
#908 = FACE_BOUND ( 'NONE', #540, .T. ) ;
#909 = CARTESIAN_POINT ( 'NONE',  ( 89.99999999999997158, 4.000000000000000000, -97.32050807568873552 ) ) ;
#910 = AXIS2_PLACEMENT_3D ( 'NONE', #2628, #633, #1508 ) ;
#911 = CYLINDRICAL_SURFACE ( 'NONE', #1386, 65.00000000000001421 ) ;
#912 = EDGE_CURVE ( 'NONE', #1177, #2496, #351, .T. ) ;
#913 = EDGE_CURVE ( 'NONE', #386, #95, #367, .T. ) ;
#914 = ORIENTED_EDGE ( 'NONE', *, *, #1613, .T. ) ;
#915 = DIRECTION ( 'NONE',  ( 0.000000000000000000, 0.000000000000000000, -1.000000000000000000 ) ) ;
#916 = DIRECTION ( 'NONE',  ( 0.000000000000000000, -1.000000000000000000, 0.000000000000000000 ) ) ;
#917 = CARTESIAN_POINT ( 'NONE',  ( 150.0000000000000284, 0.000000000000000000, -152.6000000000000227 ) ) ;
#918 = CARTESIAN_POINT ( 'NONE',  ( 22.60879858375501428, 14.00000000000000000, -92.49999999999997158 ) ) ;
#919 = VECTOR ( 'NONE', #823, 1000.000000000000000 ) ;
#920 = FACE_OUTER_BOUND ( 'NONE', #2202, .T. ) ;
#921 = ORIENTED_EDGE ( 'NONE', *, *, #1360, .T. ) ;
#922 = CARTESIAN_POINT ( 'NONE',  ( 89.99999999999997158, 0.000000000000000000, -100.8205080756887497 ) ) ;
#923 = VECTOR ( 'NONE', #2445, 1000.000000000000000 ) ;
#924 = CARTESIAN_POINT ( 'NONE',  ( 0.000000000000000000, 0.000000000000000000, 0.000000000000000000 ) ) ;
#925 = CARTESIAN_POINT ( 'NONE',  ( 61.04166666666692720, -6.000000000000000000, -17.82619846573448541 ) ) ;
#926 = VECTOR ( 'NONE', #1598, 1000.000000000000000 ) ;
#927 = VERTEX_POINT ( 'NONE', #990 ) ;
#928 = CIRCLE ( 'NONE', #1331, 5.000000000000004441 ) ;
#929 = EDGE_CURVE ( 'NONE', #334, #325, #1697, .T. ) ;
#930 = DIRECTION ( 'NONE',  ( 3.228638451663862091E-15, 0.000000000000000000, 1.000000000000000000 ) ) ;
#931 = EDGE_CURVE ( 'NONE', #1838, #927, #2152, .T. ) ;
#932 = DIRECTION ( 'NONE',  ( -0.000000000000000000, 1.000000000000000000, -0.000000000000000000 ) ) ;
#933 = EDGE_CURVE ( 'NONE', #122, #787, #2758, .T. ) ;
#934 = CIRCLE ( 'NONE', #1295, 5.000000000000000888 ) ;
#935 = LINE ( 'NONE', #1157, #733 ) ;
#936 = DIRECTION ( 'NONE',  ( -0.000000000000000000, 1.000000000000000000, -0.000000000000000000 ) ) ;
#937 = CARTESIAN_POINT ( 'NONE',  ( 110.9732062370157735, 0.000000000000000000, -60.99326184219687264 ) ) ;
#938 = ORIENTED_EDGE ( 'NONE', *, *, #1673, .F. ) ;
#939 = DIRECTION ( 'NONE',  ( 0.000000000000000000, 0.000000000000000000, 1.000000000000000000 ) ) ;
#940 = DIRECTION ( 'NONE',  ( -0.000000000000000000, -1.000000000000000000, -0.000000000000000000 ) ) ;
#941 = ORIENTED_EDGE ( 'NONE', *, *, #2131, .F. ) ;
#942 = ORIENTED_EDGE ( 'NONE', *, *, #1739, .T. ) ;
#943 = DIRECTION ( 'NONE',  ( 0.000000000000000000, 1.000000000000000000, 0.000000000000000000 ) ) ;
#944 = CARTESIAN_POINT ( 'NONE',  ( 98.95833333333355597, 14.00000000000000000, -17.82619846573463818 ) ) ;
#945 = CYLINDRICAL_SURFACE ( 'NONE', #1563, 5.000000000000004441 ) ;
#946 = EDGE_CURVE ( 'NONE', #767, #2119, #1733, .T. ) ;
#947 = CARTESIAN_POINT ( 'NONE',  ( 10.00000000000000000, 0.000000000000000000, -12.59999999999999964 ) ) ;
#948 = VECTOR ( 'NONE', #1650, 1000.000000000000000 ) ;
#949 = ADVANCED_FACE ( 'NONE', ( #1061 ), #1987, .T. ) ;
#950 = VECTOR ( 'NONE', #1509, 1000.000000000000000 ) ;
#951 = DIRECTION ( 'NONE',  ( 0.000000000000000000, 0.000000000000000000, 1.000000000000000000 ) ) ;
#952 = DIRECTION ( 'NONE',  ( -0.000000000000000000, 1.000000000000000000, -0.000000000000000000 ) ) ;
#953 = CYLINDRICAL_SURFACE ( 'NONE', #2389, 1.399999999999998579 ) ;
#954 = CARTESIAN_POINT ( 'NONE',  ( 150.0000000000000000, 0.000000000000000000, -150.0000000000000000 ) ) ;
#955 = CARTESIAN_POINT ( 'NONE',  ( 64.44444444444459918, -6.000000000000000000, -43.14861344049547398 ) ) ;
#956 = VERTEX_POINT ( 'NONE', #1516 ) ;
#957 = ORIENTED_EDGE ( 'NONE', *, *, #204, .F. ) ;
#958 = AXIS2_PLACEMENT_3D ( 'NONE', #1454, #1209, #119 ) ;
#959 = DIRECTION ( 'NONE',  ( 3.228638451663862091E-15, 0.000000000000000000, 1.000000000000000000 ) ) ;
#960 = FACE_OUTER_BOUND ( 'NONE', #2077, .T. ) ;
#961 = ORIENTED_EDGE ( 'NONE', *, *, #2879, .F. ) ;
#962 = DIRECTION ( 'NONE',  ( -0.000000000000000000, -1.000000000000000000, -0.000000000000000000 ) ) ;
#963 = EDGE_CURVE ( 'NONE', #1357, #2388, #441, .T. ) ;
#964 = EDGE_CURVE ( 'NONE', #2150, #2119, #840, .T. ) ;
#965 = ORIENTED_EDGE ( 'NONE', *, *, #1723, .T. ) ;
#966 = DIRECTION ( 'NONE',  ( -0.000000000000000000, 1.000000000000000000, -0.000000000000000000 ) ) ;
#967 = ORIENTED_EDGE ( 'NONE', *, *, #721, .T. ) ;
#968 = CARTESIAN_POINT ( 'NONE',  ( 0.000000000000000000, 14.00000000000000000, -10.00000000000000000 ) ) ;
#969 = DIRECTION ( 'NONE',  ( 0.000000000000000000, 0.000000000000000000, 1.000000000000000000 ) ) ;
#970 = CARTESIAN_POINT ( 'NONE',  ( 62.49999999999985789, 14.00000000000000000, -121.4578098794424363 ) ) ;
#971 = ORIENTED_EDGE ( 'NONE', *, *, #453, .F. ) ;
#972 = EDGE_LOOP ( 'NONE', ( #2422, #2708, #2196, #2725 ) ) ;
#973 = CARTESIAN_POINT ( 'NONE',  ( 69.99999999999992895, 0.000000000000000000, -97.32050807568873552 ) ) ;
#974 = CIRCLE ( 'NONE', #186, 5.000000000000004441 ) ;
#975 = DIRECTION ( 'NONE',  ( -0.000000000000000000, -1.000000000000000000, -0.000000000000000000 ) ) ;
#976 = CARTESIAN_POINT ( 'NONE',  ( 62.50000000000023448, 0.000000000000000000, -22.60879858375491835 ) ) ;
#977 = ORIENTED_EDGE ( 'NONE', *, *, #2556, .T. ) ;
#978 = ORIENTED_EDGE ( 'NONE', *, *, #2442, .T. ) ;
#979 = CIRCLE ( 'NONE', #2278, 5.000000000000004441 ) ;
#980 = VERTEX_POINT ( 'NONE', #874 ) ;
#981 = FACE_OUTER_BOUND ( 'NONE', #2401, .T. ) ;
#982 = CARTESIAN_POINT ( 'NONE',  ( 90.00000000000022737, 4.000000000000000000, -62.67949192431134264 ) ) ;
#983 = CARTESIAN_POINT ( 'NONE',  ( 22.60879858375501428, 14.00000000000000000, -97.49999999999997158 ) ) ;
#984 = LINE ( 'NONE', #955, #567 ) ;
#985 = EDGE_LOOP ( 'NONE', ( #1929, #2693, #148, #152 ) ) ;
#986 = EDGE_LOOP ( 'NONE', ( #2760, #978 ) ) ;
#987 = EDGE_CURVE ( 'NONE', #2649, #1196, #464, .T. ) ;
#988 = FACE_OUTER_BOUND ( 'NONE', #895, .T. ) ;
#989 = CARTESIAN_POINT ( 'NONE',  ( 89.99999999999997158, 4.000000000000000000, -93.82050807568872131 ) ) ;
#990 = CARTESIAN_POINT ( 'NONE',  ( 150.0000000000000000, 0.000000000000000000, -160.0000000000000000 ) ) ;
#991 = ORIENTED_EDGE ( 'NONE', *, *, #1416, .T. ) ;
#992 = ORIENTED_EDGE ( 'NONE', *, *, #645, .F. ) ;
#993 = ORIENTED_EDGE ( 'NONE', *, *, #566, .T. ) ;
#994 = CARTESIAN_POINT ( 'NONE',  ( 137.3912014162449964, 14.00000000000000000, -67.50000000000000000 ) ) ;
#995 = VERTEX_POINT ( 'NONE', #3 ) ;
#996 = FACE_BOUND ( 'NONE', #832, .T. ) ;
#997 = VECTOR ( 'NONE', #962, 1000.000000000000000 ) ;
#998 = CARTESIAN_POINT ( 'NONE',  ( 69.99999999999992895, 0.000000000000000000, -97.32050807568873552 ) ) ;
#999 = DIRECTION ( 'NONE',  ( 0.000000000000000000, 0.000000000000000000, -1.000000000000000000 ) ) ;
#1000 = VERTEX_POINT ( 'NONE', #202 ) ;
#1001 = ORIENTED_EDGE ( 'NONE', *, *, #2011, .T. ) ;
#1002 = PLANE ( 'NONE',  #2111 ) ;
#1003 = PRODUCT_RELATED_PRODUCT_CATEGORY ( 'part', '', ( #2646 ) ) ;
#1004 = ADVANCED_FACE ( 'NONE', ( #890 ), #1310, .F. ) ;
#1005 = DIRECTION ( 'NONE',  ( -0.000000000000000000, 1.000000000000000000, -0.000000000000000000 ) ) ;
#1006 = ORIENTED_EDGE ( 'NONE', *, *, #792, .T. ) ;
#1007 = CIRCLE ( 'NONE', #2634, 3.500000000000003109 ) ;
#1008 = ORIENTED_EDGE ( 'NONE', *, *, #1206, .F. ) ;
#1009 = CIRCLE ( 'NONE', #2124, 2.500000000000015987 ) ;
#1010 = ORIENTED_EDGE ( 'NONE', *, *, #1398, .T. ) ;
#1011 = DIRECTION ( 'NONE',  ( 0.000000000000000000, 1.000000000000000000, 0.000000000000000000 ) ) ;
#1012 = EDGE_LOOP ( 'NONE', ( #1503, #231, #2355, #2870 ) ) ;
#1013 = FACE_BOUND ( 'NONE', #2589, .T. ) ;
#1014 = DIRECTION ( 'NONE',  ( 0.000000000000000000, 1.000000000000000000, 0.000000000000000000 ) ) ;
#1015 = ORIENTED_EDGE ( 'NONE', *, *, #2403, .F. ) ;
#1016 = ORIENTED_EDGE ( 'NONE', *, *, #1418, .T. ) ;
#1017 = CARTESIAN_POINT ( 'NONE',  ( 0.000000000000000000, -0.000000000000000000, -92.49999999999997158 ) ) ;
#1018 = CIRCLE ( 'NONE', #2734, 3.500000000000016875 ) ;
#1019 = CARTESIAN_POINT ( 'NONE',  ( 95.55555555555567082, -6.000000000000000000, -43.14861344049557346 ) ) ;
#1020 = AXIS2_PLACEMENT_3D ( 'NONE', #1548, #18, #246 ) ;
#1021 = VERTEX_POINT ( 'NONE', #2669 ) ;
#1022 = CIRCLE ( 'NONE', #745, 3.500000000000016875 ) ;
#1023 = ORIENTED_EDGE ( 'NONE', *, *, #2318, .F. ) ;
#1024 = EDGE_CURVE ( 'NONE', #1587, #2653, #1297, .T. ) ;
#1025 = EDGE_CURVE ( 'NONE', #2334, #1763, #836, .T. ) ;
#1026 = ORIENTED_EDGE ( 'NONE', *, *, #1631, .F. ) ;
#1027 = DIRECTION ( 'NONE',  ( -0.000000000000000000, 1.000000000000000000, -0.000000000000000000 ) ) ;
#1028 = ORIENTED_EDGE ( 'NONE', *, *, #1227, .T. ) ;
#1030 = FACE_BOUND ( 'NONE', #2085, .T. ) ;
#1029 = VECTOR ( 'NONE', #2190, 1000.000000000000000 ) ;
#1031 = DIRECTION ( 'NONE',  ( -0.000000000000000000, 1.000000000000000000, -0.000000000000000000 ) ) ;
#1032 = DIRECTION ( 'NONE',  ( 0.000000000000000000, 0.000000000000000000, 1.000000000000000000 ) ) ;
#1033 = VECTOR ( 'NONE', #1163, 1000.000000000000000 ) ;
#1034 = ORIENTED_EDGE ( 'NONE', *, *, #421, .F. ) ;
#1035 = VERTEX_POINT ( 'NONE', #657 ) ;
#1036 = LINE ( 'NONE', #1630, #671 ) ;
#1037 = DIRECTION ( 'NONE',  ( 0.000000000000000000, 0.000000000000000000, -1.000000000000000000 ) ) ;
#1038 = EDGE_LOOP ( 'NONE', ( #2749, #58, #1683, #1912 ) ) ;
#1039 = EDGE_CURVE ( 'NONE', #1789, #353, #617, .T. ) ;
#1040 = FACE_OUTER_BOUND ( 'NONE', #2464, .T. ) ;
#1041 = ORIENTED_EDGE ( 'NONE', *, *, #1378, .T. ) ;
#1042 = DIRECTION ( 'NONE',  ( 0.000000000000000000, 0.000000000000000000, -1.000000000000000000 ) ) ;
#1043 = DIRECTION ( 'NONE',  ( 0.000000000000000000, 0.000000000000000000, -1.000000000000000000 ) ) ;
#1044 = VERTEX_POINT ( 'NONE', #640 ) ;
#1045 = ORIENTED_EDGE ( 'NONE', *, *, #1379, .F. ) ;
#1046 = CIRCLE ( 'NONE', #587, 2.599999999999991207 ) ;
#1047 = CARTESIAN_POINT ( 'NONE',  ( 70.00000000000017053, 0.000000000000000000, -62.67949192431112948 ) ) ;
#1048 = CARTESIAN_POINT ( 'NONE',  ( 100.0000000000000000, -2.000000000000000000, -81.39999999999983515 ) ) ;
#1049 = ORIENTED_EDGE ( 'NONE', *, *, #1326, .T. ) ;
#1050 = CIRCLE ( 'NONE', #2487, 1.400000000000012346 ) ;
#1051 = ORIENTED_EDGE ( 'NONE', *, *, #2578, .F. ) ;
#1052 = PLANE ( 'NONE',  #642 ) ;
#1053 = VECTOR ( 'NONE', #2113, 1000.000000000000000 ) ;
#1054 = EDGE_CURVE ( 'NONE', #2002, #333, #1429, .T. ) ;
#1055 = DIRECTION ( 'NONE',  ( -0.000000000000000000, 1.000000000000000000, -0.000000000000000000 ) ) ;
#1056 = ORIENTED_EDGE ( 'NONE', *, *, #324, .F. ) ;
#1057 = ORIENTED_EDGE ( 'NONE', *, *, #1708, .F. ) ;
#1058 = EDGE_CURVE ( 'NONE', #1728, #1837, #928, .T. ) ;
#1059 = DIRECTION ( 'NONE',  ( 0.000000000000000000, -1.000000000000000000, 0.000000000000000000 ) ) ;
#1060 = CARTESIAN_POINT ( 'NONE',  ( 38.54219012055751392, -0.000000000000000000, -67.50000000000000000 ) ) ;
#1061 = FACE_OUTER_BOUND ( 'NONE', #985, .T. ) ;
#1062 = AXIS2_PLACEMENT_3D ( 'NONE', #456, #257, #2005 ) ;
#1063 = DIRECTION ( 'NONE',  ( 0.000000000000000000, 0.000000000000000000, -1.000000000000000000 ) ) ;
#1064 = CIRCLE ( 'NONE', #1845, 5.000000000000004441 ) ;
#1065 = CARTESIAN_POINT ( 'NONE',  ( 80.00000000000001421, 14.00000000000000000, -79.99999999999998579 ) ) ;
#1066 = ORIENTED_EDGE ( 'NONE', *, *, #600, .F. ) ;
#1067 = AXIS2_PLACEMENT_3D ( 'NONE', #1677, #2102, #332 ) ;
#1068 = ORIENTED_EDGE ( 'NONE', *, *, #1206, .T. ) ;
#1069 = DIRECTION ( 'NONE',  ( -0.000000000000000000, 1.000000000000000000, -0.000000000000000000 ) ) ;
#1070 = AXIS2_PLACEMENT_3D ( 'NONE', #2846, #1722, #2692 ) ;
#1071 = LINE ( 'NONE', #639, #1756 ) ;
#1072 = EDGE_CURVE ( 'NONE', #353, #1333, #2563, .T. ) ;
#1073 = ADVANCED_FACE ( 'NONE', ( #2194 ), #217, .F. ) ;
#1074 = DIRECTION ( 'NONE',  ( 0.000000000000000000, 1.000000000000000000, 0.000000000000000000 ) ) ;
#1075 = DIRECTION ( 'NONE',  ( -0.000000000000000000, 1.000000000000000000, -0.000000000000000000 ) ) ;
#1076 = DIRECTION ( 'NONE',  ( 0.000000000000000000, 0.000000000000000000, 1.000000000000000000 ) ) ;
#1077 = CARTESIAN_POINT ( 'NONE',  ( 22.60879858375501428, -0.000000000000000000, -67.50000000000000000 ) ) ;
#1078 = VERTEX_POINT ( 'NONE', #2222 ) ;
#1079 = CYLINDRICAL_SURFACE ( 'NONE', #1203, 3.500000000000003109 ) ;
#1080 = FACE_BOUND ( 'NONE', #2284, .T. ) ;
#1081 = CARTESIAN_POINT ( 'NONE',  ( 0.000000000000000000, 14.00000000000000000, -150.0000000000000000 ) ) ;
#1082 = VECTOR ( 'NONE', #1471, 1000.000000000000000 ) ;
#1083 = ORIENTED_EDGE ( 'NONE', *, *, #736, .T. ) ;
#1084 = EDGE_CURVE ( 'NONE', #263, #514, #1287, .T. ) ;
#1085 = CIRCLE ( 'NONE', #2820, 2.600000000000019185 ) ;
#1086 = EDGE_CURVE ( 'NONE', #995, #853, #1064, .T. ) ;
#1087 = DIRECTION ( 'NONE',  ( 0.000000000000000000, 0.000000000000000000, 1.000000000000000000 ) ) ;
#1088 = CARTESIAN_POINT ( 'NONE',  ( 80.00000000000001421, 0.000000000000000000, -79.99999999999998579 ) ) ;
#1089 = ORIENTED_EDGE ( 'NONE', *, *, #348, .F. ) ;
#1090 = DIRECTION ( 'NONE',  ( 0.000000000000000000, -1.000000000000000000, 0.000000000000000000 ) ) ;
#1091 = CARTESIAN_POINT ( 'NONE',  ( 150.0000000000000284, -6.000000000000000000, -10.00000000000000888 ) ) ;
#1092 = VECTOR ( 'NONE', #2405, 1000.000000000000000 ) ;
#1093 = CARTESIAN_POINT ( 'NONE',  ( 67.50000000000024158, 14.00000000000000000, -22.60879858375493612 ) ) ;
#1094 = VERTEX_POINT ( 'NONE', #1359 ) ;
#1095 = FACE_BOUND ( 'NONE', #1770, .T. ) ;
#1096 = CARTESIAN_POINT ( 'NONE',  ( 92.49999999999978684, 14.00000000000000000, -137.3912014162450248 ) ) ;
#1097 = VERTEX_POINT ( 'NONE', #922 ) ;
#1098 = AXIS2_PLACEMENT_3D ( 'NONE', #1621, #1871, #2775 ) ;
#1099 = ORIENTED_EDGE ( 'NONE', *, *, #1972, .T. ) ;
#1100 = CARTESIAN_POINT ( 'NONE',  ( 0.000000000000000000, 14.00000000000000000, -67.50000000000000000 ) ) ;
#1101 = ORIENTED_EDGE ( 'NONE', *, *, #2234, .T. ) ;
#1102 = DIRECTION ( 'NONE',  ( 0.000000000000000000, -1.000000000000000000, 0.000000000000000000 ) ) ;
#1103 = AXIS2_PLACEMENT_3D ( 'NONE', #1388, #2286, #292 ) ;
#1104 = CARTESIAN_POINT ( 'NONE',  ( 97.49999999999984368, -6.000000000000000000, -121.4578098794425642 ) ) ;
#1105 = EDGE_CURVE ( 'NONE', #2042, #2153, #974, .T. ) ;
#1106 = ADVANCED_FACE ( 'NONE', ( #500 ), #708, .F. ) ;
#1107 = AXIS2_PLACEMENT_3D ( 'NONE', #851, #628, #1971 ) ;
#1108 = CIRCLE ( 'NONE', #1244, 65.00000000000002842 ) ;
#1109 = DIRECTION ( 'NONE',  ( 0.000000000000000000, 0.000000000000000000, -1.000000000000000000 ) ) ;
#1110 = ORIENTED_EDGE ( 'NONE', *, *, #2554, .T. ) ;
#1111 = DIRECTION ( 'NONE',  ( -0.000000000000000000, 1.000000000000000000, -0.000000000000000000 ) ) ;
#1112 = CARTESIAN_POINT ( 'NONE',  ( 17.82619846573459910, 14.00000000000000000, -61.04166666666665719 ) ) ;
#1113 = PLANE ( 'NONE',  #1070 ) ;
#1114 = ORIENTED_EDGE ( 'NONE', *, *, #1580, .F. ) ;
#1115 = ORIENTED_EDGE ( 'NONE', *, *, #1189, .T. ) ;
#1116 = AXIS2_PLACEMENT_3D ( 'NONE', #757, #120, #999 ) ;
#1117 = DIRECTION ( 'NONE',  ( -0.000000000000000000, 1.000000000000000000, -0.000000000000000000 ) ) ;
#1118 = LINE ( 'NONE', #260, #2835 ) ;
#1119 = ADVANCED_FACE ( 'NONE', ( #1597 ), #1346, .F. ) ;
#1120 = FACE_OUTER_BOUND ( 'NONE', #101, .T. ) ;
#1121 = ORIENTED_EDGE ( 'NONE', *, *, #398, .F. ) ;
#1122 = DIRECTION ( 'NONE',  ( -1.000000000000000000, 0.000000000000000000, 0.000000000000000000 ) ) ;
#1123 = DIRECTION ( 'NONE',  ( 0.000000000000000000, 0.000000000000000000, -1.000000000000000000 ) ) ;
#1124 = CARTESIAN_POINT ( 'NONE',  ( 97.50000000000019895, 14.00000000000000000, -22.60879858375504270 ) ) ;
#1125 = DIRECTION ( 'NONE',  ( -0.000000000000000000, 1.000000000000000000, -0.000000000000000000 ) ) ;
#1126 = ORIENTED_EDGE ( 'NONE', *, *, #548, .F. ) ;
#1127 = AXIS2_PLACEMENT_3D ( 'NONE', #2204, #212, #2884 ) ;
#1128 = DIRECTION ( 'NONE',  ( -0.000000000000000000, 1.000000000000000000, -0.000000000000000000 ) ) ;
#1129 = CARTESIAN_POINT ( 'NONE',  ( 0.000000000000000000, -6.000000000000000000, -67.50000000000000000 ) ) ;
#1130 =( LENGTH_UNIT ( ) NAMED_UNIT ( * ) SI_UNIT ( .MILLI., .METRE. ) );
#1131 = FACE_OUTER_BOUND ( 'NONE', #2449, .T. ) ;
#1132 = ORIENTED_EDGE ( 'NONE', *, *, #383, .F. ) ;
#1133 = EDGE_CURVE ( 'NONE', #1357, #2334, #2033, .T. ) ;
#1134 = CARTESIAN_POINT ( 'NONE',  ( 90.00000000000022737, 4.000000000000000000, -62.67949192431134264 ) ) ;
#1135 = DIRECTION ( 'NONE',  ( 0.000000000000000000, 1.000000000000000000, -0.000000000000000000 ) ) ;
#1136 = AXIS2_PLACEMENT_3D ( 'NONE', #983, #2799, #2367 ) ;
#1137 = FACE_OUTER_BOUND ( 'NONE', #2109, .T. ) ;
#1138 = ORIENTED_EDGE ( 'NONE', *, *, #2234, .F. ) ;
#1139 = EDGE_CURVE ( 'NONE', #1385, #2574, #2507, .T. ) ;
#1140 = AXIS2_PLACEMENT_3D ( 'NONE', #1372, #1781, #474 ) ;
#1141 = DIRECTION ( 'NONE',  ( 0.000000000000000000, 0.000000000000000000, -1.000000000000000000 ) ) ;
#1142 = CARTESIAN_POINT ( 'NONE',  ( 121.4578098794425216, 0.000000000000000000, -92.49999999999997158 ) ) ;
#1143 = DIRECTION ( 'NONE',  ( 0.000000000000000000, 0.000000000000000000, 1.000000000000000000 ) ) ;
#1144 = CARTESIAN_POINT ( 'NONE',  ( 62.50000000000016342, -6.000000000000000000, -38.54219012055741445 ) ) ;
#1145 = DIRECTION ( 'NONE',  ( -0.000000000000000000, 1.000000000000000000, -0.000000000000000000 ) ) ;
#1146 = ORIENTED_EDGE ( 'NONE', *, *, #632, .F. ) ;
#1147 = DIRECTION ( 'NONE',  ( 0.000000000000000000, -1.000000000000000000, 0.000000000000000000 ) ) ;
#1148 = AXIS2_PLACEMENT_3D ( 'NONE', #1821, #746, #512 ) ;
#1149 = CARTESIAN_POINT ( 'NONE',  ( 70.00000000000005684, 4.000000000000000000, -97.32050807568879236 ) ) ;
#1150 = DIRECTION ( 'NONE',  ( 0.000000000000000000, 1.000000000000000000, 0.000000000000000000 ) ) ;
#1151 = CIRCLE ( 'NONE', #417, 10.00000000000000888 ) ;
#1152 = ORIENTED_EDGE ( 'NONE', *, *, #1360, .F. ) ;
#1153 = ADVANCED_FACE ( 'NONE', ( #38 ), #2719, .F. ) ;
#1154 = CIRCLE ( 'NONE', #1901, 3.500000000000003109 ) ;
#1155 = DIRECTION ( 'NONE',  ( -0.000000000000000000, 1.000000000000000000, -0.000000000000000000 ) ) ;
#1156 = VECTOR ( 'NONE', #424, 1000.000000000000000 ) ;
#1157 = CARTESIAN_POINT ( 'NONE',  ( 0.000000000000000000, 14.00000000000000000, -92.49999999999997158 ) ) ;
#1158 = CARTESIAN_POINT ( 'NONE',  ( 121.4578098794425216, -6.000000000000000000, -67.50000000000000000 ) ) ;
#1159 = DIRECTION ( 'NONE',  ( 0.000000000000000000, 0.000000000000000000, -1.000000000000000000 ) ) ;
#1160 = ORIENTED_EDGE ( 'NONE', *, *, #439, .F. ) ;
#1161 = CYLINDRICAL_SURFACE ( 'NONE', #323, 1.400000000000012346 ) ;
#1162 = CARTESIAN_POINT ( 'NONE',  ( 80.00000000000001421, -6.000000000000000000, -79.99999999999998579 ) ) ;
#1163 = DIRECTION ( 'NONE',  ( -0.000000000000000000, 1.000000000000000000, -0.000000000000000000 ) ) ;
#1164 = ORIENTED_EDGE ( 'NONE', *, *, #1418, .F. ) ;
#1165 = ORIENTED_EDGE ( 'NONE', *, *, #1867, .T. ) ;
#1166 = EDGE_CURVE ( 'NONE', #333, #2002, #2226, .T. ) ;
#1167 = EDGE_CURVE ( 'NONE', #776, #2622, #2844, .T. ) ;
#1168 = DIRECTION ( 'NONE',  ( 0.000000000000000000, 0.000000000000000000, -1.000000000000000000 ) ) ;
#1169 = VERTEX_POINT ( 'NONE', #2750 ) ;
#1170 = CARTESIAN_POINT ( 'NONE',  ( 121.4578098794425216, 0.000000000000000000, -62.50000000000000000 ) ) ;
#1171 = CIRCLE ( 'NONE', #2817, 65.00000000000001421 ) ;
#1172 = CARTESIAN_POINT ( 'NONE',  ( 60.00000000000001421, 14.00000000000000000, -79.99999999999998579 ) ) ;
#1173 = VERTEX_POINT ( 'NONE', #282 ) ;
#1174 = DIRECTION ( 'NONE',  ( 0.000000000000000000, 0.000000000000000000, 1.000000000000000000 ) ) ;
#1175 = CARTESIAN_POINT ( 'NONE',  ( 10.00000000000000000, 0.000000000000000000, -160.0000000000000000 ) ) ;
#1176 = CARTESIAN_POINT ( 'NONE',  ( 43.14861344049555925, 0.000000000000000000, -64.44444444444444287 ) ) ;
#1177 = VERTEX_POINT ( 'NONE', #2478 ) ;
#1178 = ORIENTED_EDGE ( 'NONE', *, *, #398, .T. ) ;
#1179 = ADVANCED_FACE ( 'NONE', ( #1334 ), #1161, .F. ) ;
#1180 = DIRECTION ( 'NONE',  ( 0.000000000000000000, 0.000000000000000000, -1.000000000000000000 ) ) ;
#1181 = DIRECTION ( 'NONE',  ( 0.000000000000000000, -1.000000000000000000, 0.000000000000000000 ) ) ;
#1182 = CARTESIAN_POINT ( 'NONE',  ( 150.0000000000000000, 14.00000000000000000, -10.00000000000000000 ) ) ;
#1183 = ORIENTED_EDGE ( 'NONE', *, *, #2421, .F. ) ;
#1184 = ORIENTED_EDGE ( 'NONE', *, *, #1458, .F. ) ;
#1185 = AXIS2_PLACEMENT_3D ( 'NONE', #2686, #63, #2673 ) ;
#1186 = ORIENTED_EDGE ( 'NONE', *, *, #1593, .F. ) ;
#1187 = EDGE_CURVE ( 'NONE', #386, #263, #25, .T. ) ;
#1188 = CARTESIAN_POINT ( 'NONE',  ( 97.50000000000019895, -6.000000000000000000, -17.60879858375504270 ) ) ;
#1189 = EDGE_CURVE ( 'NONE', #1409, #2135, #84, .T. ) ;
#1190 = ORIENTED_EDGE ( 'NONE', *, *, #171, .T. ) ;
#1191 = CARTESIAN_POINT ( 'NONE',  ( 69.99999999999992895, 0.000000000000000000, -100.8205080756887355 ) ) ;
#1192 = CYLINDRICAL_SURFACE ( 'NONE', #1974, 1.399999999999998579 ) ;
#1193 = CARTESIAN_POINT ( 'NONE',  ( 92.50000000000019895, 0.000000000000000000, -22.60879858375502494 ) ) ;
#1194 = VECTOR ( 'NONE', #1090, 1000.000000000000000 ) ;
#1195 = EDGE_LOOP ( 'NONE', ( #1345, #2314 ) ) ;
#1196 = VERTEX_POINT ( 'NONE', #2450 ) ;
#1197 = CIRCLE ( 'NONE', #2503, 2.600000000000017408 ) ;
#1198 = CARTESIAN_POINT ( 'NONE',  ( 100.0000000000000000, 14.00000000000000000, -81.39999999999983515 ) ) ;
#1199 = VECTOR ( 'NONE', #1353, 1000.000000000000000 ) ;
#1200 = AXIS2_PLACEMENT_3D ( 'NONE', #724, #1374, #520 ) ;
#1201 = FACE_OUTER_BOUND ( 'NONE', #1253, .T. ) ;
#1202 = CARTESIAN_POINT ( 'NONE',  ( 61.04166666666645114, 0.000000000000000000, -142.1738015342653512 ) ) ;
#1203 = AXIS2_PLACEMENT_3D ( 'NONE', #2216, #226, #1914 ) ;
#1204 = ORIENTED_EDGE ( 'NONE', *, *, #203, .F. ) ;
#1205 = CARTESIAN_POINT ( 'NONE',  ( 137.3912014162449964, -6.000000000000000000, -92.49999999999997158 ) ) ;
#1206 = EDGE_CURVE ( 'NONE', #1952, #95, #460, .T. ) ;
#1207 = DIRECTION ( 'NONE',  ( 0.000000000000000000, -1.000000000000000000, 0.000000000000000000 ) ) ;
#1208 = ADVANCED_FACE ( 'NONE', ( #908, #1786, #2690, #2351, #1013, #783, #996, #2797, #2543, #535, #1439, #2577, #1422, #581, #358, #149, #1030 ), #2763, .T. ) ;
#1209 = DIRECTION ( 'NONE',  ( 0.000000000000000000, -1.000000000000000000, 0.000000000000000000 ) ) ;
#1210 = EDGE_LOOP ( 'NONE', ( #2383, #2342, #1186, #2747 ) ) ;
#1211 = ORIENTED_EDGE ( 'NONE', *, *, #2714, .T. ) ;
#1212 = CARTESIAN_POINT ( 'NONE',  ( 38.54219012055751392, 14.00000000000000000, -67.50000000000000000 ) ) ;
#1213 = CYLINDRICAL_SURFACE ( 'NONE', #1517, 3.500000000000016875 ) ;
#1214 = DIRECTION ( 'NONE',  ( 0.000000000000000000, -1.000000000000000000, 0.000000000000000000 ) ) ;
#1215 = ORIENTED_EDGE ( 'NONE', *, *, #795, .F. ) ;
#1216 = ORIENTED_EDGE ( 'NONE', *, *, #2011, .F. ) ;
#1217 = LINE ( 'NONE', #1188, #1366 ) ;
#1218 = VERTEX_POINT ( 'NONE', #2147 ) ;
#1219 = DIRECTION ( 'NONE',  ( 0.000000000000000000, 0.000000000000000000, 1.000000000000000000 ) ) ;
#1220 = CIRCLE ( 'NONE', #2155, 3.500000000000003109 ) ;
#1221 = CARTESIAN_POINT ( 'NONE',  ( 67.49999999999981526, 14.00000000000000000, -137.3912014162449395 ) ) ;
#1222 = ADVANCED_FACE ( 'NONE', ( #1892, #162 ), #329, .T. ) ;
#1223 = ORIENTED_EDGE ( 'NONE', *, *, #879, .T. ) ;
#1224 = EDGE_LOOP ( 'NONE', ( #1056, #2591, #2546, #1719 ) ) ;
#1225 = CARTESIAN_POINT ( 'NONE',  ( 137.3912014162449964, 0.000000000000000000, -62.50000000000000000 ) ) ;
#1226 = EDGE_CURVE ( 'NONE', #1078, #2854, #2319, .T. ) ;
#1227 = EDGE_CURVE ( 'NONE', #1173, #2248, #1840, .T. ) ;
#1228 = CARTESIAN_POINT ( 'NONE',  ( 92.50000000000027001, 0.000000000000000000, -3.484238995753930791E-13 ) ) ;
#1229 = ORIENTED_EDGE ( 'NONE', *, *, #963, .F. ) ;
#1230 = ORIENTED_EDGE ( 'NONE', *, *, #2787, .F. ) ;
#1231 = VECTOR ( 'NONE', #966, 1000.000000000000000 ) ;
#1232 = DIRECTION ( 'NONE',  ( 0.000000000000000000, 0.000000000000000000, 1.000000000000000000 ) ) ;
#1233 = ORIENTED_EDGE ( 'NONE', *, *, #508, .T. ) ;
#1234 = PLANE ( 'NONE',  #180 ) ;
#1235 = FACE_OUTER_BOUND ( 'NONE', #1625, .T. ) ;
#1236 = DIRECTION ( 'NONE',  ( -0.000000000000000000, 1.000000000000000000, -0.000000000000000000 ) ) ;
#1237 = ORIENTED_EDGE ( 'NONE', *, *, #897, .F. ) ;
#1238 = ORIENTED_EDGE ( 'NONE', *, *, #1342, .F. ) ;
#1239 = LINE ( 'NONE', #557, #2015 ) ;
#1240 = CIRCLE ( 'NONE', #1977, 1.399999999999998579 ) ;
#1241 = ADVANCED_FACE ( 'NONE', ( #2086, #553 ), #1234, .T. ) ;
#1242 = DIRECTION ( 'NONE',  ( 0.000000000000000000, 0.000000000000000000, -1.000000000000000000 ) ) ;
#1243 = ADVANCED_FACE ( 'NONE', ( #2100 ), #1908, .F. ) ;
#1244 = AXIS2_PLACEMENT_3D ( 'NONE', #1088, #1560, #1792 ) ;
#1245 = CIRCLE ( 'NONE', #96, 1.399999999999998579 ) ;
#1246 = ORIENTED_EDGE ( 'NONE', *, *, #2338, .T. ) ;
#1247 = FACE_OUTER_BOUND ( 'NONE', #2801, .T. ) ;
#1248 = VERTEX_POINT ( 'NONE', #568 ) ;
#1250 = CARTESIAN_POINT ( 'NONE',  ( 69.99999999999981526, -2.000000000000000000, -62.67949192431131422 ) ) ;
#1249 = VECTOR ( 'NONE', #1111, 1000.000000000000000 ) ;
#1251 = LINE ( 'NONE', #1861, #1882 ) ;
#1252 = VECTOR ( 'NONE', #522, 1000.000000000000000 ) ;
#1253 = EDGE_LOOP ( 'NONE', ( #418, #1322, #2836, #83 ) ) ;
#1254 = ORIENTED_EDGE ( 'NONE', *, *, #425, .T. ) ;
#1255 = DIRECTION ( 'NONE',  ( 0.000000000000000000, -1.000000000000000000, 0.000000000000000000 ) ) ;
#1256 = DIRECTION ( 'NONE',  ( 3.766744860274507877E-15, 0.000000000000000000, 1.000000000000000000 ) ) ;
#1257 = ORIENTED_EDGE ( 'NONE', *, *, #2510, .T. ) ;
#1258 = EDGE_CURVE ( 'NONE', #531, #782, #647, .T. ) ;
#1259 = ORIENTED_EDGE ( 'NONE', *, *, #2848, .T. ) ;
#1260 = CARTESIAN_POINT ( 'NONE',  ( 10.00000000000000000, -6.000000000000000000, -10.00000000000000888 ) ) ;
#1261 = CARTESIAN_POINT ( 'NONE',  ( 62.50000000000016342, 14.00000000000000000, -38.54219012055741445 ) ) ;
#1262 = ORIENTED_EDGE ( 'NONE', *, *, #929, .F. ) ;
#1263 = VERTEX_POINT ( 'NONE', #342 ) ;
#1264 = AXIS2_PLACEMENT_3D ( 'NONE', #2424, #1930, #436 ) ;
#1265 = DIRECTION ( 'NONE',  ( -0.000000000000000000, 1.000000000000000000, -0.000000000000000000 ) ) ;
#1266 = FACE_OUTER_BOUND ( 'NONE', #571, .T. ) ;
#1267 = CIRCLE ( 'NONE', #673, 40.00000000000000711 ) ;
#1268 = DIRECTION ( 'NONE',  ( -0.000000000000000000, -1.000000000000000000, -0.000000000000000000 ) ) ;
#1269 = DIRECTION ( 'NONE',  ( 0.000000000000000000, 0.000000000000000000, 1.000000000000000000 ) ) ;
#1270 = VECTOR ( 'NONE', #414, 1000.000000000000000 ) ;
#1271 = EDGE_LOOP ( 'NONE', ( #145, #2477, #561, #660 ) ) ;
#1272 = DIRECTION ( 'NONE',  ( 0.000000000000000000, -0.000000000000000000, -1.000000000000000000 ) ) ;
#1273 = VECTOR ( 'NONE', #1657, 1000.000000000000000 ) ;
#1274 = ADVANCED_FACE ( 'NONE', ( #312 ), #1644, .F. ) ;
#1275 = DIRECTION ( 'NONE',  ( -0.000000000000000000, 1.000000000000000000, -0.000000000000000000 ) ) ;
#1276 = VERTEX_POINT ( 'NONE', #1191 ) ;
#1277 = ORIENTED_EDGE ( 'NONE', *, *, #2241, .T. ) ;
#1278 = CARTESIAN_POINT ( 'NONE',  ( 38.54219012055751392, 14.00000000000000000, -97.49999999999997158 ) ) ;
#1279 = DIRECTION ( 'NONE',  ( 0.000000000000000000, 0.000000000000000000, 1.000000000000000000 ) ) ;
#1280 = DIRECTION ( 'NONE',  ( 0.000000000000000000, 1.000000000000000000, -0.000000000000000000 ) ) ;
#1281 = VECTOR ( 'NONE', #1869, 1000.000000000000000 ) ;
#1282 = DIRECTION ( 'NONE',  ( 0.000000000000000000, -1.000000000000000000, 0.000000000000000000 ) ) ;
#1283 = VECTOR ( 'NONE', #2875, 1000.000000000000000 ) ;
#1284 = ORIENTED_EDGE ( 'NONE', *, *, #30, .T. ) ;
#1285 = AXIS2_PLACEMENT_3D ( 'NONE', #2289, #1609, #2508 ) ;
#1286 = CARTESIAN_POINT ( 'NONE',  ( 69.99999999999981526, -2.000000000000000000, -62.67949192431131422 ) ) ;
#1287 = CIRCLE ( 'NONE', #2414, 5.000000000000004441 ) ;
#1288 = CARTESIAN_POINT ( 'NONE',  ( 150.0000000000000284, 0.000000000000000000, -150.0000000000000000 ) ) ;
#1289 = CYLINDRICAL_SURFACE ( 'NONE', #1588, 65.00000000000001421 ) ;
#1290 = EDGE_CURVE ( 'NONE', #956, #1531, #2795, .T. ) ;
#1291 = ORIENTED_EDGE ( 'NONE', *, *, #2510, .F. ) ;
#1292 = EDGE_CURVE ( 'NONE', #873, #2588, #1197, .T. ) ;
#1293 = CARTESIAN_POINT ( 'NONE',  ( 43.14861344049555214, -6.000000000000000000, -64.44444444444444287 ) ) ;
#1294 = CARTESIAN_POINT ( 'NONE',  ( 64.44444444444431497, -6.000000000000000000, -116.8513865595043910 ) ) ;
#1295 = AXIS2_PLACEMENT_3D ( 'NONE', #680, #2055, #1585 ) ;
#1296 = FACE_OUTER_BOUND ( 'NONE', #2814, .T. ) ;
#1297 = LINE ( 'NONE', #861, #2606 ) ;
#1298 = EDGE_LOOP ( 'NONE', ( #285, #138, #2497, #1115 ) ) ;
#1299 = LINE ( 'NONE', #672, #2839 ) ;
#1300 = ORIENTED_EDGE ( 'NONE', *, *, #1072, .T. ) ;
#1301 = DIRECTION ( 'NONE',  ( 0.000000000000000000, 0.000000000000000000, 1.000000000000000000 ) ) ;
#1302 = CARTESIAN_POINT ( 'NONE',  ( 150.0000000000000284, 0.000000000000000000, -147.3999999999999773 ) ) ;
#1303 = ADVANCED_FACE ( 'NONE', ( #1467 ), #373, .F. ) ;
#1304 = DIRECTION ( 'NONE',  ( 0.000000000000000000, 1.000000000000000000, -0.000000000000000000 ) ) ;
#1305 = ORIENTED_EDGE ( 'NONE', *, *, #2193, .T. ) ;
#1306 = CARTESIAN_POINT ( 'NONE',  ( 10.00000000000000000, 14.00000000000000000, -150.0000000000000000 ) ) ;
#1307 = DIRECTION ( 'NONE',  ( 0.000000000000000000, 0.000000000000000000, 1.000000000000000000 ) ) ;
#1308 = AXIS2_PLACEMENT_3D ( 'NONE', #1605, #2502, #2285 ) ;
#1309 = EDGE_LOOP ( 'NONE', ( #786, #607, #2762, #1028 ) ) ;
#1310 = CYLINDRICAL_SURFACE ( 'NONE', #232, 2.599999999999991207 ) ;
#1311 = ADVANCED_FACE ( 'NONE', ( #1482 ), #430, .T. ) ;
#1312 = EDGE_CURVE ( 'NONE', #1000, #1097, #2560, .T. ) ;
#1313 = EDGE_CURVE ( 'NONE', #765, #333, #1299, .T. ) ;
#1314 = CARTESIAN_POINT ( 'NONE',  ( 116.8513865595044763, 0.000000000000000000, -64.44444444444444287 ) ) ;
#1315 = DIRECTION ( 'NONE',  ( 0.000000000000000000, 0.000000000000000000, 1.000000000000000000 ) ) ;
#1316 = CYLINDRICAL_SURFACE ( 'NONE', #493, 5.000000000000004441 ) ;
#1317 = VERTEX_POINT ( 'NONE', #2211 ) ;
#1318 = LINE ( 'NONE', #2408, #1249 ) ;
#1319 = ADVANCED_BREP_SHAPE_REPRESENTATION ( 'base', ( #1784, #1098 ), #2266 ) ;
#1320 = DIRECTION ( 'NONE',  ( 0.000000000000000000, 0.000000000000000000, -1.000000000000000000 ) ) ;
#1321 = CYLINDRICAL_SURFACE ( 'NONE', #1382, 3.500000000000003109 ) ;
#1322 = ORIENTED_EDGE ( 'NONE', *, *, #2535, .T. ) ;
#1323 = ORIENTED_EDGE ( 'NONE', *, *, #698, .T. ) ;
#1324 = DIRECTION ( 'NONE',  ( 0.000000000000000000, 0.000000000000000000, 1.000000000000000000 ) ) ;
#1325 = ORIENTED_EDGE ( 'NONE', *, *, #324, .T. ) ;
#1326 = EDGE_CURVE ( 'NONE', #1640, #2774, #1766, .T. ) ;
#1327 = CARTESIAN_POINT ( 'NONE',  ( 70.00000000000017053, 4.000000000000000000, -59.17949192431112948 ) ) ;
#1328 = AXIS2_PLACEMENT_3D ( 'NONE', #276, #35, #445 ) ;
#1329 = CIRCLE ( 'NONE', #1750, 2.599999999999991207 ) ;
#1330 = VECTOR ( 'NONE', #932, 1000.000000000000000 ) ;
#1331 = AXIS2_PLACEMENT_3D ( 'NONE', #1764, #1546, #1532 ) ;
#1332 = CARTESIAN_POINT ( 'NONE',  ( 10.00000000000000000, 14.00000000000000000, -10.00000000000000000 ) ) ;
#1333 = VERTEX_POINT ( 'NONE', #1778 ) ;
#1334 = FACE_OUTER_BOUND ( 'NONE', #837, .T. ) ;
#1335 = DIRECTION ( 'NONE',  ( 0.000000000000000000, -1.000000000000000000, 0.000000000000000000 ) ) ;
#1336 = DIRECTION ( 'NONE',  ( -0.000000000000000000, 1.000000000000000000, -0.000000000000000000 ) ) ;
#1337 = EDGE_LOOP ( 'NONE', ( #1015, #1121, #2883, #575 ) ) ;
#1338 = EDGE_LOOP ( 'NONE', ( #712, #153, #2733, #1582 ) ) ;
#1339 = CARTESIAN_POINT ( 'NONE',  ( 70.00000000000017053, 4.000000000000000000, -59.17949192431112948 ) ) ;
#1340 = FACE_OUTER_BOUND ( 'NONE', #1337, .T. ) ;
#1341 =( NAMED_UNIT ( * ) SI_UNIT ( $, .STERADIAN. ) SOLID_ANGLE_UNIT ( ) );
#1342 = EDGE_CURVE ( 'NONE', #1918, #765, #602, .T. ) ;
#1343 = LINE ( 'NONE', #2242, #2636 ) ;
#1344 = EDGE_CURVE ( 'NONE', #2514, #214, #839, .T. ) ;
#1345 = ORIENTED_EDGE ( 'NONE', *, *, #582, .T. ) ;
#1346 = CYLINDRICAL_SURFACE ( 'NONE', #2459, 1.399999999999984590 ) ;
#1347 = CYLINDRICAL_SURFACE ( 'NONE', #1686, 3.500000000000003109 ) ;
#1348 = CARTESIAN_POINT ( 'NONE',  ( 100.0000000000000000, 4.000000000000000000, -83.49999999999998579 ) ) ;
#1349 = EDGE_LOOP ( 'NONE', ( #1436, #1720 ) ) ;
#1350 = ORIENTED_EDGE ( 'NONE', *, *, #1913, .T. ) ;
#1351 = CIRCLE ( 'NONE', #2431, 40.00000000000000711 ) ;
#1352 = CARTESIAN_POINT ( 'NONE',  ( 89.99999999999997158, 4.000000000000000000, -100.8205080756887497 ) ) ;
#1353 = DIRECTION ( 'NONE',  ( -0.000000000000000000, -1.000000000000000000, -0.000000000000000000 ) ) ;
#1354 = FACE_OUTER_BOUND ( 'NONE', #2613, .T. ) ;
#1355 = DIRECTION ( 'NONE',  ( 0.000000000000000000, 0.000000000000000000, -1.000000000000000000 ) ) ;
#1356 = CARTESIAN_POINT ( 'NONE',  ( 92.50000000000014211, 14.00000000000000000, -38.54219012055752103 ) ) ;
#1357 = VERTEX_POINT ( 'NONE', #659 ) ;
#1358 = ADVANCED_FACE ( 'NONE', ( #2238 ), #205, .F. ) ;
#1359 = CARTESIAN_POINT ( 'NONE',  ( 150.0000000000000000, 0.000000000000000000, 0.000000000000000000 ) ) ;
#1360 = EDGE_CURVE ( 'NONE', #2588, #873, #2223, .T. ) ;
#1361 = DIRECTION ( 'NONE',  ( 0.000000000000000000, 0.000000000000000000, 1.000000000000000000 ) ) ;
#1362 = CIRCLE ( 'NONE', #1829, 40.00000000000000711 ) ;
#1363 = CYLINDRICAL_SURFACE ( 'NONE', #1760, 3.500000000000003109 ) ;
#1364 = VERTEX_POINT ( 'NONE', #1327 ) ;
#1365 = ORIENTED_EDGE ( 'NONE', *, *, #2662, .F. ) ;
#1366 = VECTOR ( 'NONE', #2558, 1000.000000000000000 ) ;
#1367 = DIRECTION ( 'NONE',  ( -0.000000000000000000, -1.000000000000000000, -0.000000000000000000 ) ) ;
#1368 = CARTESIAN_POINT ( 'NONE',  ( 116.8513865595044763, -6.000000000000000000, -95.55555555555552871 ) ) ;
#1369 = CYLINDRICAL_SURFACE ( 'NONE', #1639, 4.999999999999997335 ) ;
#1370 = AXIS2_PLACEMENT_3D ( 'NONE', #1668, #2332, #319 ) ;
#1371 = AXIS2_PLACEMENT_3D ( 'NONE', #399, #385, #1961 ) ;
#1372 = CARTESIAN_POINT ( 'NONE',  ( 80.00000000000001421, -6.000000000000000000, -79.99999999999998579 ) ) ;
#1373 = ORIENTED_EDGE ( 'NONE', *, *, #2793, .F. ) ;
#1374 = DIRECTION ( 'NONE',  ( 0.000000000000000000, 1.000000000000000000, 0.000000000000000000 ) ) ;
#1375 = AXIS2_PLACEMENT_3D ( 'NONE', #1989, #2697, #2195 ) ;
#1376 = DIRECTION ( 'NONE',  ( -0.000000000000000000, 1.000000000000000000, -0.000000000000000000 ) ) ;
#1377 = CARTESIAN_POINT ( 'NONE',  ( 100.0000000000000000, 4.000000000000000000, -79.99999999999998579 ) ) ;
#1378 = EDGE_CURVE ( 'NONE', #475, #1937, #1329, .T. ) ;
#1379 = EDGE_CURVE ( 'NONE', #995, #877, #1108, .T. ) ;
#1380 = VERTEX_POINT ( 'NONE', #1352 ) ;
#1381 = VERTEX_POINT ( 'NONE', #1314 ) ;
#1382 = AXIS2_PLACEMENT_3D ( 'NONE', #2218, #1268, #2397 ) ;
#1383 = PLANE ( 'NONE',  #1943 ) ;
#1384 = DIRECTION ( 'NONE',  ( -0.000000000000000000, 1.000000000000000000, -0.000000000000000000 ) ) ;
#1385 = VERTEX_POINT ( 'NONE', #685 ) ;
#1386 = AXIS2_PLACEMENT_3D ( 'NONE', #2679, #1336, #2025 ) ;
#1387 = LINE ( 'NONE', #1093, #1962 ) ;
#1388 = CARTESIAN_POINT ( 'NONE',  ( 100.0000000000000000, 4.000000000000000000, -79.99999999999984368 ) ) ;
#1389 = VERTEX_POINT ( 'NONE', #2684 ) ;
#1390 = CARTESIAN_POINT ( 'NONE',  ( 69.99999999999981526, 14.00000000000000000, -62.67949192431131422 ) ) ;
#1391 = CARTESIAN_POINT ( 'NONE',  ( 160.0000000000000000, 14.00000000000000000, 0.000000000000000000 ) ) ;
#1392 = DIRECTION ( 'NONE',  ( -0.000000000000000000, -1.000000000000000000, 0.000000000000000000 ) ) ;
#1393 = DIRECTION ( 'NONE',  ( 0.000000000000000000, -1.000000000000000000, 0.000000000000000000 ) ) ;
#1394 = ORIENTED_EDGE ( 'NONE', *, *, #1187, .T. ) ;
#1395 = ORIENTED_EDGE ( 'NONE', *, *, #268, .T. ) ;
#1396 = DIRECTION ( 'NONE',  ( -0.000000000000000000, -1.000000000000000000, -0.000000000000000000 ) ) ;
#1397 = DIRECTION ( 'NONE',  ( -0.000000000000000000, 0.000000000000000000, -1.000000000000000000 ) ) ;
#1398 = EDGE_CURVE ( 'NONE', #807, #475, #2225, .T. ) ;
#1399 = ORIENTED_EDGE ( 'NONE', *, *, #9, .F. ) ;
#1400 = VERTEX_POINT ( 'NONE', #903 ) ;
#1401 = VECTOR ( 'NONE', #2137, 1000.000000000000000 ) ;
#1402 = AXIS2_PLACEMENT_3D ( 'NONE', #1170, #483, #2864 ) ;
#1403 = ORIENTED_EDGE ( 'NONE', *, *, #1791, .T. ) ;
#1404 = CARTESIAN_POINT ( 'NONE',  ( 90.00000000000011369, -2.000000000000000000, -95.92050807568871562 ) ) ;
#1405 = ADVANCED_FACE ( 'NONE', ( #701 ), #235, .T. ) ;
#1406 = DIRECTION ( 'NONE',  ( 0.000000000000000000, -1.000000000000000000, 0.000000000000000000 ) ) ;
#1407 = DIRECTION ( 'NONE',  ( 0.000000000000000000, -1.000000000000000000, 0.000000000000000000 ) ) ;
#1408 = DIRECTION ( 'NONE',  ( 0.000000000000000000, 0.000000000000000000, -1.000000000000000000 ) ) ;
#1409 = VERTEX_POINT ( 'NONE', #469 ) ;
#1410 = EDGE_LOOP ( 'NONE', ( #2347, #728 ) ) ;
#1411 = AXIS2_PLACEMENT_3D ( 'NONE', #2880, #609, #2392 ) ;
#1412 = CARTESIAN_POINT ( 'NONE',  ( 10.00000000000000000, 0.000000000000000000, -152.5999999999999659 ) ) ;
#1413 = AXIS2_PLACEMENT_3D ( 'NONE', #1172, #1011, #2807 ) ;
#1414 = CARTESIAN_POINT ( 'NONE',  ( 10.00000000000000000, 14.00000000000000000, -149.9999999999999716 ) ) ;
#1415 = LINE ( 'NONE', #1917, #2643 ) ;
#1416 = EDGE_CURVE ( 'NONE', #1364, #2515, #2671, .T. ) ;
#1417 = EDGE_LOOP ( 'NONE', ( #1946, #1619, #12, #89 ) ) ;
#1418 = EDGE_CURVE ( 'NONE', #2645, #507, #320, .T. ) ;
#1419 = ORIENTED_EDGE ( 'NONE', *, *, #1473, .T. ) ;
#1420 = CARTESIAN_POINT ( 'NONE',  ( 160.0000000000000000, 14.00000000000000000, -150.0000000000000000 ) ) ;
#1421 = ORIENTED_EDGE ( 'NONE', *, *, #1167, .T. ) ;
#1422 = FACE_OUTER_BOUND ( 'NONE', #1746, .T. ) ;
#1423 = CARTESIAN_POINT ( 'NONE',  ( 60.00000000000001421, -2.000000000000000000, -79.99999999999998579 ) ) ;
#1424 = CARTESIAN_POINT ( 'NONE',  ( 80.00000000000001421, -6.000000000000000000, -79.99999999999998579 ) ) ;
#1425 = ORIENTED_EDGE ( 'NONE', *, *, #698, .F. ) ;
#1426 = ORIENTED_EDGE ( 'NONE', *, *, #388, .F. ) ;
#1427 = VECTOR ( 'NONE', #828, 1000.000000000000000 ) ;
#1428 = CARTESIAN_POINT ( 'NONE',  ( 98.95833333333355597, 0.000000000000000000, -17.82619846573463818 ) ) ;
#1429 = CIRCLE ( 'NONE', #1797, 1.399999999999984590 ) ;
#1430 = LINE ( 'NONE', #2741, #371 ) ;
#1431 = CARTESIAN_POINT ( 'NONE',  ( 110.9732062370157735, -5.999999999999996447, -63.49326184219689395 ) ) ;
#1432 = AXIS2_PLACEMENT_3D ( 'NONE', #461, #652, #1554 ) ;
#1433 = ORIENTED_EDGE ( 'NONE', *, *, #383, .T. ) ;
#1434 = VECTOR ( 'NONE', #284, 1000.000000000000000 ) ;
#1435 = EDGE_CURVE ( 'NONE', #1533, #2519, #2029, .T. ) ;
#1436 = ORIENTED_EDGE ( 'NONE', *, *, #2340, .F. ) ;
#1437 = CARTESIAN_POINT ( 'NONE',  ( 60.00000000000002842, 4.000000000000000000, -79.99999999999984368 ) ) ;
#1438 = ORIENTED_EDGE ( 'NONE', *, *, #2172, .T. ) ;
#1439 = FACE_BOUND ( 'NONE', #618, .T. ) ;
#1440 = EDGE_CURVE ( 'NONE', #2588, #2843, #1702, .T. ) ;
#1441 = ADVANCED_FACE ( 'NONE', ( #2094 ), #1383, .T. ) ;
#1442 = CARTESIAN_POINT ( 'NONE',  ( 69.99999999999981526, 14.00000000000000000, -62.67949192431131422 ) ) ;
#1443 = ORIENTED_EDGE ( 'NONE', *, *, #2039, .T. ) ;
#1444 = ORIENTED_EDGE ( 'NONE', *, *, #80, .T. ) ;
#1445 = CARTESIAN_POINT ( 'NONE',  ( 60.00000000000002842, 0.000000000000000000, -79.99999999999984368 ) ) ;
#1446 = CARTESIAN_POINT ( 'NONE',  ( 61.04166666666692720, 14.00000000000000000, -17.82619846573449962 ) ) ;
#1447 = ORIENTED_EDGE ( 'NONE', *, *, #849, .T. ) ;
#1448 = EDGE_LOOP ( 'NONE', ( #2161, #689, #2370, #1530 ) ) ;
#1449 = AXIS2_PLACEMENT_3D ( 'NONE', #2396, #406, #1279 ) ;
#1450 = LINE ( 'NONE', #1404, #1053 ) ;
#1451 = ORIENTED_EDGE ( 'NONE', *, *, #82, .T. ) ;
#1452 = DIRECTION ( 'NONE',  ( 0.000000000000000000, -0.000000000000000000, -1.000000000000000000 ) ) ;
#1453 = AXIS2_PLACEMENT_3D ( 'NONE', #376, #2581, #1456 ) ;
#1454 = CARTESIAN_POINT ( 'NONE',  ( 100.0000000000000000, 4.000000000000000000, -79.99999999999998579 ) ) ;
#1455 = LINE ( 'NONE', #1879, #2612 ) ;
#1456 = DIRECTION ( 'NONE',  ( 0.000000000000000000, 0.000000000000000000, -1.000000000000000000 ) ) ;
#1457 = VERTEX_POINT ( 'NONE', #2282 ) ;
#1458 = EDGE_CURVE ( 'NONE', #1094, #2774, #1430, .T. ) ;
#1459 = DIRECTION ( 'NONE',  ( 0.000000000000000000, 0.000000000000000000, 1.000000000000000000 ) ) ;
#1460 = CARTESIAN_POINT ( 'NONE',  ( 69.99999999999992895, 4.000000000000000000, -97.32050807568873552 ) ) ;
#1461 = AXIS2_PLACEMENT_3D ( 'NONE', #181, #844, #2827 ) ;
#1462 = EDGE_LOOP ( 'NONE', ( #488, #299, #748, #1874, #1223, #2279, #88, #1934, #2028 ) ) ;
#1463 = ORIENTED_EDGE ( 'NONE', *, *, #238, .T. ) ;
#1464 = LINE ( 'NONE', #160, #1558 ) ;
#1465 = CIRCLE ( 'NONE', #2447, 1.400000000000012346 ) ;
#1466 = VERTEX_POINT ( 'NONE', #2331 ) ;
#1467 = FACE_OUTER_BOUND ( 'NONE', #1775, .T. ) ;
#1468 = CARTESIAN_POINT ( 'NONE',  ( 110.9732062370157735, 14.00000000000000000, -63.49326184219689395 ) ) ;
#1469 = DIRECTION ( 'NONE',  ( 0.000000000000000000, 0.000000000000000000, -1.000000000000000000 ) ) ;
#1470 = VERTEX_POINT ( 'NONE', #1633 ) ;
#1471 = DIRECTION ( 'NONE',  ( 3.766744860274506299E-15, 0.000000000000000000, 1.000000000000000000 ) ) ;
#1472 = EDGE_CURVE ( 'NONE', #782, #776, #527, .T. ) ;
#1473 = EDGE_CURVE ( 'NONE', #1729, #1790, #1652, .T. ) ;
#1474 = AXIS2_PLACEMENT_3D ( 'NONE', #2311, #1617, #2484 ) ;
#1475 = VECTOR ( 'NONE', #1489, 1000.000000000000000 ) ;
#1476 = AXIS2_PLACEMENT_3D ( 'NONE', #1815, #1135, #725 ) ;
#1477 = DIRECTION ( 'NONE',  ( 0.000000000000000000, 0.000000000000000000, -1.000000000000000000 ) ) ;
#1478 = AXIS2_PLACEMENT_3D ( 'NONE', #790, #589, #1037 ) ;
#1479 = LINE ( 'NONE', #2852, #363 ) ;
#1480 = ORIENTED_EDGE ( 'NONE', *, *, #1707, .T. ) ;
#1482 = FACE_OUTER_BOUND ( 'NONE', #1855, .T. ) ;
#1481 = AXIS2_PLACEMENT_3D ( 'NONE', #224, #240, #906 ) ;
#1483 = DIRECTION ( 'NONE',  ( -0.000000000000000000, -1.000000000000000000, 0.000000000000000000 ) ) ;
#1484 = CARTESIAN_POINT ( 'NONE',  ( 69.99999999999992895, 4.000000000000000000, -97.32050807568873552 ) ) ;
#1485 = ORIENTED_EDGE ( 'NONE', *, *, #2241, .F. ) ;
#1486 = CARTESIAN_POINT ( 'NONE',  ( 70.00000000000005684, -2.000000000000000000, -97.32050807568879236 ) ) ;
#1487 = FACE_BOUND ( 'NONE', #1684, .T. ) ;
#1488 = DIRECTION ( 'NONE',  ( 0.000000000000000000, 0.000000000000000000, -1.000000000000000000 ) ) ;
#1489 = DIRECTION ( 'NONE',  ( -0.000000000000000000, -1.000000000000000000, -0.000000000000000000 ) ) ;
#1490 = ORIENTED_EDGE ( 'NONE', *, *, #1825, .F. ) ;
#1491 = EDGE_CURVE ( 'NONE', #1169, #1000, #336, .T. ) ;
#1492 = EDGE_CURVE ( 'NONE', #1937, #475, #1990, .T. ) ;
#1493 = ORIENTED_EDGE ( 'NONE', *, *, #2324, .T. ) ;
#1494 = CARTESIAN_POINT ( 'NONE',  ( 160.0000000000000000, 14.00000000000000000, -10.00000000000000000 ) ) ;
#1495 = DIRECTION ( 'NONE',  ( 0.000000000000000000, 0.000000000000000000, -1.000000000000000000 ) ) ;
#1496 = DIRECTION ( 'NONE',  ( 0.000000000000000000, 1.000000000000000000, -0.000000000000000000 ) ) ;
#1497 = ORIENTED_EDGE ( 'NONE', *, *, #1504, .F. ) ;
#1498 = CIRCLE ( 'NONE', #1730, 3.500000000000003109 ) ;
#1499 = CARTESIAN_POINT ( 'NONE',  ( 137.3912014162449964, 14.00000000000000000, -97.49999999999997158 ) ) ;
#1500 = CARTESIAN_POINT ( 'NONE',  ( 10.00000000000000000, -6.000000000000000000, -147.3999999999999773 ) ) ;
#1501 = DIRECTION ( 'NONE',  ( -0.000000000000000000, -1.000000000000000000, -0.000000000000000000 ) ) ;
#1502 = CIRCLE ( 'NONE', #2254, 5.000000000000004441 ) ;
#1503 = ORIENTED_EDGE ( 'NONE', *, *, #683, .F. ) ;
#1504 = EDGE_CURVE ( 'NONE', #2542, #339, #462, .T. ) ;
#1505 = DIRECTION ( 'NONE',  ( 0.000000000000000000, -1.000000000000000000, 0.000000000000000000 ) ) ;
#1506 = EDGE_CURVE ( 'NONE', #1333, #353, #2371, .T. ) ;
#1507 = AXIS2_PLACEMENT_3D ( 'NONE', #1889, #797, #2575 ) ;
#1508 = DIRECTION ( 'NONE',  ( 1.000000000000000000, 0.000000000000000000, -0.000000000000000000 ) ) ;
#1509 = DIRECTION ( 'NONE',  ( -0.000000000000000000, 1.000000000000000000, -0.000000000000000000 ) ) ;
#1510 = DIRECTION ( 'NONE',  ( 0.000000000000000000, -1.000000000000000000, 0.000000000000000000 ) ) ;
#1511 = VERTEX_POINT ( 'NONE', #2726 ) ;
#1512 = FACE_BOUND ( 'NONE', #743, .T. ) ;
#1513 = CARTESIAN_POINT ( 'NONE',  ( 0.000000000000000000, 14.00000000000000000, 0.000000000000000000 ) ) ;
#1514 = CIRCLE ( 'NONE', #1370, 5.000000000000000888 ) ;
#1515 = AXIS2_PLACEMENT_3D ( 'NONE', #1794, #1549, #674 ) ;
#1516 = CARTESIAN_POINT ( 'NONE',  ( 60.00000000000001421, 14.00000000000000000, -81.39999999999999147 ) ) ;
#1517 = AXIS2_PLACEMENT_3D ( 'NONE', #92, #975, #773 ) ;
#1518 = ADVANCED_FACE ( 'NONE', ( #730 ), #713, .F. ) ;
#1519 = AXIS2_PLACEMENT_3D ( 'NONE', #2485, #1590, #1808 ) ;
#1520 = CARTESIAN_POINT ( 'NONE',  ( 70.00000000000017053, 0.000000000000000000, -66.17949192431113659 ) ) ;
#1521 = DIRECTION ( 'NONE',  ( 0.000000000000000000, 0.000000000000000000, -1.000000000000000000 ) ) ;
#1522 = FACE_OUTER_BOUND ( 'NONE', #499, .T. ) ;
#1523 = CIRCLE ( 'NONE', #2463, 65.00000000000002842 ) ;
#1524 = ORIENTED_EDGE ( 'NONE', *, *, #2695, .F. ) ;
#1525 = EDGE_CURVE ( 'NONE', #1035, #2141, #2746, .T. ) ;
#1526 = EDGE_CURVE ( 'NONE', #2153, #1596, #2517, .T. ) ;
#1527 = FACE_BOUND ( 'NONE', #1559, .T. ) ;
#1528 = CIRCLE ( 'NONE', #379, 40.00000000000000711 ) ;
#1529 = FACE_OUTER_BOUND ( 'NONE', #286, .T. ) ;
#1530 = ORIENTED_EDGE ( 'NONE', *, *, #270, .T. ) ;
#1531 = VERTEX_POINT ( 'NONE', #2298 ) ;
#1532 = DIRECTION ( 'NONE',  ( 0.000000000000000000, 0.000000000000000000, -1.000000000000000000 ) ) ;
#1533 = VERTEX_POINT ( 'NONE', #2074 ) ;
#1534 = DIRECTION ( 'NONE',  ( 0.000000000000000000, -1.000000000000000000, 0.000000000000000000 ) ) ;
#1535 = ORIENTED_EDGE ( 'NONE', *, *, #2858, .T. ) ;
#1536 = DIRECTION ( 'NONE',  ( -0.000000000000000000, 1.000000000000000000, -0.000000000000000000 ) ) ;
#1537 = CARTESIAN_POINT ( 'NONE',  ( 100.0000000000000000, 0.000000000000000000, -79.99999999999998579 ) ) ;
#1538 = CARTESIAN_POINT ( 'NONE',  ( 142.1738015342654364, 14.00000000000000000, -98.95833333333331439 ) ) ;
#1539 = ORIENTED_EDGE ( 'NONE', *, *, #566, .F. ) ;
#1540 = CYLINDRICAL_SURFACE ( 'NONE', #1432, 15.00000000000000000 ) ;
#1541 = LINE ( 'NONE', #501, #2373 ) ;
#1542 = FACE_OUTER_BOUND ( 'NONE', #1980, .T. ) ;
#1543 = ADVANCED_FACE ( 'NONE', ( #1852 ), #1213, .F. ) ;
#1544 = AXIS2_PLACEMENT_3D ( 'NONE', #1941, #1069, #1982 ) ;
#1545 = ORIENTED_EDGE ( 'NONE', *, *, #1167, .F. ) ;
#1546 = DIRECTION ( 'NONE',  ( 0.000000000000000000, -1.000000000000000000, 0.000000000000000000 ) ) ;
#1547 = EDGE_LOOP ( 'NONE', ( #845, #368, #1573, #2170, #72, #2365, #1045, #2806 ) ) ;
#1548 = CARTESIAN_POINT ( 'NONE',  ( 0.000000000000000000, -6.000000000000000000, -67.50000000000000000 ) ) ;
#1549 = DIRECTION ( 'NONE',  ( 0.000000000000000000, -1.000000000000000000, 0.000000000000000000 ) ) ;
#1550 = AXIS2_PLACEMENT_3D ( 'NONE', #998, #2101, #1660 ) ;
#1551 = CARTESIAN_POINT ( 'NONE',  ( 90.00000000000022737, 0.000000000000000000, -59.17949192431132133 ) ) ;
#1552 = CIRCLE ( 'NONE', #308, 10.00000000000000000 ) ;
#1553 = ORIENTED_EDGE ( 'NONE', *, *, #1472, .T. ) ;
#1554 = DIRECTION ( 'NONE',  ( 0.000000000000000000, 0.000000000000000000, 1.000000000000000000 ) ) ;
#1555 = DIRECTION ( 'NONE',  ( 0.000000000000000000, -1.000000000000000000, 0.000000000000000000 ) ) ;
#1556 = LINE ( 'NONE', #490, #53 ) ;
#1557 = ORIENTED_EDGE ( 'NONE', *, *, #1825, .T. ) ;
#1558 = VECTOR ( 'NONE', #2167, 1000.000000000000000 ) ;
#1559 = EDGE_LOOP ( 'NONE', ( #1490, #2617, #1394, #304, #1444, #328, #1138, #2555, #525 ) ) ;
#1560 = DIRECTION ( 'NONE',  ( 0.000000000000000000, -1.000000000000000000, 0.000000000000000000 ) ) ;
#1561 = CARTESIAN_POINT ( 'NONE',  ( 69.99999999999981526, 14.00000000000000000, -61.27949192431130143 ) ) ;
#1562 = ADVANCED_FACE ( 'NONE', ( #1201 ), #2757, .T. ) ;
#1563 = AXIS2_PLACEMENT_3D ( 'NONE', #1104, #1536, #1143 ) ;
#1564 = AXIS2_PLACEMENT_3D ( 'NONE', #2429, #1102, #915 ) ;
#1565 = VECTOR ( 'NONE', #1214, 1000.000000000000000 ) ;
#1566 = VECTOR ( 'NONE', #2066, 1000.000000000000000 ) ;
#1567 = CARTESIAN_POINT ( 'NONE',  ( 61.04166666666645114, -6.000000000000000000, -142.1738015342653512 ) ) ;
#1568 = EDGE_LOOP ( 'NONE', ( #555, #539, #255, #942, #447, #71, #961, #552 ) ) ;
#1569 = DIRECTION ( 'NONE',  ( 0.000000000000000000, 1.000000000000000000, 0.000000000000000000 ) ) ;
#1570 = CARTESIAN_POINT ( 'NONE',  ( 80.00000000000001421, 14.00000000000000000, -79.99999999999998579 ) ) ;
#1571 = CIRCLE ( 'NONE', #2501, 3.500000000000003109 ) ;
#1572 = DIRECTION ( 'NONE',  ( 0.000000000000000000, 0.000000000000000000, -1.000000000000000000 ) ) ;
#1573 = ORIENTED_EDGE ( 'NONE', *, *, #289, .T. ) ;
#1574 = AXIS2_PLACEMENT_3D ( 'NONE', #2133, #532, #2081 ) ;
#1575 = CARTESIAN_POINT ( 'NONE',  ( 92.50000000000027001, -6.000000000000000000, -3.484238995753930791E-13 ) ) ;
#1576 = DIRECTION ( 'NONE',  ( -0.000000000000000000, 1.000000000000000000, -0.000000000000000000 ) ) ;
#1577 = DIRECTION ( 'NONE',  ( 0.000000000000000000, 0.000000000000000000, -1.000000000000000000 ) ) ;
#1578 = PRODUCT_DEFINITION ( 'æœ', '', #2644, #74 ) ;
#1579 = DIRECTION ( 'NONE',  ( 0.000000000000000000, 0.000000000000000000, -1.000000000000000000 ) ) ;
#1580 = EDGE_CURVE ( 'NONE', #165, #507, #494, .T. ) ;
#1581 = CYLINDRICAL_SURFACE ( 'NONE', #1140, 65.00000000000001421 ) ;
#1582 = ORIENTED_EDGE ( 'NONE', *, *, #615, .F. ) ;
#1583 = DIRECTION ( 'NONE',  ( -0.000000000000000000, 1.000000000000000000, -0.000000000000000000 ) ) ;
#1584 = FACE_OUTER_BOUND ( 'NONE', #888, .T. ) ;
#1585 = DIRECTION ( 'NONE',  ( 0.000000000000000000, 0.000000000000000000, -1.000000000000000000 ) ) ;
#1586 = ORIENTED_EDGE ( 'NONE', *, *, #1458, .T. ) ;
#1587 = VERTEX_POINT ( 'NONE', #2267 ) ;
#1588 = AXIS2_PLACEMENT_3D ( 'NONE', #2715, #717, #210 ) ;
#1589 = DIRECTION ( 'NONE',  ( -1.000000000000000000, 0.000000000000000000, 0.000000000000000000 ) ) ;
#1590 = DIRECTION ( 'NONE',  ( 0.000000000000000000, -1.000000000000000000, 0.000000000000000000 ) ) ;
#1591 = CARTESIAN_POINT ( 'NONE',  ( 0.000000000000000000, 14.00000000000000000, -160.0000000000000000 ) ) ;
#1592 = LINE ( 'NONE', #1158, #997 ) ;
#1593 = EDGE_CURVE ( 'NONE', #585, #386, #273, .T. ) ;
#1594 = ADVANCED_FACE ( 'NONE', ( #2815 ), #820, .F. ) ;
#1595 = DIRECTION ( 'NONE',  ( 0.000000000000000000, -1.000000000000000000, 0.000000000000000000 ) ) ;
#1596 = VERTEX_POINT ( 'NONE', #1998 ) ;
#1597 = FACE_OUTER_BOUND ( 'NONE', #1872, .T. ) ;
#1598 = DIRECTION ( 'NONE',  ( -0.000000000000000000, 1.000000000000000000, -0.000000000000000000 ) ) ;
#1599 = AXIS2_PLACEMENT_3D ( 'NONE', #1332, #2255, #1607 ) ;
#1600 = LINE ( 'NONE', #1610, #8 ) ;
#1601 = ORIENTED_EDGE ( 'NONE', *, *, #2879, .T. ) ;
#1602 = ORIENTED_EDGE ( 'NONE', *, *, #420, .T. ) ;
#1603 = CARTESIAN_POINT ( 'NONE',  ( 60.00000000000002842, 4.000000000000000000, -76.49999999999984368 ) ) ;
#1604 = DIRECTION ( 'NONE',  ( 0.000000000000000000, -1.000000000000000000, 0.000000000000000000 ) ) ;
#1605 = CARTESIAN_POINT ( 'NONE',  ( 150.0000000000000284, -6.000000000000000000, -150.0000000000000000 ) ) ;
#1606 = CIRCLE ( 'NONE', #91, 10.00000000000000000 ) ;
#1607 = DIRECTION ( 'NONE',  ( 0.000000000000000000, 0.000000000000000000, -1.000000000000000000 ) ) ;
#1608 = AXIS2_PLACEMENT_3D ( 'NONE', #1575, #2458, #2601 ) ;
#1609 = DIRECTION ( 'NONE',  ( -0.000000000000000000, 1.000000000000000000, -0.000000000000000000 ) ) ;
#1610 = CARTESIAN_POINT ( 'NONE',  ( 67.49999999999981526, -6.000000000000000000, -137.3912014162449395 ) ) ;
#1611 = VECTOR ( 'NONE', #2712, 1000.000000000000000 ) ;
#1612 = ORIENTED_EDGE ( 'NONE', *, *, #2848, .F. ) ;
#1613 = EDGE_CURVE ( 'NONE', #2061, #2004, #1947, .T. ) ;
#1614 = EDGE_LOOP ( 'NONE', ( #811, #2694, #2293, #129 ) ) ;
#1615 = EDGE_CURVE ( 'NONE', #492, #1021, #1523, .T. ) ;
#1616 = VECTOR ( 'NONE', #872, 1000.000000000000000 ) ;
#1617 = DIRECTION ( 'NONE',  ( -1.000000000000000000, 0.000000000000000000, 0.000000000000000000 ) ) ;
#1618 = CARTESIAN_POINT ( 'NONE',  ( 90.00000000000011369, -2.000000000000000000, -98.72050807568874120 ) ) ;
#1619 = ORIENTED_EDGE ( 'NONE', *, *, #2421, .T. ) ;
#1620 = AXIS2_PLACEMENT_3D ( 'NONE', #86, #1150, #740 ) ;
#1621 = CARTESIAN_POINT ( 'NONE',  ( 0.000000000000000000, 0.000000000000000000, 0.000000000000000000 ) ) ;
#1622 = ORIENTED_EDGE ( 'NONE', *, *, #723, .F. ) ;
#1623 = ORIENTED_EDGE ( 'NONE', *, *, #615, .T. ) ;
#1624 = DIRECTION ( 'NONE',  ( -0.000000000000000000, -1.000000000000000000, -0.000000000000000000 ) ) ;
#1625 = EDGE_LOOP ( 'NONE', ( #1970, #440, #2490, #2056 ) ) ;
#1626 = DIRECTION ( 'NONE',  ( -0.000000000000000000, 1.000000000000000000, -0.000000000000000000 ) ) ;
#1627 = LINE ( 'NONE', #801, #402 ) ;
#1628 = ORIENTED_EDGE ( 'NONE', *, *, #2079, .F. ) ;
#1629 = ORIENTED_EDGE ( 'NONE', *, *, #509, .F. ) ;
#1630 = CARTESIAN_POINT ( 'NONE',  ( 69.99999999999981526, -2.000000000000000000, -64.07949192431132701 ) ) ;
#1631 = EDGE_CURVE ( 'NONE', #556, #2149, #2569, .T. ) ;
#1632 = ADVANCED_FACE ( 'NONE', ( #2867 ), #1540, .F. ) ;
#1633 = CARTESIAN_POINT ( 'NONE',  ( 60.00000000000002842, 4.000000000000000000, -83.49999999999985789 ) ) ;
#1634 = DIRECTION ( 'NONE',  ( 0.000000000000000000, -1.000000000000000000, 0.000000000000000000 ) ) ;
#1635 = ORIENTED_EDGE ( 'NONE', *, *, #2731, .F. ) ;
#1636 = UNCERTAINTY_MEASURE_WITH_UNIT (LENGTH_MEASURE( 1.000000000000000082E-05 ), #1130, 'distance_accuracy_value', 'NONE');
#1637 = ORIENTED_EDGE ( 'NONE', *, *, #2010, .T. ) ;
#1638 = CIRCLE ( 'NONE', #67, 65.00000000000002842 ) ;
#1639 = AXIS2_PLACEMENT_3D ( 'NONE', #1144, #64, #433 ) ;
#1640 = VERTEX_POINT ( 'NONE', #198 ) ;
#1641 = DIRECTION ( 'NONE',  ( 0.000000000000000000, 1.000000000000000000, -0.000000000000000000 ) ) ;
#1642 = CARTESIAN_POINT ( 'NONE',  ( 69.99999999999981526, 14.00000000000000000, -64.07949192431132701 ) ) ;
#1643 = ORIENTED_EDGE ( 'NONE', *, *, #1472, .F. ) ;
#1644 = CYLINDRICAL_SURFACE ( 'NONE', #560, 2.600000000000019185 ) ;
#1645 = DIRECTION ( 'NONE',  ( 0.000000000000000000, 0.000000000000000000, 1.000000000000000000 ) ) ;
#1646 = FACE_OUTER_BOUND ( 'NONE', #272, .T. ) ;
#1647 = ORIENTED_EDGE ( 'NONE', *, *, #862, .T. ) ;
#1648 = ORIENTED_EDGE ( 'NONE', *, *, #2847, .T. ) ;
#1649 = AXIS2_PLACEMENT_3D ( 'NONE', #1288, #2185, #1521 ) ;
#1650 = DIRECTION ( 'NONE',  ( -0.000000000000000000, -1.000000000000000000, -0.000000000000000000 ) ) ;
#1651 = EDGE_CURVE ( 'NONE', #2537, #2036, #187, .T. ) ;
#1652 = LINE ( 'NONE', #47, #1709 ) ;
#1653 = DIRECTION ( 'NONE',  ( 0.000000000000000000, 0.000000000000000000, -1.000000000000000000 ) ) ;
#1654 = EDGE_LOOP ( 'NONE', ( #1920, #1325, #1826, #1895, #2709, #1451, #1160, #2539 ) ) ;
#1655 = ADVANCED_FACE ( 'NONE', ( #435 ), #2618, .F. ) ;
#1656 = EDGE_LOOP ( 'NONE', ( #2118, #1902, #1083, #390 ) ) ;
#1657 = DIRECTION ( 'NONE',  ( -0.000000000000000000, -1.000000000000000000, -0.000000000000000000 ) ) ;
#1658 = ORIENTED_EDGE ( 'NONE', *, *, #1771, .F. ) ;
#1659 = CARTESIAN_POINT ( 'NONE',  ( 89.99999999999997158, 4.000000000000000000, -97.32050807568873552 ) ) ;
#1660 = DIRECTION ( 'NONE',  ( 0.000000000000000000, 0.000000000000000000, -1.000000000000000000 ) ) ;
#1661 = ORIENTED_EDGE ( 'NONE', *, *, #1900, .F. ) ;
#1662 = ORIENTED_EDGE ( 'NONE', *, *, #1615, .T. ) ;
#1663 = AXIS2_PLACEMENT_3D ( 'NONE', #1414, #943, #2549 ) ;
#1664 = DIRECTION ( 'NONE',  ( 0.000000000000000000, 0.000000000000000000, 1.000000000000000000 ) ) ;
#1665 = CARTESIAN_POINT ( 'NONE',  ( 100.0000000000000000, 4.000000000000000000, -81.39999999999983515 ) ) ;
#1666 = VECTOR ( 'NONE', #1384, 1000.000000000000000 ) ;
#1667 = AXIS2_PLACEMENT_3D ( 'NONE', #2440, #454, #1324 ) ;
#1668 = CARTESIAN_POINT ( 'NONE',  ( 62.50000000000023448, 14.00000000000000000, -22.60879858375491835 ) ) ;
#1669 = CIRCLE ( 'NONE', #1116, 1.399999999999998579 ) ;
#1670 = VERTEX_POINT ( 'NONE', #1953 ) ;
#1671 = EDGE_CURVE ( 'NONE', #809, #1596, #1318, .T. ) ;
#1672 = CYLINDRICAL_SURFACE ( 'NONE', #778, 40.00000000000000711 ) ;
#1673 = EDGE_CURVE ( 'NONE', #514, #1813, #422, .T. ) ;
#1674 = ORIENTED_EDGE ( 'NONE', *, *, #2391, .F. ) ;
#1675 = DIRECTION ( 'NONE',  ( 0.000000000000000000, -1.000000000000000000, 0.000000000000000000 ) ) ;
#1676 = DIRECTION ( 'NONE',  ( -0.000000000000000000, 1.000000000000000000, -0.000000000000000000 ) ) ;
#1677 = CARTESIAN_POINT ( 'NONE',  ( 38.54219012055751392, -6.000000000000000000, -97.49999999999997158 ) ) ;
#1678 = ORIENTED_EDGE ( 'NONE', *, *, #1525, .F. ) ;
#1679 = EDGE_LOOP ( 'NONE', ( #2428, #1864, #404, #159 ) ) ;
#1680 = CYLINDRICAL_SURFACE ( 'NONE', #1803, 1.399999999999998579 ) ;
#1681 = DIRECTION ( 'NONE',  ( 0.000000000000000000, -1.000000000000000000, 0.000000000000000000 ) ) ;
#1682 = DIRECTION ( 'NONE',  ( -0.000000000000000000, 1.000000000000000000, -0.000000000000000000 ) ) ;
#1683 = ORIENTED_EDGE ( 'NONE', *, *, #1492, .T. ) ;
#1684 = EDGE_LOOP ( 'NONE', ( #1545, #381 ) ) ;
#1685 = ORIENTED_EDGE ( 'NONE', *, *, #1724, .T. ) ;
#1686 = AXIS2_PLACEMENT_3D ( 'NONE', #1999, #2436, #1320 ) ;
#1687 = CARTESIAN_POINT ( 'NONE',  ( 67.50000000000018474, 0.000000000000000000, -38.54219012055743576 ) ) ;
#1688 = ORIENTED_EDGE ( 'NONE', *, *, #663, .T. ) ;
#1689 = ADVANCED_FACE ( 'NONE', ( #2188 ), #1079, .F. ) ;
#1690 = DIRECTION ( 'NONE',  ( 0.000000000000000000, 0.000000000000000000, -1.000000000000000000 ) ) ;
#1691 = VECTOR ( 'NONE', #830, 1000.000000000000000 ) ;
#1692 = ADVANCED_FACE ( 'NONE', ( #819 ), #1680, .F. ) ;
#1693 = CARTESIAN_POINT ( 'NONE',  ( 10.00000000000000000, -6.000000000000000000, -152.5999999999999659 ) ) ;
#1694 = FACE_OUTER_BOUND ( 'NONE', #1448, .T. ) ;
#1695 = ORIENTED_EDGE ( 'NONE', *, *, #2872, .T. ) ;
#1696 = CARTESIAN_POINT ( 'NONE',  ( 0.000000000000000000, 14.00000000000000000, -160.0000000000000000 ) ) ;
#1697 = LINE ( 'NONE', #1048, #2553 ) ;
#1698 = CIRCLE ( 'NONE', #2683, 5.000000000000004441 ) ;
#1699 = ORIENTED_EDGE ( 'NONE', *, *, #2826, .T. ) ;
#1700 = CARTESIAN_POINT ( 'NONE',  ( 97.50000000000019895, 14.00000000000000000, -17.60879858375504270 ) ) ;
#1701 = ORIENTED_EDGE ( 'NONE', *, *, #158, .F. ) ;
#1702 = LINE ( 'NONE', #1973, #1283 ) ;
#1703 = DIRECTION ( 'NONE',  ( 0.000000000000000000, 0.000000000000000000, 1.000000000000000000 ) ) ;
#1704 = ORIENTED_EDGE ( 'NONE', *, *, #1312, .T. ) ;
#1705 = ORIENTED_EDGE ( 'NONE', *, *, #2662, .T. ) ;
#1706 = CARTESIAN_POINT ( 'NONE',  ( 0.000000000000000000, 14.00000000000000000, 0.000000000000000000 ) ) ;
#1707 = EDGE_CURVE ( 'NONE', #1818, #980, #151, .T. ) ;
#1708 = EDGE_CURVE ( 'NONE', #2843, #798, #2512, .T. ) ;
#1709 = VECTOR ( 'NONE', #1396, 1000.000000000000000 ) ;
#1710 = VECTOR ( 'NONE', #739, 1000.000000000000000 ) ;
#1711 = CARTESIAN_POINT ( 'NONE',  ( 90.00000000000022737, 4.000000000000000000, -59.17949192431132133 ) ) ;
#1712 = AXIS2_PLACEMENT_3D ( 'NONE', #1134, #1814, #476 ) ;
#1713 = VECTOR ( 'NONE', #601, 1000.000000000000000 ) ;
#1714 = EDGE_LOOP ( 'NONE', ( #735, #1870, #2052, #2043 ) ) ;
#1715 = ORIENTED_EDGE ( 'NONE', *, *, #452, .T. ) ;
#1716 = CYLINDRICAL_SURFACE ( 'NONE', #1371, 3.500000000000016875 ) ;
#1717 = CIRCLE ( 'NONE', #2093, 1.399999999999984590 ) ;
#1718 = DIRECTION ( 'NONE',  ( 0.000000000000000000, 1.000000000000000000, -0.000000000000000000 ) ) ;
#1719 = ORIENTED_EDGE ( 'NONE', *, *, #1707, .F. ) ;
#1720 = ORIENTED_EDGE ( 'NONE', *, *, #43, .F. ) ;
#1721 = DIRECTION ( 'NONE',  ( -0.000000000000000000, 1.000000000000000000, -0.000000000000000000 ) ) ;
#1722 = DIRECTION ( 'NONE',  ( 0.000000000000000000, -1.000000000000000000, 0.000000000000000000 ) ) ;
#1723 = EDGE_CURVE ( 'NONE', #2042, #711, #751, .T. ) ;
#1724 = EDGE_CURVE ( 'NONE', #2809, #2854, #2335, .T. ) ;
#1725 = ORIENTED_EDGE ( 'NONE', *, *, #1189, .F. ) ;
#1726 = CYLINDRICAL_SURFACE ( 'NONE', #880, 2.599999999999990319 ) ;
#1727 = FACE_OUTER_BOUND ( 'NONE', #4, .T. ) ;
#1728 = VERTEX_POINT ( 'NONE', #643 ) ;
#1729 = VERTEX_POINT ( 'NONE', #2672 ) ;
#1730 = AXIS2_PLACEMENT_3D ( 'NONE', #1445, #2329, #349 ) ;
#1731 = FACE_BOUND ( 'NONE', #197, .T. ) ;
#1732 = DIRECTION ( 'NONE',  ( 0.000000000000000000, 1.000000000000000000, 0.000000000000000000 ) ) ;
#1733 = LINE ( 'NONE', #1100, #2084 ) ;
#1734 = ADVANCED_FACE ( 'NONE', ( #2001 ), #491, .F. ) ;
#1735 = VECTOR ( 'NONE', #2007, 1000.000000000000000 ) ;
#1736 = ORIENTED_EDGE ( 'NONE', *, *, #1344, .T. ) ;
#1737 = CARTESIAN_POINT ( 'NONE',  ( 90.00000000000011369, 4.000000000000000000, -98.72050807568874120 ) ) ;
#1738 = EDGE_CURVE ( 'NONE', #846, #1789, #1669, .T. ) ;
#1739 = EDGE_CURVE ( 'NONE', #1596, #1457, #6, .T. ) ;
#1740 = CIRCLE ( 'NONE', #1413, 1.399999999999998579 ) ;
#1741 = LINE ( 'NONE', #2603, #1270 ) ;
#1742 = DIRECTION ( 'NONE',  ( -1.000000000000000000, -0.000000000000000000, -0.000000000000000000 ) ) ;
#1743 = ORIENTED_EDGE ( 'NONE', *, *, #1187, .F. ) ;
#1744 = DIRECTION ( 'NONE',  ( 0.000000000000000000, -1.000000000000000000, 0.000000000000000000 ) ) ;
#1745 = DIRECTION ( 'NONE',  ( -1.000000000000000000, 0.000000000000000000, -0.000000000000000000 ) ) ;
#1746 = EDGE_LOOP ( 'NONE', ( #2343, #2661, #2599, #1637, #128, #397, #2583, #1246 ) ) ;
#1747 = CARTESIAN_POINT ( 'NONE',  ( 70.00000000000005684, 14.00000000000000000, -97.32050807568879236 ) ) ;
#1748 = EDGE_LOOP ( 'NONE', ( #664, #991, #2777, #123 ) ) ;
#1749 = DIRECTION ( 'NONE',  ( -0.000000000000000000, -1.000000000000000000, -0.000000000000000000 ) ) ;
#1750 = AXIS2_PLACEMENT_3D ( 'NONE', #876, #443, #892 ) ;
#1751 = VERTEX_POINT ( 'NONE', #2765 ) ;
#1752 = VECTOR ( 'NONE', #899, 1000.000000000000000 ) ;
#1753 = CARTESIAN_POINT ( 'NONE',  ( 70.00000000000017053, 4.000000000000000000, -66.17949192431113659 ) ) ;
#1754 = EDGE_CURVE ( 'NONE', #1400, #2017, #984, .T. ) ;
#1755 = DIRECTION ( 'NONE',  ( -0.000000000000000000, 1.000000000000000000, -0.000000000000000000 ) ) ;
#1756 = VECTOR ( 'NONE', #407, 1000.000000000000000 ) ;
#1757 = ORIENTED_EDGE ( 'NONE', *, *, #721, .F. ) ;
#1758 = CARTESIAN_POINT ( 'NONE',  ( 80.00000000000001421, 0.000000000000000000, -79.99999999999998579 ) ) ;
#1759 = CARTESIAN_POINT ( 'NONE',  ( 10.00000000000000000, -6.000000000000000000, -10.00000000000000888 ) ) ;
#1760 = AXIS2_PLACEMENT_3D ( 'NONE', #1377, #296, #2261 ) ;
#1761 = DIRECTION ( 'NONE',  ( 0.000000000000000000, 0.000000000000000000, 1.000000000000000000 ) ) ;
#1762 = ORIENTED_EDGE ( 'NONE', *, *, #1292, .T. ) ;
#1763 = VERTEX_POINT ( 'NONE', #1862 ) ;
#1764 = CARTESIAN_POINT ( 'NONE',  ( 121.4578098794425216, 14.00000000000000000, -97.49999999999997158 ) ) ;
#1765 = ORIENTED_EDGE ( 'NONE', *, *, #2538, .T. ) ;
#1766 = LINE ( 'NONE', #32, #923 ) ;
#1767 = DIRECTION ( 'NONE',  ( 0.000000000000000000, 0.000000000000000000, -1.000000000000000000 ) ) ;
#1768 = CARTESIAN_POINT ( 'NONE',  ( 142.1738015342654364, 0.000000000000000000, -61.04166666666665719 ) ) ;
#1769 = ADVANCED_FACE ( 'NONE', ( #1646 ), #2326, .F. ) ;
#1770 = EDGE_LOOP ( 'NONE', ( #42, #2274 ) ) ;
#1771 = EDGE_CURVE ( 'NONE', #2061, #1196, #297, .T. ) ;
#1772 = CARTESIAN_POINT ( 'NONE',  ( 80.00000000000001421, 0.000000000000000000, -79.99999999999998579 ) ) ;
#1773 = CARTESIAN_POINT ( 'NONE',  ( 150.0000000000000284, -6.000000000000000000, -7.399999999999991473 ) ) ;
#1774 = AXIS2_PLACEMENT_3D ( 'NONE', #1706, #1255, #653 ) ;
#1775 = EDGE_LOOP ( 'NONE', ( #957, #2523, #1553, #1421 ) ) ;
#1776 = ORIENTED_EDGE ( 'NONE', *, *, #1886, .T. ) ;
#1777 = CIRCLE ( 'NONE', #1402, 5.000000000000004441 ) ;
#1778 = CARTESIAN_POINT ( 'NONE',  ( 70.00000000000005684, 14.00000000000000000, -98.72050807568878383 ) ) ;
#1779 = DIRECTION ( 'NONE',  ( 0.000000000000000000, -1.000000000000000000, 0.000000000000000000 ) ) ;
#1780 = CIRCLE ( 'NONE', #546, 5.000000000000004441 ) ;
#1781 = DIRECTION ( 'NONE',  ( -0.000000000000000000, 1.000000000000000000, -0.000000000000000000 ) ) ;
#1782 = CIRCLE ( 'NONE', #1507, 2.600000000000019185 ) ;
#1783 = CARTESIAN_POINT ( 'NONE',  ( 150.0000000000000000, 14.00000000000000000, -160.0000000000000000 ) ) ;
#1784 = MANIFOLD_SOLID_BREP ( 'Ô²½Ç3', #2531 ) ;
#1785 = VERTEX_POINT ( 'NONE', #2511 ) ;
#1786 = FACE_BOUND ( 'NONE', #636, .T. ) ;
#1787 = DIRECTION ( 'NONE',  ( -0.000000000000000000, 1.000000000000000000, -0.000000000000000000 ) ) ;
#1788 = CARTESIAN_POINT ( 'NONE',  ( 69.99999999999992895, 0.000000000000000000, -93.82050807568873552 ) ) ;
#1789 = VERTEX_POINT ( 'NONE', #584 ) ;
#1790 = VERTEX_POINT ( 'NONE', #1193 ) ;
#1791 = EDGE_CURVE ( 'NONE', #668, #316, #1455, .T. ) ;
#1792 = DIRECTION ( 'NONE',  ( 0.000000000000000000, 0.000000000000000000, -1.000000000000000000 ) ) ;
#1793 = DIRECTION ( 'NONE',  ( -0.000000000000000000, 1.000000000000000000, -0.000000000000000000 ) ) ;
#1794 = CARTESIAN_POINT ( 'NONE',  ( 90.00000000000022737, 4.000000000000000000, -62.67949192431134264 ) ) ;
#1795 = CARTESIAN_POINT ( 'NONE',  ( 137.3912014162449964, -6.000000000000000000, -62.50000000000000000 ) ) ;
#1796 = AXIS2_PLACEMENT_3D ( 'NONE', #103, #2130, #2304 ) ;
#1797 = AXIS2_PLACEMENT_3D ( 'NONE', #191, #1074, #1087 ) ;
#1798 = CARTESIAN_POINT ( 'NONE',  ( 70.00000000000017053, 4.000000000000000000, -62.67949192431112948 ) ) ;
#1799 = ORIENTED_EDGE ( 'NONE', *, *, #2391, .T. ) ;
#1800 = DIRECTION ( 'NONE',  ( 0.000000000000000000, 0.000000000000000000, -1.000000000000000000 ) ) ;
#1801 = DIRECTION ( 'NONE',  ( 0.000000000000000000, 0.000000000000000000, -1.000000000000000000 ) ) ;
#1802 = CARTESIAN_POINT ( 'NONE',  ( 90.00000000000022737, 4.000000000000000000, -62.67949192431134264 ) ) ;
#1803 = AXIS2_PLACEMENT_3D ( 'NONE', #1486, #2812, #1032 ) ;
#1804 = ORIENTED_EDGE ( 'NONE', *, *, #723, .T. ) ;
#1805 = AXIS2_PLACEMENT_3D ( 'NONE', #2580, #1014, #1645 ) ;
#1806 = EDGE_CURVE ( 'NONE', #1729, #2519, #2353, .T. ) ;
#1807 = DIRECTION ( 'NONE',  ( -0.000000000000000000, 1.000000000000000000, -0.000000000000000000 ) ) ;
#1808 = DIRECTION ( 'NONE',  ( 0.000000000000000000, 0.000000000000000000, -1.000000000000000000 ) ) ;
#1809 = FACE_OUTER_BOUND ( 'NONE', #1224, .T. ) ;
#1810 = CARTESIAN_POINT ( 'NONE',  ( 97.50000000000012790, 14.00000000000000000, -38.54219012055754234 ) ) ;
#1811 = CARTESIAN_POINT ( 'NONE',  ( 62.50000000000023448, -6.000000000000000000, -17.60879858375491835 ) ) ;
#1812 = FACE_BOUND ( 'NONE', #779, .T. ) ;
#1813 = VERTEX_POINT ( 'NONE', #1176 ) ;
#1814 = DIRECTION ( 'NONE',  ( 0.000000000000000000, -1.000000000000000000, 0.000000000000000000 ) ) ;
#1815 = CARTESIAN_POINT ( 'NONE',  ( 80.00000000000001421, 14.00000000000000000, -79.99999999999998579 ) ) ;
#1816 = DIRECTION ( 'NONE',  ( 0.000000000000000000, 0.000000000000000000, -1.000000000000000000 ) ) ;
#1817 = VERTEX_POINT ( 'NONE', #2526 ) ;
#1818 = VERTEX_POINT ( 'NONE', #2069 ) ;
#1819 = AXIS2_PLACEMENT_3D ( 'NONE', #973, #1681, #124 ) ;
#1820 = AXIS2_PLACEMENT_3D ( 'NONE', #2701, #1979, #2881 ) ;
#1821 = CARTESIAN_POINT ( 'NONE',  ( 70.00000000000005684, 14.00000000000000000, -97.32050807568879236 ) ) ;
#1822 = CARTESIAN_POINT ( 'NONE',  ( 80.00000000000001421, 0.000000000000000000, -64.99999999999998579 ) ) ;
#1823 = CARTESIAN_POINT ( 'NONE',  ( 69.99999999999992895, 4.000000000000000000, -100.8205080756887355 ) ) ;
#1824 = CARTESIAN_POINT ( 'NONE',  ( 160.0000000000000000, 0.000000000000000000, -150.0000000000000000 ) ) ;
#1825 = EDGE_CURVE ( 'NONE', #585, #901, #2416, .T. ) ;
#1826 = ORIENTED_EDGE ( 'NONE', *, *, #2474, .T. ) ;
#1827 = CARTESIAN_POINT ( 'NONE',  ( 0.000000000000000000, 14.00000000000000000, -67.50000000000000000 ) ) ;
#1828 = DIRECTION ( 'NONE',  ( 0.000000000000000000, 0.000000000000000000, -1.000000000000000000 ) ) ;
#1829 = AXIS2_PLACEMENT_3D ( 'NONE', #1065, #1718, #1703 ) ;
#1830 = DIRECTION ( 'NONE',  ( 0.000000000000000000, 0.000000000000000000, -1.000000000000000000 ) ) ;
#1831 =( LENGTH_UNIT ( ) NAMED_UNIT ( * ) SI_UNIT ( .MILLI., .METRE. ) );
#1832 = ORIENTED_EDGE ( 'NONE', *, *, #1379, .T. ) ;
#1833 = VERTEX_POINT ( 'NONE', #2630 ) ;
#1834 = CARTESIAN_POINT ( 'NONE',  ( 69.99999999999981526, -2.000000000000000000, -61.27949192431130143 ) ) ;
#1835 = PLANE ( 'NONE',  #2369 ) ;
#1836 = ORIENTED_EDGE ( 'NONE', *, *, #30, .F. ) ;
#1837 = VERTEX_POINT ( 'NONE', #2865 ) ;
#1838 = VERTEX_POINT ( 'NONE', #1783 ) ;
#1839 = LINE ( 'NONE', #1205, #1273 ) ;
#1840 = CIRCLE ( 'NONE', #1796, 2.500000000000009326 ) ;
#1841 = EDGE_LOOP ( 'NONE', ( #670, #2754, #1704, #1204 ) ) ;
#1842 = EDGE_CURVE ( 'NONE', #2682, #1364, #1154, .T. ) ;
#1843 = CIRCLE ( 'NONE', #1519, 2.599999999999991207 ) ;
#1844 = ADVANCED_FACE ( 'NONE', ( #391 ), #2710, .T. ) ;
#1845 = AXIS2_PLACEMENT_3D ( 'NONE', #2705, #737, #2037 ) ;
#1846 = LINE ( 'NONE', #2751, #173 ) ;
#1847 = PRESENTATION_STYLE_ASSIGNMENT (( #2565 ) ) ;
#1848 = ORIENTED_EDGE ( 'NONE', *, *, #2793, .T. ) ;
#1849 = ORIENTED_EDGE ( 'NONE', *, *, #2340, .T. ) ;
#1850 = DIRECTION ( 'NONE',  ( 0.000000000000000000, 0.000000000000000000, -1.000000000000000000 ) ) ;
#1851 = AXIS2_PLACEMENT_3D ( 'NONE', #2173, #2395, #1981 ) ;
#1852 = FACE_OUTER_BOUND ( 'NONE', #29, .T. ) ;
#1853 = DIRECTION ( 'NONE',  ( 0.000000000000000000, 0.000000000000000000, -1.000000000000000000 ) ) ;
#1854 = ORIENTED_EDGE ( 'NONE', *, *, #2423, .F. ) ;
#1855 = EDGE_LOOP ( 'NONE', ( #1008, #2520, #1743, #2091 ) ) ;
#1856 = EDGE_LOOP ( 'NONE', ( #2146, #428, #201, #1757 ) ) ;
#1857 = CARTESIAN_POINT ( 'NONE',  ( 80.00000000000001421, 14.00000000000000000, -79.99999999999998579 ) ) ;
#1858 = CYLINDRICAL_SURFACE ( 'NONE', #2256, 1.399999999999984590 ) ;
#1859 = ORIENTED_EDGE ( 'NONE', *, *, #1863, .F. ) ;
#1860 = CARTESIAN_POINT ( 'NONE',  ( 60.00000000000001421, 14.00000000000000000, -79.99999999999998579 ) ) ;
#1861 = CARTESIAN_POINT ( 'NONE',  ( 67.50000000000032685, 14.00000000000000000, -2.542552780685305541E-13 ) ) ;
#1862 = CARTESIAN_POINT ( 'NONE',  ( 90.00000000000022737, 0.000000000000000000, -66.17949192431134975 ) ) ;
#1863 = EDGE_CURVE ( 'NONE', #1196, #2649, #656, .T. ) ;
#1864 = ORIENTED_EDGE ( 'NONE', *, *, #126, .T. ) ;
#1865 = EDGE_LOOP ( 'NONE', ( #1237, #293 ) ) ;
#1866 = FACE_OUTER_BOUND ( 'NONE', #1210, .T. ) ;
#1867 = EDGE_CURVE ( 'NONE', #1813, #1952, #979, .T. ) ;
#1868 = DIRECTION ( 'NONE',  ( 0.000000000000000000, 0.000000000000000000, -1.000000000000000000 ) ) ;
#1869 = DIRECTION ( 'NONE',  ( 0.000000000000000000, -1.000000000000000000, 0.000000000000000000 ) ) ;
#1870 = ORIENTED_EDGE ( 'NONE', *, *, #60, .T. ) ;
#1871 = DIRECTION ( 'NONE',  ( 0.000000000000000000, 0.000000000000000000, 1.000000000000000000 ) ) ;
#1872 = EDGE_LOOP ( 'NONE', ( #1262, #1365, #967, #2759 ) ) ;
#1873 = VECTOR ( 'NONE', #2596, 1000.000000000000000 ) ;
#1874 = ORIENTED_EDGE ( 'NONE', *, *, #896, .T. ) ;
#1875 = CARTESIAN_POINT ( 'NONE',  ( 97.49999999999984368, 14.00000000000000000, -121.4578098794425642 ) ) ;
#1876 = ORIENTED_EDGE ( 'NONE', *, *, #289, .F. ) ;
#1877 = DIRECTION ( 'NONE',  ( 0.000000000000000000, -1.000000000000000000, 0.000000000000000000 ) ) ;
#1878 = DIRECTION ( 'NONE',  ( -0.000000000000000000, 1.000000000000000000, -0.000000000000000000 ) ) ;
#1879 = CARTESIAN_POINT ( 'NONE',  ( 98.95833333333308701, -6.000000000000000000, -142.1738015342654933 ) ) ;
#1880 = ORIENTED_EDGE ( 'NONE', *, *, #2375, .F. ) ;
#1881 = VERTEX_POINT ( 'NONE', #2648 ) ;
#1882 = VECTOR ( 'NONE', #554, 1000.000000000000000 ) ;
#1883 = DIRECTION ( 'NONE',  ( -0.000000000000000000, 1.000000000000000000, -0.000000000000000000 ) ) ;
#1884 = AXIS2_PLACEMENT_3D ( 'NONE', #1875, #2778, #781 ) ;
#1885 = DIRECTION ( 'NONE',  ( 0.000000000000000000, -1.000000000000000000, 0.000000000000000000 ) ) ;
#1886 = EDGE_CURVE ( 'NONE', #2379, #1248, #626, .T. ) ;
#1887 = ORIENTED_EDGE ( 'NONE', *, *, #268, .F. ) ;
#1888 = ORIENTED_EDGE ( 'NONE', *, *, #2010, .F. ) ;
#1889 = CARTESIAN_POINT ( 'NONE',  ( 150.0000000000000284, 14.00000000000000000, -150.0000000000000000 ) ) ;
#1890 = VERTEX_POINT ( 'NONE', #15 ) ;
#1891 = CIRCLE ( 'NONE', #2790, 3.500000000000016875 ) ;
#1892 = FACE_OUTER_BOUND ( 'NONE', #357, .T. ) ;
#1893 = FACE_OUTER_BOUND ( 'NONE', #161, .T. ) ;
#1894 = PLANE ( 'NONE',  #2059 ) ;
#1895 = ORIENTED_EDGE ( 'NONE', *, *, #2295, .T. ) ;
#1896 = AXIS2_PLACEMENT_3D ( 'NONE', #2499, #1915, #2831 ) ;
#1897 = LINE ( 'NONE', #154, #1082 ) ;
#1898 = CARTESIAN_POINT ( 'NONE',  ( 70.00000000000005684, 4.000000000000000000, -98.72050807568878383 ) ) ;
#1899 = ORIENTED_EDGE ( 'NONE', *, *, #1058, .T. ) ;
#1900 = EDGE_CURVE ( 'NONE', #2514, #2542, #450, .T. ) ;
#1901 = AXIS2_PLACEMENT_3D ( 'NONE', #635, #1510, #416 ) ;
#1902 = ORIENTED_EDGE ( 'NONE', *, *, #1842, .F. ) ;
#1903 = ADVANCED_FACE ( 'NONE', ( #1296 ), #1321, .F. ) ;
#1904 = VECTOR ( 'NONE', #1125, 1000.000000000000000 ) ;
#1905 = EDGE_LOOP ( 'NONE', ( #817, #479, #2876, #1126 ) ) ;
#1906 = LINE ( 'NONE', #100, #549 ) ;
#1907 = ORIENTED_EDGE ( 'NONE', *, *, #582, .F. ) ;
#1908 = CYLINDRICAL_SURFACE ( 'NONE', #2136, 5.000000000000000888 ) ;
#1909 = LINE ( 'NONE', #1693, #78 ) ;
#1910 = DIRECTION ( 'NONE',  ( -0.000000000000000000, 1.000000000000000000, -0.000000000000000000 ) ) ;
#1911 = CARTESIAN_POINT ( 'NONE',  ( 92.50000000000029843, -6.000000000000000000, -3.484238995753929781E-13 ) ) ;
#1912 = ORIENTED_EDGE ( 'NONE', *, *, #1398, .F. ) ;
#1913 = EDGE_CURVE ( 'NONE', #347, #764, #1071, .T. ) ;
#1914 = DIRECTION ( 'NONE',  ( 0.000000000000000000, 0.000000000000000000, -1.000000000000000000 ) ) ;
#1915 = DIRECTION ( 'NONE',  ( 0.000000000000000000, -1.000000000000000000, 0.000000000000000000 ) ) ;
#1916 = CARTESIAN_POINT ( 'NONE',  ( 100.0000000000000000, 14.00000000000000000, -78.59999999999986642 ) ) ;
#1917 = CARTESIAN_POINT ( 'NONE',  ( 0.000000000000000000, 14.00000000000000000, 0.000000000000000000 ) ) ;
#1918 = VERTEX_POINT ( 'NONE', #213 ) ;
#1919 = EDGE_CURVE ( 'NONE', #764, #519, #2140, .T. ) ;
#1920 = ORIENTED_EDGE ( 'NONE', *, *, #933, .F. ) ;
#1921 = AXIS2_PLACEMENT_3D ( 'NONE', #1759, #2632, #638 ) ;
#1922 = DIRECTION ( 'NONE',  ( 0.000000000000000000, 0.000000000000000000, -1.000000000000000000 ) ) ;
#1923 = EDGE_LOOP ( 'NONE', ( #619, #2362, #168, #2785 ) ) ;
#1924 = DIRECTION ( 'NONE',  ( 0.000000000000000000, 0.000000000000000000, 1.000000000000000000 ) ) ;
#1925 = EDGE_CURVE ( 'NONE', #1881, #1531, #1956, .T. ) ;
#1926 = EDGE_CURVE ( 'NONE', #334, #1263, #1717, .T. ) ;
#1927 = DIRECTION ( 'NONE',  ( 0.000000000000000000, 0.000000000000000000, -1.000000000000000000 ) ) ;
#1928 = CARTESIAN_POINT ( 'NONE',  ( 150.0000000000000284, 14.00000000000000000, -150.0000000000000000 ) ) ;
#1929 = ORIENTED_EDGE ( 'NONE', *, *, #2714, .F. ) ;
#1930 = DIRECTION ( 'NONE',  ( 0.000000000000000000, -1.000000000000000000, 0.000000000000000000 ) ) ;
#1931 = AXIS2_PLACEMENT_3D ( 'NONE', #621, #648, #1495 ) ;
#1932 = DIRECTION ( 'NONE',  ( -0.000000000000000000, 1.000000000000000000, -0.000000000000000000 ) ) ;
#1933 = CIRCLE ( 'NONE', #134, 5.000000000000000888 ) ;
#1934 = ORIENTED_EDGE ( 'NONE', *, *, #542, .F. ) ;
#1935 = CYLINDRICAL_SURFACE ( 'NONE', #2073, 1.400000000000012346 ) ;
#1936 = CARTESIAN_POINT ( 'NONE',  ( 10.00000000000000000, 0.000000000000000000, -10.00000000000000000 ) ) ;
#1937 = VERTEX_POINT ( 'NONE', #900 ) ;
#1938 = EDGE_CURVE ( 'NONE', #325, #290, #2184, .T. ) ;
#1939 = VERTEX_POINT ( 'NONE', #1081 ) ;
#1940 = EDGE_CURVE ( 'NONE', #787, #459, #614, .T. ) ;
#1941 = CARTESIAN_POINT ( 'NONE',  ( 60.00000000000001421, 4.000000000000000000, -79.99999999999998579 ) ) ;
#1942 = DIRECTION ( 'NONE',  ( 0.000000000000000000, 0.000000000000000000, -1.000000000000000000 ) ) ;
#1943 = AXIS2_PLACEMENT_3D ( 'NONE', #111, #61, #959 ) ;
#1944 = AXIS2_PLACEMENT_3D ( 'NONE', #702, #1604, #2075 ) ;
#1945 = VECTOR ( 'NONE', #755, 1000.000000000000000 ) ;
#1946 = ORIENTED_EDGE ( 'NONE', *, *, #1738, .F. ) ;
#1947 = CIRCLE ( 'NONE', #1851, 3.500000000000003109 ) ;
#1948 = PLANE ( 'NONE',  #2740 ) ;
#1949 = AXIS2_PLACEMENT_3D ( 'NONE', #2249, #2483, #2444 ) ;
#1950 = DIRECTION ( 'NONE',  ( 0.000000000000000000, 0.000000000000000000, -1.000000000000000000 ) ) ;
#1951 = EDGE_LOOP ( 'NONE', ( #2745, #2551, #1101, #2605 ) ) ;
#1952 = VERTEX_POINT ( 'NONE', #1060 ) ;
#1953 = CARTESIAN_POINT ( 'NONE',  ( 90.00000000000011369, 14.00000000000000000, -95.92050807568871562 ) ) ;
#1954 = DIRECTION ( 'NONE',  ( 0.000000000000000000, 0.000000000000000000, -1.000000000000000000 ) ) ;
#1955 = ADVANCED_FACE ( 'NONE', ( #2610 ), #437, .F. ) ;
#1956 = LINE ( 'NONE', #860, #1616 ) ;
#1957 = DIRECTION ( 'NONE',  ( 0.000000000000000000, -1.000000000000000000, 0.000000000000000000 ) ) ;
#1958 = ADVANCED_FACE ( 'NONE', ( #2163 ), #1983, .F. ) ;
#1959 = ADVANCED_FACE ( 'NONE', ( #850 ), #189, .F. ) ;
#1960 = ORIENTED_EDGE ( 'NONE', *, *, #388, .T. ) ;
#1961 = DIRECTION ( 'NONE',  ( 0.000000000000000000, 0.000000000000000000, -1.000000000000000000 ) ) ;
#1962 = VECTOR ( 'NONE', #936, 1000.000000000000000 ) ;
#1963 = CARTESIAN_POINT ( 'NONE',  ( 121.4578098794425216, -6.000000000000000000, -97.49999999999997158 ) ) ;
#1964 = FACE_OUTER_BOUND ( 'NONE', #1656, .T. ) ;
#1965 = VERTEX_POINT ( 'NONE', #230 ) ;
#1966 = AXIS2_PLACEMENT_3D ( 'NONE', #1306, #1721, #612 ) ;
#1967 = DIRECTION ( 'NONE',  ( 0.000000000000000000, -1.000000000000000000, 0.000000000000000000 ) ) ;
#1968 = FACE_BOUND ( 'NONE', #1568, .T. ) ;
#1969 = CARTESIAN_POINT ( 'NONE',  ( 89.99999999999985789, -2.000000000000000000, -62.67949192431110106 ) ) ;
#1970 = ORIENTED_EDGE ( 'NONE', *, *, #896, .F. ) ;
#1971 = DIRECTION ( 'NONE',  ( 0.000000000000000000, 0.000000000000000000, 1.000000000000000000 ) ) ;
#1972 = EDGE_CURVE ( 'NONE', #2789, #2150, #1528, .T. ) ;
#1973 = CARTESIAN_POINT ( 'NONE',  ( 150.0000000000000284, -6.000000000000000000, -12.60000000000002629 ) ) ;
#1974 = AXIS2_PLACEMENT_3D ( 'NONE', #1423, #135, #969 ) ;
#1975 = ORIENTED_EDGE ( 'NONE', *, *, #2787, .T. ) ;
#1976 = DIRECTION ( 'NONE',  ( -0.000000000000000000, 1.000000000000000000, -0.000000000000000000 ) ) ;
#1977 = AXIS2_PLACEMENT_3D ( 'NONE', #893, #49, #1767 ) ;
#1978 = CARTESIAN_POINT ( 'NONE',  ( 10.00000000000000000, -6.000000000000000000, -12.59999999999999964 ) ) ;
#1979 = DIRECTION ( 'NONE',  ( -0.000000000000000000, 1.000000000000000000, -0.000000000000000000 ) ) ;
#1980 = EDGE_LOOP ( 'NONE', ( #361, #1238, #245, #2527 ) ) ;
#1981 = DIRECTION ( 'NONE',  ( 0.000000000000000000, 0.000000000000000000, -1.000000000000000000 ) ) ;
#1982 = DIRECTION ( 'NONE',  ( 0.000000000000000000, 0.000000000000000000, -1.000000000000000000 ) ) ;
#1983 = CYLINDRICAL_SURFACE ( 'NONE', #2703, 5.000000000000000888 ) ;
#1984 = EDGE_LOOP ( 'NONE', ( #2099, #1586, #2718, #1688 ) ) ;
#1985 = ORIENTED_EDGE ( 'NONE', *, *, #1258, .T. ) ;
#1986 = AXIS2_PLACEMENT_3D ( 'NONE', #605, #411, #1301 ) ;
#1987 = CYLINDRICAL_SURFACE ( 'NONE', #1107, 40.00000000000000711 ) ;
#1988 = EDGE_LOOP ( 'NONE', ( #1183, #1907, #2823, #1300 ) ) ;
#1989 = CARTESIAN_POINT ( 'NONE',  ( 150.0000000000000284, 0.000000000000000000, -10.00000000000000888 ) ) ;
#1990 = CIRCLE ( 'NONE', #744, 2.599999999999991207 ) ;
#1991 = ADVANCED_FACE ( 'NONE', ( #1542 ), #2620, .F. ) ;
#1992 = VECTOR ( 'NONE', #1793, 1000.000000000000000 ) ;
#1993 = DIRECTION ( 'NONE',  ( 0.000000000000000000, 1.000000000000000000, 0.000000000000000000 ) ) ;
#1994 = ADVANCED_FACE ( 'NONE', ( #1529, #2437 ), #1113, .T. ) ;
#1995 = LINE ( 'NONE', #1567, #2398 ) ;
#1996 = STYLED_ITEM ( 'NONE', ( #1847 ), #1784 ) ;
#1997 = ORIENTED_EDGE ( 'NONE', *, *, #2533, .F. ) ;
#1998 = CARTESIAN_POINT ( 'NONE',  ( 67.49999999999987210, 14.00000000000000000, -121.4578098794424506 ) ) ;
#1999 = CARTESIAN_POINT ( 'NONE',  ( 70.00000000000017053, 4.000000000000000000, -62.67949192431112948 ) ) ;
#2000 = DIRECTION ( 'NONE',  ( 0.000000000000000000, 0.000000000000000000, 1.000000000000000000 ) ) ;
#2001 = FACE_OUTER_BOUND ( 'NONE', #2354, .T. ) ;
#2002 = VERTEX_POINT ( 'NONE', #502 ) ;
#2003 = APPLICATION_CONTEXT ( 'automotive_design' ) ;
#2004 = VERTEX_POINT ( 'NONE', #1348 ) ;
#2005 = DIRECTION ( 'NONE',  ( 0.000000000000000000, 0.000000000000000000, 1.000000000000000000 ) ) ;
#2006 = DIRECTION ( 'NONE',  ( -1.000000000000000000, -0.000000000000000000, -0.000000000000000000 ) ) ;
#2007 = DIRECTION ( 'NONE',  ( -0.000000000000000000, 1.000000000000000000, -0.000000000000000000 ) ) ;
#2008 = ORIENTED_EDGE ( 'NONE', *, *, #684, .F. ) ;
#2009 = DIRECTION ( 'NONE',  ( 0.000000000000000000, -1.000000000000000000, 0.000000000000000000 ) ) ;
#2010 = EDGE_CURVE ( 'NONE', #927, #2496, #280, .T. ) ;
#2011 = EDGE_CURVE ( 'NONE', #2149, #455, #244, .T. ) ;
#2012 = DIRECTION ( 'NONE',  ( 0.000000000000000000, -1.000000000000000000, 0.000000000000000000 ) ) ;
#2013 = CARTESIAN_POINT ( 'NONE',  ( 10.00000000000000000, 0.000000000000000000, -10.00000000000000888 ) ) ;
#2014 = FACE_OUTER_BOUND ( 'NONE', #2315, .T. ) ;
#2015 = VECTOR ( 'NONE', #788, 1000.000000000000000 ) ;
#2016 = ORIENTED_EDGE ( 'NONE', *, *, #2859, .T. ) ;
#2017 = VERTEX_POINT ( 'NONE', #69 ) ;
#2018 = DIRECTION ( 'NONE',  ( 0.000000000000000000, 0.000000000000000000, -1.000000000000000000 ) ) ;
#2019 = LINE ( 'NONE', #275, #1992 ) ;
#2020 = CIRCLE ( 'NONE', #1931, 15.00000000000000000 ) ;
#2021 = CARTESIAN_POINT ( 'NONE',  ( 10.00000000000000000, -6.000000000000000000, -149.9999999999999716 ) ) ;
#2022 = VERTEX_POINT ( 'NONE', #2509 ) ;
#2023 = CARTESIAN_POINT ( 'NONE',  ( 80.00000000000001421, -2.000000000000000000, -94.99999999999998579 ) ) ;
#2024 = DIRECTION ( 'NONE',  ( -0.000000000000000000, 1.000000000000000000, -0.000000000000000000 ) ) ;
#2025 = DIRECTION ( 'NONE',  ( 0.000000000000000000, 0.000000000000000000, 1.000000000000000000 ) ) ;
#2026 = EDGE_CURVE ( 'NONE', #873, #798, #2480, .T. ) ;
#2027 = EDGE_CURVE ( 'NONE', #727, #1173, #2467, .T. ) ;
#2028 = ORIENTED_EDGE ( 'NONE', *, *, #366, .T. ) ;
#2029 = LINE ( 'NONE', #2654, #1427 ) ;
#2030 = DIRECTION ( 'NONE',  ( 0.000000000000000000, -1.000000000000000000, 0.000000000000000000 ) ) ;
#2031 = DIRECTION ( 'NONE',  ( 0.000000000000000000, 0.000000000000000000, -1.000000000000000000 ) ) ;
#2032 = DIRECTION ( 'NONE',  ( 0.000000000000000000, -1.000000000000000000, 0.000000000000000000 ) ) ;
#2033 = CIRCLE ( 'NONE', #1712, 3.500000000000016875 ) ;
#2034 = DIRECTION ( 'NONE',  ( -0.000000000000000000, 1.000000000000000000, -0.000000000000000000 ) ) ;
#2035 = DIRECTION ( 'NONE',  ( 0.000000000000000000, 0.000000000000000000, -1.000000000000000000 ) ) ;
#2036 = VERTEX_POINT ( 'NONE', #1788 ) ;
#2037 = DIRECTION ( 'NONE',  ( 0.000000000000000000, 0.000000000000000000, -1.000000000000000000 ) ) ;
#2038 = CARTESIAN_POINT ( 'NONE',  ( 69.99999999999981526, 4.000000000000000000, -64.07949192431132701 ) ) ;
#2039 = EDGE_CURVE ( 'NONE', #764, #2670, #934, .T. ) ;
#2040 = LINE ( 'NONE', #726, #2044 ) ;
#2041 = PRESENTATION_LAYER_ASSIGNMENT (  '', '', ( #1996 ) ) ;
#2042 = VERTEX_POINT ( 'NONE', #2068 ) ;
#2043 = ORIENTED_EDGE ( 'NONE', *, *, #2731, .T. ) ;
#2044 = VECTOR ( 'NONE', #940, 1000.000000000000000 ) ;
#2045 = ADVANCED_FACE ( 'NONE', ( #2707 ), #2722, .F. ) ;
#2046 = EDGE_CURVE ( 'NONE', #2386, #1466, #1556, .T. ) ;
#2047 = DIRECTION ( 'NONE',  ( -3.228638451663862091E-15, 0.000000000000000000, -1.000000000000000000 ) ) ;
#2048 = ADVANCED_FACE ( 'NONE', ( #2014 ), #2246, .F. ) ;
#2049 = DIRECTION ( 'NONE',  ( 2.775557561562892929E-15, 0.000000000000000000, -1.000000000000000000 ) ) ;
#2050 = DIRECTION ( 'NONE',  ( 0.000000000000000000, 0.000000000000000000, 1.000000000000000000 ) ) ;
#2051 = CARTESIAN_POINT ( 'NONE',  ( 89.99999999999985789, 4.000000000000000000, -62.67949192431110106 ) ) ;
#2052 = ORIENTED_EDGE ( 'NONE', *, *, #629, .F. ) ;
#2053 = CARTESIAN_POINT ( 'NONE',  ( 90.00000000000011369, -2.000000000000000000, -97.32050807568873552 ) ) ;
#2054 = DIRECTION ( 'NONE',  ( 0.000000000000000000, 0.000000000000000000, -1.000000000000000000 ) ) ;
#2055 = DIRECTION ( 'NONE',  ( 0.000000000000000000, -1.000000000000000000, 0.000000000000000000 ) ) ;
#2056 = ORIENTED_EDGE ( 'NONE', *, *, #1435, .F. ) ;
#2057 = ORIENTED_EDGE ( 'NONE', *, *, #963, .T. ) ;
#2058 = AXIS2_PLACEMENT_3D ( 'NONE', #2357, #90, #335 ) ;
#2059 = AXIS2_PLACEMENT_3D ( 'NONE', #1911, #403, #816 ) ;
#2060 = LINE ( 'NONE', #528, #1199 ) ;
#2061 = VERTEX_POINT ( 'NONE', #2736 ) ;
#2062 = ADVANCED_FACE ( 'NONE', ( #1137 ), #911, .F. ) ;
#2063 = LINE ( 'NONE', #2473, #950 ) ;
#2064 = CARTESIAN_POINT ( 'NONE',  ( 80.00000000000001421, 14.00000000000000000, -94.99999999999998579 ) ) ;
#2065 = ORIENTED_EDGE ( 'NONE', *, *, #365, .F. ) ;
#2066 = DIRECTION ( 'NONE',  ( 1.000000000000000000, -0.000000000000000000, 0.000000000000000000 ) ) ;
#2067 = CIRCLE ( 'NONE', #1550, 3.500000000000003109 ) ;
#2068 = CARTESIAN_POINT ( 'NONE',  ( 61.04166666666645114, 14.00000000000000000, -142.1738015342653512 ) ) ;
#2069 = CARTESIAN_POINT ( 'NONE',  ( 95.55555555555541503, 0.000000000000000000, -116.8513865595045047 ) ) ;
#2070 = ORIENTED_EDGE ( 'NONE', *, *, #946, .F. ) ;
#2071 = ORIENTED_EDGE ( 'NONE', *, *, #2472, .F. ) ;
#2072 = DIRECTION ( 'NONE',  ( 1.000000000000000000, 0.000000000000000000, -0.000000000000000000 ) ) ;
#2073 = AXIS2_PLACEMENT_3D ( 'NONE', #1286, #644, #2417 ) ;
#2074 = CARTESIAN_POINT ( 'NONE',  ( 92.50000000000014211, 0.000000000000000000, -38.54219012055752103 ) ) ;
#2075 = DIRECTION ( 'NONE',  ( 0.000000000000000000, 0.000000000000000000, -1.000000000000000000 ) ) ;
#2076 = ORIENTED_EDGE ( 'NONE', *, *, #616, .F. ) ;
#2077 = EDGE_LOOP ( 'NONE', ( #1776, #576, #362, #1190 ) ) ;
#2078 = CIRCLE ( 'NONE', #313, 4.999999999999997335 ) ;
#2079 = EDGE_CURVE ( 'NONE', #901, #492, #40, .T. ) ;
#2080 = EDGE_LOOP ( 'NONE', ( #1736, #1277, #1960, #1661 ) ) ;
#2081 = DIRECTION ( 'NONE',  ( 0.000000000000000000, 0.000000000000000000, 1.000000000000000000 ) ) ;
#2082 = CYLINDRICAL_SURFACE ( 'NONE', #637, 3.500000000000003109 ) ;
#2083 = AXIS2_PLACEMENT_3D ( 'NONE', #2339, #812, #1690 ) ;
#2084 = VECTOR ( 'NONE', #2621, 1000.000000000000000 ) ;
#2085 = EDGE_LOOP ( 'NONE', ( #250, #1848, #1211, #1165, #1068, #695, #233, #1433, #1323 ) ) ;
#2086 = FACE_OUTER_BOUND ( 'NONE', #524, .T. ) ;
#2087 = CIRCLE ( 'NONE', #2, 2.500000000000015987 ) ;
#2088 = AXIS2_PLACEMENT_3D ( 'NONE', #1390, #1569, #2288 ) ;
#2089 = DIRECTION ( 'NONE',  ( 0.000000000000000000, 0.000000000000000000, 1.000000000000000000 ) ) ;
#2090 = ORIENTED_EDGE ( 'NONE', *, *, #1054, .F. ) ;
#2091 = ORIENTED_EDGE ( 'NONE', *, *, #913, .T. ) ;
#2092 = LINE ( 'NONE', #364, #948 ) ;
#2093 = AXIS2_PLACEMENT_3D ( 'NONE', #667, #200, #1488 ) ;
#2094 = FACE_OUTER_BOUND ( 'NONE', #1012, .T. ) ;
#2095 = CARTESIAN_POINT ( 'NONE',  ( 90.00000000000022737, 0.000000000000000000, -62.67949192431134264 ) ) ;
#2096 = ORIENTED_EDGE ( 'NONE', *, *, #1925, .T. ) ;
#2097 = ORIENTED_EDGE ( 'NONE', *, *, #330, .T. ) ;
#2098 = CARTESIAN_POINT ( 'NONE',  ( 10.00000000000000000, 0.000000000000000000, 0.000000000000000000 ) ) ;
#2099 = ORIENTED_EDGE ( 'NONE', *, *, #526, .T. ) ;
#2100 = FACE_OUTER_BOUND ( 'NONE', #354, .T. ) ;
#2101 = DIRECTION ( 'NONE',  ( 0.000000000000000000, -1.000000000000000000, 0.000000000000000000 ) ) ;
#2102 = DIRECTION ( 'NONE',  ( -0.000000000000000000, 1.000000000000000000, -0.000000000000000000 ) ) ;
#2103 = ORIENTED_EDGE ( 'NONE', *, *, #931, .T. ) ;
#2104 = EDGE_CURVE ( 'NONE', #2022, #2574, #429, .T. ) ;
#2105 = EDGE_LOOP ( 'NONE', ( #1705, #2766 ) ) ;
#2106 = ADVANCED_FACE ( 'NONE', ( #710 ), #1363, .F. ) ;
#2107 = LINE ( 'NONE', #2529, #1873 ) ;
#2108 = DIRECTION ( 'NONE',  ( -0.000000000000000000, -0.000000000000000000, 1.000000000000000000 ) ) ;
#2109 = EDGE_LOOP ( 'NONE', ( #2309, #1350, #2327, #1259 ) ) ;
#2110 = ORIENTED_EDGE ( 'NONE', *, *, #987, .T. ) ;
#2111 = AXIS2_PLACEMENT_3D ( 'NONE', #1696, #1459, #2072 ) ;
#2112 = ORIENTED_EDGE ( 'NONE', *, *, #2258, .F. ) ;
#2113 = DIRECTION ( 'NONE',  ( -0.000000000000000000, 1.000000000000000000, -0.000000000000000000 ) ) ;
#2114 = EDGE_LOOP ( 'NONE', ( #1373, #2572, #2675, #109 ) ) ;
#2115 = DIRECTION ( 'NONE',  ( 0.000000000000000000, 1.000000000000000000, 0.000000000000000000 ) ) ;
#2116 = FACE_OUTER_BOUND ( 'NONE', #707, .T. ) ;
#2117 = DIRECTION ( 'NONE',  ( -0.000000000000000000, -1.000000000000000000, -0.000000000000000000 ) ) ;
#2118 = ORIENTED_EDGE ( 'NONE', *, *, #1416, .F. ) ;
#2119 = VERTEX_POINT ( 'NONE', #266 ) ;
#2120 = CIRCLE ( 'NONE', #867, 5.000000000000004441 ) ;
#2121 = DIRECTION ( 'NONE',  ( -0.000000000000000000, 1.000000000000000000, -0.000000000000000000 ) ) ;
#2122 = EDGE_CURVE ( 'NONE', #2004, #2649, #2040, .T. ) ;
#2123 = EDGE_CURVE ( 'NONE', #95, #1021, #802, .T. ) ;
#2124 = AXIS2_PLACEMENT_3D ( 'NONE', #937, #2505, #2674 ) ;
#2125 = DIRECTION ( 'NONE',  ( 3.766744860274507877E-15, 0.000000000000000000, 1.000000000000000000 ) ) ;
#2126 = ORIENTED_EDGE ( 'NONE', *, *, #203, .T. ) ;
#2127 = ORIENTED_EDGE ( 'NONE', *, *, #2652, .T. ) ;
#2128 = DIRECTION ( 'NONE',  ( -0.000000000000000000, 1.000000000000000000, -0.000000000000000000 ) ) ;
#2129 = EDGE_LOOP ( 'NONE', ( #770, #658, #2126, #1975 ) ) ;
#2130 = DIRECTION ( 'NONE',  ( 0.000000000000000000, 1.000000000000000000, 0.000000000000000000 ) ) ;
#2131 = EDGE_CURVE ( 'NONE', #2153, #2439, #1600, .T. ) ;
#2132 = CARTESIAN_POINT ( 'NONE',  ( 97.50000000000012790, -6.000000000000000000, -38.54219012055754234 ) ) ;
#2133 = CARTESIAN_POINT ( 'NONE',  ( 150.0000000000000284, 14.00000000000000000, -10.00000000000000888 ) ) ;
#2134 = ORIENTED_EDGE ( 'NONE', *, *, #9, .T. ) ;
#2135 = VERTEX_POINT ( 'NONE', #2290 ) ;
#2136 = AXIS2_PLACEMENT_3D ( 'NONE', #118, #768, #1924 ) ;
#2137 = DIRECTION ( 'NONE',  ( -1.000000000000000000, 0.000000000000000000, 0.000000000000000000 ) ) ;
#2138 = AXIS2_PLACEMENT_3D ( 'NONE', #2013, #1335, #1801 ) ;
#2139 = DIRECTION ( 'NONE',  ( 0.000000000000000000, 0.000000000000000000, 1.000000000000000000 ) ) ;
#2140 = CIRCLE ( 'NONE', #889, 65.00000000000001421 ) ;
#2141 = VERTEX_POINT ( 'NONE', #1175 ) ;
#2142 = EDGE_CURVE ( 'NONE', #1670, #1044, #193, .T. ) ;
#2143 = ADVANCED_FACE ( 'NONE', ( #1893 ), #2782, .F. ) ;
#2144 = AXIS2_PLACEMENT_3D ( 'NONE', #2452, #465, #254 ) ;
#2145 = DIRECTION ( 'NONE',  ( 0.000000000000000000, 0.000000000000000000, -1.000000000000000000 ) ) ;
#2146 = ORIENTED_EDGE ( 'NONE', *, *, #1926, .F. ) ;
#2147 = CARTESIAN_POINT ( 'NONE',  ( 92.49999999999984368, 14.00000000000000000, -121.4578098794425500 ) ) ;
#2148 = DIRECTION ( 'NONE',  ( 0.000000000000000000, 0.000000000000000000, 1.000000000000000000 ) ) ;
#2149 = VERTEX_POINT ( 'NONE', #814 ) ;
#2150 = VERTEX_POINT ( 'NONE', #784 ) ;
#2151 = FACE_BOUND ( 'NONE', #76, .T. ) ;
#2152 = LINE ( 'NONE', #167, #1281 ) ;
#2153 = VERTEX_POINT ( 'NONE', #1221 ) ;
#2154 = ADVANCED_FACE ( 'NONE', ( #2116 ), #1192, .F. ) ;
#2155 = AXIS2_PLACEMENT_3D ( 'NONE', #1047, #1059, #2845 ) ;
#2156 = DIRECTION ( 'NONE',  ( -0.000000000000000000, 1.000000000000000000, -0.000000000000000000 ) ) ;
#2157 = EDGE_CURVE ( 'NONE', #1381, #907, #305, .T. ) ;
#2158 = AXIS2_PLACEMENT_3D ( 'NONE', #1795, #2201, #2406 ) ;
#2159 = LINE ( 'NONE', #1978, #1092 ) ;
#2160 = ORIENTED_EDGE ( 'NONE', *, *, #126, .F. ) ;
#2161 = ORIENTED_EDGE ( 'NONE', *, *, #1651, .F. ) ;
#2162 = CARTESIAN_POINT ( 'NONE',  ( 80.00000000000001421, 0.000000000000000000, -79.99999999999998579 ) ) ;
#2163 = FACE_OUTER_BOUND ( 'NONE', #2752, .T. ) ;
#2164 = CIRCLE ( 'NONE', #2356, 1.399999999999984590 ) ;
#2165 = VECTOR ( 'NONE', #2761, 1000.000000000000000 ) ;
#2166 = ORIENTED_EDGE ( 'NONE', *, *, #2680, .T. ) ;
#2167 = DIRECTION ( 'NONE',  ( 1.000000000000000000, 0.000000000000000000, 0.000000000000000000 ) ) ;
#2168 = EDGE_CURVE ( 'NONE', #143, #711, #729, .T. ) ;
#2169 = DIRECTION ( 'NONE',  ( -0.000000000000000000, -1.000000000000000000, 0.000000000000000000 ) ) ;
#2170 = ORIENTED_EDGE ( 'NONE', *, *, #2403, .T. ) ;
#2171 = ORIENTED_EDGE ( 'NONE', *, *, #104, .F. ) ;
#2172 = EDGE_CURVE ( 'NONE', #2036, #1276, #2067, .T. ) ;
#2173 = CARTESIAN_POINT ( 'NONE',  ( 100.0000000000000000, 4.000000000000000000, -79.99999999999998579 ) ) ;
#2174 = CYLINDRICAL_SURFACE ( 'NONE', #1921, 2.599999999999990319 ) ;
#2175 = CARTESIAN_POINT ( 'NONE',  ( 100.0000000000000000, 14.00000000000000000, -79.99999999999984368 ) ) ;
#2176 = AXIS2_PLACEMENT_3D ( 'NONE', #1860, #2115, #133 ) ;
#2177 = AXIS2_PLACEMENT_3D ( 'NONE', #1772, #2233, #2466 ) ;
#2178 = DIRECTION ( 'NONE',  ( -0.000000000000000000, 1.000000000000000000, -0.000000000000000000 ) ) ;
#2179 = VECTOR ( 'NONE', #2178, 1000.000000000000000 ) ;
#2180 = ORIENTED_EDGE ( 'NONE', *, *, #2859, .F. ) ;
#2181 = EDGE_LOOP ( 'NONE', ( #1114, #1836, #1257, #1016 ) ) ;
#2182 = VECTOR ( 'NONE', #1910, 1000.000000000000000 ) ;
#2183 = DIRECTION ( 'NONE',  ( 0.000000000000000000, 0.000000000000000000, 1.000000000000000000 ) ) ;
#2184 = CIRCLE ( 'NONE', #2570, 1.399999999999984590 ) ;
#2185 = DIRECTION ( 'NONE',  ( 0.000000000000000000, -1.000000000000000000, 0.000000000000000000 ) ) ;
#2186 = DIRECTION ( 'NONE',  ( -0.000000000000000000, -1.000000000000000000, -0.000000000000000000 ) ) ;
#2187 = EDGE_LOOP ( 'NONE', ( #99, #1493, #2301, #2841 ) ) ;
#2188 = FACE_OUTER_BOUND ( 'NONE', #1271, .T. ) ;
#2189 = FACE_BOUND ( 'NONE', #2481, .T. ) ;
#2190 = DIRECTION ( 'NONE',  ( 1.000000000000000000, 0.000000000000000000, 0.000000000000000000 ) ) ;
#2191 = ADVANCED_FACE ( 'NONE', ( #2564 ), #2525, .F. ) ;
#2192 = ORIENTED_EDGE ( 'NONE', *, *, #964, .F. ) ;
#2193 = EDGE_CURVE ( 'NONE', #711, #995, #1627, .T. ) ;
#2194 = FACE_OUTER_BOUND ( 'NONE', #972, .T. ) ;
#2195 = DIRECTION ( 'NONE',  ( 0.000000000000000000, 0.000000000000000000, -1.000000000000000000 ) ) ;
#2196 = ORIENTED_EDGE ( 'NONE', *, *, #2358, .F. ) ;
#2197 = FACE_OUTER_BOUND ( 'NONE', #1841, .T. ) ;
#2198 = PRODUCT_DEFINITION_SHAPE ( 'NONE', 'NONE',  #1578 ) ;
#2199 = CIRCLE ( 'NONE', #1819, 3.500000000000003109 ) ;
#2200 = FACE_OUTER_BOUND ( 'NONE', #117, .T. ) ;
#2201 = DIRECTION ( 'NONE',  ( -0.000000000000000000, 1.000000000000000000, -0.000000000000000000 ) ) ;
#2202 = EDGE_LOOP ( 'NONE', ( #114, #1725, #241, #352 ) ) ;
#2203 = AXIS2_PLACEMENT_3D ( 'NONE', #705, #2253, #291 ) ;
#2204 = CARTESIAN_POINT ( 'NONE',  ( 100.0000000000000000, 4.000000000000000000, -79.99999999999998579 ) ) ;
#2205 = DIRECTION ( 'NONE',  ( -0.000000000000000000, 1.000000000000000000, -0.000000000000000000 ) ) ;
#2206 = ORIENTED_EDGE ( 'NONE', *, *, #1506, .F. ) ;
#2207 = ADVANCED_FACE ( 'NONE', ( #583, #2306 ), #769, .T. ) ;
#2208 = ADVANCED_FACE ( 'NONE', ( #2352 ), #314, .F. ) ;
#2209 = CARTESIAN_POINT ( 'NONE',  ( 10.00000000000000000, -6.000000000000000000, -149.9999999999999716 ) ) ;
#2210 = ORIENTED_EDGE ( 'NONE', *, *, #2358, .T. ) ;
#2211 = CARTESIAN_POINT ( 'NONE',  ( 10.00000000000000000, 14.00000000000000000, -160.0000000000000000 ) ) ;
#2212 = VECTOR ( 'NONE', #1055, 1000.000000000000000 ) ;
#2213 = DIRECTION ( 'NONE',  ( 0.000000000000000000, 0.000000000000000000, 1.000000000000000000 ) ) ;
#2214 = DIRECTION ( 'NONE',  ( 0.000000000000000000, -1.000000000000000000, 0.000000000000000000 ) ) ;
#2215 = ORIENTED_EDGE ( 'NONE', *, *, #616, .T. ) ;
#2216 = CARTESIAN_POINT ( 'NONE',  ( 100.0000000000000000, 4.000000000000000000, -79.99999999999998579 ) ) ;
#2217 = DIRECTION ( 'NONE',  ( -0.000000000000000000, 1.000000000000000000, -0.000000000000000000 ) ) ;
#2218 = CARTESIAN_POINT ( 'NONE',  ( 69.99999999999992895, 4.000000000000000000, -97.32050807568873552 ) ) ;
#2219 = ORIENTED_EDGE ( 'NONE', *, *, #24, .F. ) ;
#2220 = ORIENTED_EDGE ( 'NONE', *, *, #2826, .F. ) ;
#2221 = CIRCLE ( 'NONE', #1103, 1.399999999999984590 ) ;
#2222 = CARTESIAN_POINT ( 'NONE',  ( 67.50000000000024158, 14.00000000000000000, -22.60879858375493612 ) ) ;
#2223 = CIRCLE ( 'NONE', #1375, 2.600000000000017408 ) ;
#2224 = ORIENTED_EDGE ( 'NONE', *, *, #82, .F. ) ;
#2225 = LINE ( 'NONE', #2250, #791 ) ;
#2226 = CIRCLE ( 'NONE', #1200, 1.399999999999984590 ) ;
#2227 = EDGE_CURVE ( 'NONE', #290, #325, #2164, .T. ) ;
#2228 = EDGE_CURVE ( 'NONE', #2622, #776, #1050, .T. ) ;
#2229 = CARTESIAN_POINT ( 'NONE',  ( 70.00000000000005684, -2.000000000000000000, -98.72050807568878383 ) ) ;
#2230 = AXIS2_PLACEMENT_3D ( 'NONE', #1857, #1641, #780 ) ;
#2231 = ORIENTED_EDGE ( 'NONE', *, *, #665, .F. ) ;
#2232 = CARTESIAN_POINT ( 'NONE',  ( 0.000000000000000000, -0.000000000000000000, -67.50000000000000000 ) ) ;
#2233 = DIRECTION ( 'NONE',  ( 0.000000000000000000, -1.000000000000000000, 0.000000000000000000 ) ) ;
#2234 = EDGE_CURVE ( 'NONE', #1078, #1587, #1251, .T. ) ;
#2235 = CARTESIAN_POINT ( 'NONE',  ( 38.54219012055751392, -6.000000000000000000, -92.49999999999997158 ) ) ;
#2236 = EDGE_LOOP ( 'NONE', ( #2224, #338, #17, #1887 ) ) ;
#2237 = ORIENTED_EDGE ( 'NONE', *, *, #2769, .F. ) ;
#2238 = FACE_OUTER_BOUND ( 'NONE', #1338, .T. ) ;
#2239 = CARTESIAN_POINT ( 'NONE',  ( 92.49999999999978684, 0.000000000000000000, -137.3912014162450248 ) ) ;
#2240 = ADVANCED_FACE ( 'NONE', ( #1235 ), #105, .F. ) ;
#2241 = EDGE_CURVE ( 'NONE', #214, #339, #1909, .T. ) ;
#2242 = CARTESIAN_POINT ( 'NONE',  ( 60.00000000000002842, 4.000000000000000000, -83.49999999999985789 ) ) ;
#2243 = ORIENTED_EDGE ( 'NONE', *, *, #2404, .F. ) ;
#2244 = DIRECTION ( 'NONE',  ( -0.000000000000000000, 1.000000000000000000, -0.000000000000000000 ) ) ;
#2245 = CARTESIAN_POINT ( 'NONE',  ( 43.14861344049555925, 14.00000000000000000, -64.44444444444444287 ) ) ;
#2246 = CYLINDRICAL_SURFACE ( 'NONE', #2658, 3.500000000000016875 ) ;
#2247 = CIRCLE ( 'NONE', #1544, 1.399999999999998579 ) ;
#2248 = VERTEX_POINT ( 'NONE', #1468 ) ;
#2249 = CARTESIAN_POINT ( 'NONE',  ( 80.00000000000001421, -6.000000000000000000, -79.99999999999998579 ) ) ;
#2250 = CARTESIAN_POINT ( 'NONE',  ( 10.00000000000000000, -6.000000000000000000, -7.400000000000018119 ) ) ;
#2251 = DIRECTION ( 'NONE',  ( 0.000000000000000000, 0.000000000000000000, -1.000000000000000000 ) ) ;
#2252 = FACE_OUTER_BOUND ( 'NONE', #505, .T. ) ;
#2253 = DIRECTION ( 'NONE',  ( 0.000000000000000000, -1.000000000000000000, 0.000000000000000000 ) ) ;
#2254 = AXIS2_PLACEMENT_3D ( 'NONE', #894, #688, #1159 ) ;
#2255 = DIRECTION ( 'NONE',  ( 0.000000000000000000, -1.000000000000000000, 0.000000000000000000 ) ) ;
#2256 = AXIS2_PLACEMENT_3D ( 'NONE', #2349, #2128, #1232 ) ;
#2257 = ORIENTED_EDGE ( 'NONE', *, *, #1072, .F. ) ;
#2258 = EDGE_CURVE ( 'NONE', #1939, #1035, #1846, .T. ) ;
#2259 = CARTESIAN_POINT ( 'NONE',  ( 62.49999999999980815, 14.00000000000000000, -137.3912014162449111 ) ) ;
#2260 = LINE ( 'NONE', #924, #1752 ) ;
#2261 = DIRECTION ( 'NONE',  ( 0.000000000000000000, 0.000000000000000000, -1.000000000000000000 ) ) ;
#2262 = ORIENTED_EDGE ( 'NONE', *, *, #738, .T. ) ;
#2263 = ADVANCED_FACE ( 'NONE', ( #387 ), #1316, .F. ) ;
#2264 = ADVANCED_FACE ( 'NONE', ( #829 ), #856, .F. ) ;
#2265 = EDGE_CURVE ( 'NONE', #1389, #556, #163, .T. ) ;
#2266 =( GEOMETRIC_REPRESENTATION_CONTEXT ( 3 ) GLOBAL_UNCERTAINTY_ASSIGNED_CONTEXT ( ( #1636 ) ) GLOBAL_UNIT_ASSIGNED_CONTEXT ( ( #1130, #715, #1341 ) ) REPRESENTATION_CONTEXT ( 'NONE', 'WORKASPACE' ) );
#2267 = CARTESIAN_POINT ( 'NONE',  ( 67.50000000000018474, 14.00000000000000000, -38.54219012055743576 ) ) ;
#2268 = DIRECTION ( 'NONE',  ( -0.000000000000000000, 1.000000000000000000, -0.000000000000000000 ) ) ;
#2269 = APPLICATION_PROTOCOL_DEFINITION ( 'draft international standard', 'automotive_design', 1998, #2659 ) ;
#2270 = CARTESIAN_POINT ( 'NONE',  ( 80.00000000000001421, 14.00000000000000000, -79.99999999999998579 ) ) ;
#2271 = AXIS2_PLACEMENT_3D ( 'NONE', #2810, #1406, #1042 ) ;
#2272 = VECTOR ( 'NONE', #2047, 1000.000000000000000 ) ;
#2273 = DIRECTION ( 'NONE',  ( -0.000000000000000000, 1.000000000000000000, -0.000000000000000000 ) ) ;
#2274 = ORIENTED_EDGE ( 'NONE', *, *, #1290, .F. ) ;
#2275 = DIRECTION ( 'NONE',  ( -0.000000000000000000, 1.000000000000000000, -0.000000000000000000 ) ) ;
#2276 = DIRECTION ( 'NONE',  ( 0.000000000000000000, 1.000000000000000000, 0.000000000000000000 ) ) ;
#2277 = DIRECTION ( 'NONE',  ( -0.000000000000000000, -1.000000000000000000, -0.000000000000000000 ) ) ;
#2278 = AXIS2_PLACEMENT_3D ( 'NONE', #2559, #327, #137 ) ;
#2279 = ORIENTED_EDGE ( 'NONE', *, *, #157, .T. ) ;
#2280 = ORIENTED_EDGE ( 'NONE', *, *, #1133, .F. ) ;
#2281 = EDGE_CURVE ( 'NONE', #1457, #556, #1362, .T. ) ;
#2282 = CARTESIAN_POINT ( 'NONE',  ( 64.44444444444431497, 14.00000000000000000, -116.8513865595043910 ) ) ;
#2283 = DIRECTION ( 'NONE',  ( 0.000000000000000000, 0.000000000000000000, -1.000000000000000000 ) ) ;
#2284 = EDGE_LOOP ( 'NONE', ( #2804, #2348 ) ) ;
#2285 = DIRECTION ( 'NONE',  ( 0.000000000000000000, 0.000000000000000000, 1.000000000000000000 ) ) ;
#2286 = DIRECTION ( 'NONE',  ( -0.000000000000000000, 1.000000000000000000, -0.000000000000000000 ) ) ;
#2287 = ORIENTED_EDGE ( 'NONE', *, *, #2753, .F. ) ;
#2288 = DIRECTION ( 'NONE',  ( 0.000000000000000000, 0.000000000000000000, 1.000000000000000000 ) ) ;
#2289 = CARTESIAN_POINT ( 'NONE',  ( 38.54219012055751392, 0.000000000000000000, -97.49999999999997158 ) ) ;
#2290 = CARTESIAN_POINT ( 'NONE',  ( 0.000000000000000000, 14.00000000000000000, -10.00000000000000000 ) ) ;
#2291 = DIRECTION ( 'NONE',  ( 0.000000000000000000, -1.000000000000000000, 0.000000000000000000 ) ) ;
#2292 = ORIENTED_EDGE ( 'NONE', *, *, #1972, .F. ) ;
#2293 = ORIENTED_EDGE ( 'NONE', *, *, #1058, .F. ) ;
#2294 = AXIS2_PLACEMENT_3D ( 'NONE', #1225, #2121, #139 ) ;
#2295 = EDGE_CURVE ( 'NONE', #752, #777, #1698, .T. ) ;
#2296 = AXIS2_PLACEMENT_3D ( 'NONE', #2420, #50, #415 ) ;
#2297 = EDGE_CURVE ( 'NONE', #2017, #1587, #826, .T. ) ;
#2298 = CARTESIAN_POINT ( 'NONE',  ( 60.00000000000001421, 14.00000000000000000, -78.59999999999999432 ) ) ;
#2299 = CYLINDRICAL_SURFACE ( 'NONE', #2798, 5.000000000000004441 ) ;
#2300 = ORIENTED_EDGE ( 'NONE', *, *, #2122, .T. ) ;
#2301 = ORIENTED_EDGE ( 'NONE', *, *, #1290, .T. ) ;
#2302 = ORIENTED_EDGE ( 'NONE', *, *, #700, .F. ) ;
#2303 = CARTESIAN_POINT ( 'NONE',  ( 80.00000000000001421, -6.000000000000000000, -79.99999999999998579 ) ) ;
#2304 = DIRECTION ( 'NONE',  ( 0.000000000000000000, 0.000000000000000000, 1.000000000000000000 ) ) ;
#2305 = VECTOR ( 'NONE', #2522, 1000.000000000000000 ) ;
#2306 = FACE_BOUND ( 'NONE', #2105, .T. ) ;
#2307 = FILL_AREA_STYLE ('',( #136 ) ) ;
#2308 = VERTEX_POINT ( 'NONE', #1538 ) ;
#2309 = ORIENTED_EDGE ( 'NONE', *, *, #542, .T. ) ;
#2310 = CARTESIAN_POINT ( 'NONE',  ( 80.00000000000001421, 0.000000000000000000, -79.99999999999998579 ) ) ;
#2311 = CARTESIAN_POINT ( 'NONE',  ( 160.0000000000000000, 14.00000000000000000, 0.000000000000000000 ) ) ;
#2312 = LINE ( 'NONE', #1431, #1713 ) ;
#2313 = VERTEX_POINT ( 'NONE', #866 ) ;
#2314 = ORIENTED_EDGE ( 'NONE', *, *, #1738, .T. ) ;
#2315 = EDGE_LOOP ( 'NONE', ( #1229, #2180, #610, #2861 ) ) ;
#2316 = ADVANCED_FACE ( 'NONE', ( #662 ), #195, .T. ) ;
#2317 = DIRECTION ( 'NONE',  ( -1.000000000000000000, 0.000000000000000000, 0.000000000000000000 ) ) ;
#2318 = EDGE_CURVE ( 'NONE', #66, #1937, #2159, .T. ) ;
#2319 = CIRCLE ( 'NONE', #2271, 5.000000000000000888 ) ;
#2320 = ORIENTED_EDGE ( 'NONE', *, *, #142, .T. ) ;
#2321 = CARTESIAN_POINT ( 'NONE',  ( 0.000000000000000000, 0.000000000000000000, 0.000000000000000000 ) ) ;
#2322 = CIRCLE ( 'NONE', #1476, 40.00000000000000711 ) ;
#2323 = AXIS2_PLACEMENT_3D ( 'NONE', #2321, #1675, #1452 ) ;
#2324 = EDGE_CURVE ( 'NONE', #1751, #956, #1741, .T. ) ;
#2325 = DIRECTION ( 'NONE',  ( 0.000000000000000000, 0.000000000000000000, 1.000000000000000000 ) ) ;
#2326 = CYLINDRICAL_SURFACE ( 'NONE', #1067, 5.000000000000004441 ) ;
#2327 = ORIENTED_EDGE ( 'NONE', *, *, #1919, .T. ) ;
#2328 = EDGE_LOOP ( 'NONE', ( #1254, #914 ) ) ;
#2329 = DIRECTION ( 'NONE',  ( 0.000000000000000000, -1.000000000000000000, 0.000000000000000000 ) ) ;
#2330 = AXIS2_PLACEMENT_3D ( 'NONE', #2665, #178, #1942 ) ;
#2331 = CARTESIAN_POINT ( 'NONE',  ( 150.0000000000000284, 14.00000000000000000, -147.3999999999999773 ) ) ;
#2332 = DIRECTION ( 'NONE',  ( 0.000000000000000000, -1.000000000000000000, 0.000000000000000000 ) ) ;
#2333 = EDGE_LOOP ( 'NONE', ( #2243, #971 ) ) ;
#2334 = VERTEX_POINT ( 'NONE', #446 ) ;
#2335 = LINE ( 'NONE', #1811, #699 ) ;
#2336 = DIRECTION ( 'NONE',  ( -0.000000000000000000, -1.000000000000000000, -0.000000000000000000 ) ) ;
#2337 = ORIENTED_EDGE ( 'NONE', *, *, #684, .T. ) ;
#2338 = EDGE_CURVE ( 'NONE', #2547, #1409, #1552, .T. ) ;
#2339 = CARTESIAN_POINT ( 'NONE',  ( 69.99999999999981526, 4.000000000000000000, -62.67949192431131422 ) ) ;
#2340 = EDGE_CURVE ( 'NONE', #655, #1385, #2020, .T. ) ;
#2341 = DIRECTION ( 'NONE',  ( 0.000000000000000000, 1.000000000000000000, 0.000000000000000000 ) ) ;
#2342 = ORIENTED_EDGE ( 'NONE', *, *, #913, .F. ) ;
#2343 = ORIENTED_EDGE ( 'NONE', *, *, #2640, .F. ) ;
#2344 = DIRECTION ( 'NONE',  ( 0.000000000000000000, 0.000000000000000000, 1.000000000000000000 ) ) ;
#2345 = CIRCLE ( 'NONE', #2626, 4.999999999999990230 ) ;
#2346 = DIRECTION ( 'NONE',  ( 0.000000000000000000, -1.000000000000000000, 0.000000000000000000 ) ) ;
#2347 = ORIENTED_EDGE ( 'NONE', *, *, #1378, .F. ) ;
#2348 = ORIENTED_EDGE ( 'NONE', *, *, #1938, .F. ) ;
#2349 = CARTESIAN_POINT ( 'NONE',  ( 89.99999999999985789, -2.000000000000000000, -62.67949192431110106 ) ) ;
#2350 = ORIENTED_EDGE ( 'NONE', *, *, #1919, .F. ) ;
#2351 = FACE_BOUND ( 'NONE', #2333, .T. ) ;
#2352 = FACE_OUTER_BOUND ( 'NONE', #1905, .T. ) ;
#2353 = LINE ( 'NONE', #360, #471 ) ;
#2354 = EDGE_LOOP ( 'NONE', ( #2453, #1395, #1233, #1403 ) ) ;
#2355 = ORIENTED_EDGE ( 'NONE', *, *, #1526, .F. ) ;
#2356 = AXIS2_PLACEMENT_3D ( 'NONE', #359, #375, #2089 ) ;
#2357 = CARTESIAN_POINT ( 'NONE',  ( 60.00000000000002842, 4.000000000000000000, -79.99999999999984368 ) ) ;
#2358 = EDGE_CURVE ( 'NONE', #459, #668, #2779, .T. ) ;
#2359 = EDGE_CURVE ( 'NONE', #2439, #877, #1780, .T. ) ;
#2360 = LINE ( 'NONE', #127, #503 ) ;
#2361 = CIRCLE ( 'NONE', #504, 1.400000000000012346 ) ;
#2362 = ORIENTED_EDGE ( 'NONE', *, *, #1940, .T. ) ;
#2363 = ORIENTED_EDGE ( 'NONE', *, *, #1806, .T. ) ;
#2364 = DIRECTION ( 'NONE',  ( -0.000000000000000000, 1.000000000000000000, -0.000000000000000000 ) ) ;
#2365 = ORIENTED_EDGE ( 'NONE', *, *, #2359, .T. ) ;
#2366 = DIRECTION ( 'NONE',  ( -0.000000000000000000, 1.000000000000000000, -0.000000000000000000 ) ) ;
#2367 = DIRECTION ( 'NONE',  ( 0.000000000000000000, 0.000000000000000000, -1.000000000000000000 ) ) ;
#2368 = CYLINDRICAL_SURFACE ( 'NONE', #822, 3.500000000000003109 ) ;
#2369 = AXIS2_PLACEMENT_3D ( 'NONE', #1129, #1397, #303 ) ;
#2370 = ORIENTED_EDGE ( 'NONE', *, *, #2623, .T. ) ;
#2371 = CIRCLE ( 'NONE', #1148, 1.399999999999998579 ) ;
#2372 = DIRECTION ( 'NONE',  ( 0.000000000000000000, 0.000000000000000000, 1.000000000000000000 ) ) ;
#2373 = VECTOR ( 'NONE', #1376, 1000.000000000000000 ) ;
#2374 = ADVANCED_FACE ( 'NONE', ( #1727 ), #883, .F. ) ;
#2375 = EDGE_CURVE ( 'NONE', #2386, #2821, #2541, .T. ) ;
#2376 = CARTESIAN_POINT ( 'NONE',  ( 90.00000000000022737, 0.000000000000000000, -62.67949192431134264 ) ) ;
#2377 = EDGE_LOOP ( 'NONE', ( #1034, #1051, #1678, #2112 ) ) ;
#2378 = CYLINDRICAL_SURFACE ( 'NONE', #1986, 2.500000000000009326 ) ;
#2379 = VERTEX_POINT ( 'NONE', #2419 ) ;
#2380 = CARTESIAN_POINT ( 'NONE',  ( 89.99999999999985789, 4.000000000000000000, -62.67949192431110106 ) ) ;
#2381 = DIRECTION ( 'NONE',  ( -0.000000000000000000, 1.000000000000000000, -0.000000000000000000 ) ) ;
#2382 = ORIENTED_EDGE ( 'NONE', *, *, #1226, .F. ) ;
#2383 = ORIENTED_EDGE ( 'NONE', *, *, #2123, .F. ) ;
#2384 = FACE_BOUND ( 'NONE', #345, .T. ) ;
#2385 = CARTESIAN_POINT ( 'NONE',  ( 0.000000000000000000, 0.000000000000000000, -67.50000000000000000 ) ) ;
#2386 = VERTEX_POINT ( 'NONE', #1302 ) ;
#2387 = ADVANCED_FACE ( 'NONE', ( #2200 ), #209, .F. ) ;
#2388 = VERTEX_POINT ( 'NONE', #1551 ) ;
#2389 = AXIS2_PLACEMENT_3D ( 'NONE', #14, #2217, #56 ) ;
#2390 = CARTESIAN_POINT ( 'NONE',  ( 69.99999999999992895, 4.000000000000000000, -97.32050807568873552 ) ) ;
#2391 = EDGE_CURVE ( 'NONE', #877, #2042, #1995, .T. ) ;
#2392 = DIRECTION ( 'NONE',  ( 0.000000000000000000, 0.000000000000000000, -1.000000000000000000 ) ) ;
#2393 = DIRECTION ( 'NONE',  ( 0.000000000000000000, 0.000000000000000000, -1.000000000000000000 ) ) ;
#2394 = ORIENTED_EDGE ( 'NONE', *, *, #646, .F. ) ;
#2395 = DIRECTION ( 'NONE',  ( 0.000000000000000000, -1.000000000000000000, 0.000000000000000000 ) ) ;
#2396 = CARTESIAN_POINT ( 'NONE',  ( 90.00000000000011369, -2.000000000000000000, -97.32050807568873552 ) ) ;
#2397 = DIRECTION ( 'NONE',  ( 0.000000000000000000, 0.000000000000000000, -1.000000000000000000 ) ) ;
#2398 = VECTOR ( 'NONE', #2273, 1000.000000000000000 ) ;
#2399 = DIRECTION ( 'NONE',  ( -0.000000000000000000, -1.000000000000000000, -0.000000000000000000 ) ) ;
#2400 = AXIS2_PLACEMENT_3D ( 'NONE', #2021, #1145, #951 ) ;
#2401 = EDGE_LOOP ( 'NONE', ( #341, #306, #534, #2287 ) ) ;
#2402 = DIRECTION ( 'NONE',  ( 0.000000000000000000, 0.000000000000000000, -1.000000000000000000 ) ) ;
#2403 = EDGE_CURVE ( 'NONE', #1965, #809, #1502, .T. ) ;
#2404 = EDGE_CURVE ( 'NONE', #2791, #2515, #1007, .T. ) ;
#2405 = DIRECTION ( 'NONE',  ( -0.000000000000000000, 1.000000000000000000, -0.000000000000000000 ) ) ;
#2406 = DIRECTION ( 'NONE',  ( 0.000000000000000000, 0.000000000000000000, 1.000000000000000000 ) ) ;
#2407 = VERTEX_POINT ( 'NONE', #1768 ) ;
#2408 = CARTESIAN_POINT ( 'NONE',  ( 67.49999999999987210, 14.00000000000000000, -121.4578098794424506 ) ) ;
#2409 = FACE_OUTER_BOUND ( 'NONE', #1748, .T. ) ;
#2410 = DIRECTION ( 'NONE',  ( 0.000000000000000000, 0.000000000000000000, -1.000000000000000000 ) ) ;
#2411 = VECTOR ( 'NONE', #1749, 1000.000000000000000 ) ;
#2412 = CIRCLE ( 'NONE', #2177, 65.00000000000002842 ) ;
#2413 = DIRECTION ( 'NONE',  ( 0.000000000000000000, 1.000000000000000000, 0.000000000000000000 ) ) ;
#2414 = AXIS2_PLACEMENT_3D ( 'NONE', #2834, #2009, #264 ) ;
#2415 = AXIS2_PLACEMENT_3D ( 'NONE', #2788, #1005, #2139 ) ;
#2416 = CIRCLE ( 'NONE', #1481, 65.00000000000001421 ) ;
#2417 = DIRECTION ( 'NONE',  ( 0.000000000000000000, 0.000000000000000000, 1.000000000000000000 ) ) ;
#2418 = AXIS2_PLACEMENT_3D ( 'NONE', #1969, #2869, #1307 ) ;
#2419 = CARTESIAN_POINT ( 'NONE',  ( 121.4578098794425216, 0.000000000000000000, -67.50000000000000000 ) ) ;
#2420 = CARTESIAN_POINT ( 'NONE',  ( 97.50000000000019895, 0.000000000000000000, -22.60879858375504270 ) ) ;
#2421 = EDGE_CURVE ( 'NONE', #846, #1333, #734, .T. ) ;
#2422 = ORIENTED_EDGE ( 'NONE', *, *, #2513, .F. ) ;
#2423 = EDGE_CURVE ( 'NONE', #767, #519, #2120, .T. ) ;
#2424 = CARTESIAN_POINT ( 'NONE',  ( 69.99999999999992895, 4.000000000000000000, -97.32050807568873552 ) ) ;
#2425 = CARTESIAN_POINT ( 'NONE',  ( 80.00000000000001421, 14.00000000000000000, -79.99999999999998579 ) ) ;
#2426 = ORIENTED_EDGE ( 'NONE', *, *, #2026, .T. ) ;
#2427 = DIRECTION ( 'NONE',  ( 0.000000000000000000, 0.000000000000000000, -1.000000000000000000 ) ) ;
#2428 = ORIENTED_EDGE ( 'NONE', *, *, #330, .F. ) ;
#2429 = CARTESIAN_POINT ( 'NONE',  ( 10.00000000000000000, 0.000000000000000000, -149.9999999999999716 ) ) ;
#2430 = DIRECTION ( 'NONE',  ( 0.000000000000000000, -1.000000000000000000, 0.000000000000000000 ) ) ;
#2431 = AXIS2_PLACEMENT_3D ( 'NONE', #2310, #588, #2548 ) ;
#2432 = CARTESIAN_POINT ( 'NONE',  ( 10.00000000000000000, 14.00000000000000000, -150.0000000000000000 ) ) ;
#2433 = EDGE_LOOP ( 'NONE', ( #824, #1132, #1628, #2668 ) ) ;
#2434 = CIRCLE ( 'NONE', #1820, 5.000000000000004441 ) ;
#2435 = CARTESIAN_POINT ( 'NONE',  ( 62.49999999999980815, -6.000000000000000000, -137.3912014162449111 ) ) ;
#2436 = DIRECTION ( 'NONE',  ( -0.000000000000000000, -1.000000000000000000, -0.000000000000000000 ) ) ;
#2437 = FACE_BOUND ( 'NONE', #596, .T. ) ;
#2438 = ORIENTED_EDGE ( 'NONE', *, *, #1139, .F. ) ;
#2439 = VERTEX_POINT ( 'NONE', #458 ) ;
#2440 = CARTESIAN_POINT ( 'NONE',  ( 97.49999999999978684, -6.000000000000000000, -137.3912014162450532 ) ) ;
#2441 = ADVANCED_FACE ( 'NONE', ( #920 ), #11, .T. ) ;
#2442 = EDGE_CURVE ( 'NONE', #765, #1918, #2871, .T. ) ;
#2443 = ORIENTED_EDGE ( 'NONE', *, *, #2157, .F. ) ;
#2444 = DIRECTION ( 'NONE',  ( 0.000000000000000000, 0.000000000000000000, 1.000000000000000000 ) ) ;
#2445 = DIRECTION ( 'NONE',  ( 1.000000000000000000, 0.000000000000000000, 0.000000000000000000 ) ) ;
#2446 = AXIS2_PLACEMENT_3D ( 'NONE', #1261, #432, #1043 ) ;
#2447 = AXIS2_PLACEMENT_3D ( 'NONE', #2614, #1976, #1063 ) ;
#2448 = CARTESIAN_POINT ( 'NONE',  ( 70.00000000000017053, 0.000000000000000000, -62.67949192431112948 ) ) ;
#2449 = EDGE_LOOP ( 'NONE', ( #572, #1447 ) ) ;
#2450 = CARTESIAN_POINT ( 'NONE',  ( 100.0000000000000000, 0.000000000000000000, -76.49999999999998579 ) ) ;
#2451 = CARTESIAN_POINT ( 'NONE',  ( 142.1738015342654364, 14.00000000000000000, -61.04166666666665719 ) ) ;
#2452 = CARTESIAN_POINT ( 'NONE',  ( 0.000000000000000000, 14.00000000000000000, 0.000000000000000000 ) ) ;
#2453 = ORIENTED_EDGE ( 'NONE', *, *, #439, .T. ) ;
#2454 = AXIS2_PLACEMENT_3D ( 'NONE', #302, #1181, #2772 ) ;
#2455 = EDGE_CURVE ( 'NONE', #451, #347, #1933, .T. ) ;
#2456 = CIRCLE ( 'NONE', #1285, 5.000000000000004441 ) ;
#2457 = ADVANCED_FACE ( 'NONE', ( #21 ), #249, .F. ) ;
#2458 = DIRECTION ( 'NONE',  ( 1.000000000000000000, 0.000000000000000000, -3.766744860274507877E-15 ) ) ;
#2459 = AXIS2_PLACEMENT_3D ( 'NONE', #2465, #2275, #294 ) ;
#2460 = CARTESIAN_POINT ( 'NONE',  ( 69.99999999999981526, 4.000000000000000000, -61.27949192431130143 ) ) ;
#2461 = LINE ( 'NONE', #1591, #838 ) ;
#2462 = DIRECTION ( 'NONE',  ( -0.000000000000000000, 1.000000000000000000, -0.000000000000000000 ) ) ;
#2463 = AXIS2_PLACEMENT_3D ( 'NONE', #1758, #2012, #13 ) ;
#2464 = EDGE_LOOP ( 'NONE', ( #597, #2667, #2482, #1643 ) ) ;
#2465 = CARTESIAN_POINT ( 'NONE',  ( 100.0000000000000000, -2.000000000000000000, -79.99999999999984368 ) ) ;
#2466 = DIRECTION ( 'NONE',  ( 0.000000000000000000, 0.000000000000000000, -1.000000000000000000 ) ) ;
#2467 = LINE ( 'NONE', #693, #1904 ) ;
#2468 = ORIENTED_EDGE ( 'NONE', *, *, #700, .T. ) ;
#2469 = CARTESIAN_POINT ( 'NONE',  ( 60.00000000000002842, 0.000000000000000000, -79.99999999999984368 ) ) ;
#2470 = CARTESIAN_POINT ( 'NONE',  ( 10.00000000000000000, 14.00000000000000000, 0.000000000000000000 ) ) ;
#2471 = CARTESIAN_POINT ( 'NONE',  ( 62.50000000000016342, 0.000000000000000000, -38.54219012055741445 ) ) ;
#2472 = EDGE_CURVE ( 'NONE', #1044, #1670, #2685, .T. ) ;
#2473 = CARTESIAN_POINT ( 'NONE',  ( 160.0000000000000000, 14.00000000000000000, -150.0000000000000000 ) ) ;
#2474 = EDGE_CURVE ( 'NONE', #1818, #752, #496, .T. ) ;
#2475 = CARTESIAN_POINT ( 'NONE',  ( 10.00000000000000000, 0.000000000000000000, -147.3999999999999773 ) ) ;
#2476 = ADVANCED_FACE ( 'NONE', ( #1120 ), #1581, .F. ) ;
#2477 = ORIENTED_EDGE ( 'NONE', *, *, #1771, .T. ) ;
#2478 = CARTESIAN_POINT ( 'NONE',  ( 160.0000000000000000, 0.000000000000000000, -10.00000000000000000 ) ) ;
#2479 = LINE ( 'NONE', #489, #926 ) ;
#2480 = LINE ( 'NONE', #1773, #1033 ) ;
#2481 = EDGE_LOOP ( 'NONE', ( #2350, #1443, #677, #2363, #2320, #1099, #590, #2070, #2743 ) ) ;
#2482 = ORIENTED_EDGE ( 'NONE', *, *, #2228, .T. ) ;
#2483 = DIRECTION ( 'NONE',  ( -0.000000000000000000, 1.000000000000000000, -0.000000000000000000 ) ) ;
#2484 = DIRECTION ( 'NONE',  ( 0.000000000000000000, 0.000000000000000000, 1.000000000000000000 ) ) ;
#2485 = CARTESIAN_POINT ( 'NONE',  ( 10.00000000000000000, 0.000000000000000000, -10.00000000000000888 ) ) ;
#2486 = CYLINDRICAL_SURFACE ( 'NONE', #23, 3.500000000000003109 ) ;
#2487 = AXIS2_PLACEMENT_3D ( 'NONE', #1442, #2341, #343 ) ;
#2488 = DIRECTION ( 'NONE',  ( 0.000000000000000000, -1.000000000000000000, 0.000000000000000000 ) ) ;
#2489 = AXIS2_PLACEMENT_3D ( 'NONE', #239, #905, #2035 ) ;
#2490 = ORIENTED_EDGE ( 'NONE', *, *, #142, .F. ) ;
#2491 = EDGE_CURVE ( 'NONE', #727, #550, #1009, .T. ) ;
#2492 = DIRECTION ( 'NONE',  ( 0.000000000000000000, 0.000000000000000000, 1.000000000000000000 ) ) ;
#2493 = ADVANCED_FACE ( 'NONE', ( #1131, #1812 ), #279, .T. ) ;
#2494 = DIRECTION ( 'NONE',  ( 0.000000000000000000, 0.000000000000000000, 1.000000000000000000 ) ) ;
#2495 = DIRECTION ( 'NONE',  ( -0.000000000000000000, 1.000000000000000000, -0.000000000000000000 ) ) ;
#2496 = VERTEX_POINT ( 'NONE', #1824 ) ;
#2497 = ORIENTED_EDGE ( 'NONE', *, *, #2640, .T. ) ;
#2498 = CIRCLE ( 'NONE', #267, 3.500000000000016875 ) ;
#2499 = CARTESIAN_POINT ( 'NONE',  ( 22.60879858375501428, 14.00000000000000000, -62.50000000000000000 ) ) ;
#2500 = CARTESIAN_POINT ( 'NONE',  ( 67.50000000000025580, -0.000000000000000000, -2.179330954873115069E-13 ) ) ;
#2501 = AXIS2_PLACEMENT_3D ( 'NONE', #2550, #1885, #1477 ) ;
#2502 = DIRECTION ( 'NONE',  ( -0.000000000000000000, 1.000000000000000000, -0.000000000000000000 ) ) ;
#2503 = AXIS2_PLACEMENT_3D ( 'NONE', #2592, #800, #594 ) ;
#2504 = AXIS2_PLACEMENT_3D ( 'NONE', #1182, #1155, #2283 ) ;
#2505 = DIRECTION ( 'NONE',  ( 0.000000000000000000, -1.000000000000000000, 0.000000000000000000 ) ) ;
#2506 = ORIENTED_EDGE ( 'NONE', *, *, #1084, .F. ) ;
#2507 = LINE ( 'NONE', #2023, #467 ) ;
#2508 = DIRECTION ( 'NONE',  ( -1.387778780781444492E-15, 0.000000000000000000, -1.000000000000000000 ) ) ;
#2509 = CARTESIAN_POINT ( 'NONE',  ( 80.00000000000001421, 14.00000000000000000, -64.99999999999998579 ) ) ;
#2510 = EDGE_CURVE ( 'NONE', #1470, #2645, #1343, .T. ) ;
#2511 = CARTESIAN_POINT ( 'NONE',  ( 67.50000000000024158, 0.000000000000000000, -22.60879858375493612 ) ) ;
#2512 = CIRCLE ( 'NONE', #1574, 2.600000000000017408 ) ;
#2513 = EDGE_CURVE ( 'NONE', #316, #787, #870, .T. ) ;
#2514 = VERTEX_POINT ( 'NONE', #2475 ) ;
#2515 = VERTEX_POINT ( 'NONE', #487 ) ;
#2516 = AXIS2_PLACEMENT_3D ( 'NONE', #57, #2495, #1816 ) ;
#2517 = LINE ( 'NONE', #318, #691 ) ;
#2518 = CARTESIAN_POINT ( 'NONE',  ( 100.0000000000000000, -2.000000000000000000, -78.59999999999986642 ) ) ;
#2519 = VERTEX_POINT ( 'NONE', #1356 ) ;
#2520 = ORIENTED_EDGE ( 'NONE', *, *, #646, .T. ) ;
#2521 = ORIENTED_EDGE ( 'NONE', *, *, #2281, .F. ) ;
#2522 = DIRECTION ( 'NONE',  ( -0.000000000000000000, 1.000000000000000000, -0.000000000000000000 ) ) ;
#2523 = ORIENTED_EDGE ( 'NONE', *, *, #2872, .F. ) ;
#2524 = DIRECTION ( 'NONE',  ( 0.000000000000000000, 0.000000000000000000, 1.000000000000000000 ) ) ;
#2525 = CYLINDRICAL_SURFACE ( 'NONE', #2729, 1.399999999999998579 ) ;
#2526 = CARTESIAN_POINT ( 'NONE',  ( 137.3912014162449964, 0.000000000000000000, -92.49999999999997158 ) ) ;
#2527 = ORIENTED_EDGE ( 'NONE', *, *, #1054, .T. ) ;
#2528 = ORIENTED_EDGE ( 'NONE', *, *, #1900, .T. ) ;
#2529 = CARTESIAN_POINT ( 'NONE',  ( 142.1738015342654364, -6.000000000000000000, -98.95833333333331439 ) ) ;
#2530 = AXIS2_PLACEMENT_3D ( 'NONE', #909, #228, #477 ) ;
#2531 = CLOSED_SHELL ( 'NONE', ( #1243, #1958, #2792, #185, #1903, #2699, #1689, #1543, #473, #2730, #2387, #1274, #2457, #1153, #2666, #2638, #580, #1179, #506, #2191, #400, #1208, #2154, #1692, #472, #1119, #1991, #1303, #2045, #1955, #1518, #219, #1632, #1004, #183, #2143, #384, #2316, #2808, #2878, #2441, #2493, #102, #1241, #2048, #2207, #2106, #1222, #1959, #2755, #44, #1994, #2573, #1441, #564, #2374, #170, #1562, #2582, #10, #1734, #1405, #1844, #775, #2062, #1311, #949, #2771, #2476, #2663, #1769, #1358, #719, #1655, #2208, #833, #2264, #2263, #140, #121, #1106, #252, #2240, #1594, #1073, #2828 ) ) ;
#2532 = DIRECTION ( 'NONE',  ( -0.000000000000000000, 1.000000000000000000, -0.000000000000000000 ) ) ;
#2533 = EDGE_CURVE ( 'NONE', #1248, #767, #2748, .T. ) ;
#2534 = CARTESIAN_POINT ( 'NONE',  ( 10.00000000000000000, 0.000000000000000000, -7.400000000000018119 ) ) ;
#2535 = EDGE_CURVE ( 'NONE', #1890, #1817, #1839, .T. ) ;
#2536 = ORIENTED_EDGE ( 'NONE', *, *, #171, .F. ) ;
#2537 = VERTEX_POINT ( 'NONE', #533 ) ;
#2538 = EDGE_CURVE ( 'NONE', #1833, #1670, #1450, .T. ) ;
#2539 = ORIENTED_EDGE ( 'NONE', *, *, #2513, .T. ) ;
#2540 = DIRECTION ( 'NONE',  ( -0.000000000000000000, -0.000000000000000000, 1.000000000000000000 ) ) ;
#2541 = CIRCLE ( 'NONE', #1649, 2.600000000000019185 ) ;
#2542 = VERTEX_POINT ( 'NONE', #551 ) ;
#2543 = FACE_BOUND ( 'NONE', #2604, .T. ) ;
#2544 = VECTOR ( 'NONE', #2540, 1000.000000000000000 ) ;
#2545 = DIRECTION ( 'NONE',  ( 0.000000000000000000, 0.000000000000000000, -1.000000000000000000 ) ) ;
#2546 = ORIENTED_EDGE ( 'NONE', *, *, #2652, .F. ) ;
#2547 = VERTEX_POINT ( 'NONE', #2098 ) ;
#2548 = DIRECTION ( 'NONE',  ( 0.000000000000000000, 0.000000000000000000, -1.000000000000000000 ) ) ;
#2549 = DIRECTION ( 'NONE',  ( 0.000000000000000000, 0.000000000000000000, 1.000000000000000000 ) ) ;
#2550 = CARTESIAN_POINT ( 'NONE',  ( 70.00000000000017053, 4.000000000000000000, -62.67949192431112948 ) ) ;
#2551 = ORIENTED_EDGE ( 'NONE', *, *, #158, .T. ) ;
#2552 = SHAPE_DEFINITION_REPRESENTATION ( #2198, #1319 ) ;
#2553 = VECTOR ( 'NONE', #2597, 1000.000000000000000 ) ;
#2554 = EDGE_CURVE ( 'NONE', #1531, #956, #1740, .T. ) ;
#2555 = ORIENTED_EDGE ( 'NONE', *, *, #1226, .T. ) ;
#2556 = EDGE_CURVE ( 'NONE', #451, #2670, #1217, .T. ) ;
#2557 = ORIENTED_EDGE ( 'NONE', *, *, #2079, .T. ) ;
#2558 = DIRECTION ( 'NONE',  ( -0.000000000000000000, 1.000000000000000000, -0.000000000000000000 ) ) ;
#2559 = CARTESIAN_POINT ( 'NONE',  ( 38.54219012055751392, 0.000000000000000000, -62.50000000000000000 ) ) ;
#2560 = CIRCLE ( 'NONE', #2650, 3.500000000000016875 ) ;
#2561 = EDGE_LOOP ( 'NONE', ( #2231, #369, #215, #1291 ) ) ;
#2562 = DIRECTION ( 'NONE',  ( 0.000000000000000000, -0.000000000000000000, -1.000000000000000000 ) ) ;
#2563 = CIRCLE ( 'NONE', #98, 1.399999999999998579 ) ;
#2564 = FACE_OUTER_BOUND ( 'NONE', #2187, .T. ) ;
#2565 = SURFACE_STYLE_USAGE ( .BOTH. , #785 ) ;
#2566 = ORIENTED_EDGE ( 'NONE', *, *, #425, .F. ) ;
#2567 = ORIENTED_EDGE ( 'NONE', *, *, #346, .T. ) ;
#2568 = CARTESIAN_POINT ( 'NONE',  ( 98.95833333333308701, 0.000000000000000000, -142.1738015342654933 ) ) ;
#2569 = CIRCLE ( 'NONE', #278, 5.000000000000004441 ) ;
#2570 = AXIS2_PLACEMENT_3D ( 'NONE', #2175, #1732, #1761 ) ;
#2571 = LINE ( 'NONE', #1019, #1565 ) ;
#2572 = ORIENTED_EDGE ( 'NONE', *, *, #1024, .F. ) ;
#2573 = ADVANCED_FACE ( 'NONE', ( #130 ), #2082, .F. ) ;
#2574 = VERTEX_POINT ( 'NONE', #2064 ) ;
#2575 = DIRECTION ( 'NONE',  ( 0.000000000000000000, 0.000000000000000000, -1.000000000000000000 ) ) ;
#2576 = ORIENTED_EDGE ( 'NONE', *, *, #1440, .T. ) ;
#2577 = FACE_BOUND ( 'NONE', #1349, .T. ) ;
#2578 = EDGE_CURVE ( 'NONE', #2141, #1317, #2794, .T. ) ;
#2579 = EDGE_CURVE ( 'NONE', #1890, #1728, #753, .T. ) ;
#2580 = CARTESIAN_POINT ( 'NONE',  ( 90.00000000000011369, 14.00000000000000000, -97.32050807568873552 ) ) ;
#2581 = DIRECTION ( 'NONE',  ( 0.000000000000000000, -1.000000000000000000, 0.000000000000000000 ) ) ;
#2582 = ADVANCED_FACE ( 'NONE', ( #578 ), #1672, .T. ) ;
#2583 = ORIENTED_EDGE ( 'NONE', *, *, #526, .F. ) ;
#2584 = CARTESIAN_POINT ( 'NONE',  ( 92.49999999999984368, -6.000000000000000000, -121.4578098794425500 ) ) ;
#2585 = CIRCLE ( 'NONE', #536, 5.000000000000004441 ) ;
#2586 = DIRECTION ( 'NONE',  ( 0.000000000000000000, 0.000000000000000000, -1.000000000000000000 ) ) ;
#2587 = ORIENTED_EDGE ( 'NONE', *, *, #2027, .F. ) ;
#2588 = VERTEX_POINT ( 'NONE', #355 ) ;
#2589 = EDGE_LOOP ( 'NONE', ( #1164, #2065 ) ) ;
#2590 = CARTESIAN_POINT ( 'NONE',  ( 121.4578098794425216, 14.00000000000000000, -92.49999999999997158 ) ) ;
#2591 = ORIENTED_EDGE ( 'NONE', *, *, #307, .F. ) ;
#2592 = CARTESIAN_POINT ( 'NONE',  ( 150.0000000000000284, 0.000000000000000000, -10.00000000000000888 ) ) ;
#2593 = CARTESIAN_POINT ( 'NONE',  ( 97.50000000000019895, -6.000000000000000000, -22.60879858375504270 ) ) ;
#2594 = ORIENTED_EDGE ( 'NONE', *, *, #2046, .F. ) ;
#2595 = EDGE_LOOP ( 'NONE', ( #545, #2724 ) ) ;
#2596 = DIRECTION ( 'NONE',  ( -0.000000000000000000, 1.000000000000000000, -0.000000000000000000 ) ) ;
#2597 = DIRECTION ( 'NONE',  ( -0.000000000000000000, 1.000000000000000000, -0.000000000000000000 ) ) ;
#2598 = CARTESIAN_POINT ( 'NONE',  ( 89.99999999999985789, -2.000000000000000000, -61.27949192431111669 ) ) ;
#2599 = ORIENTED_EDGE ( 'NONE', *, *, #59, .F. ) ;
#2600 = CIRCLE ( 'NONE', #85, 40.00000000000000711 ) ;
#2601 = DIRECTION ( 'NONE',  ( -3.766744860274507877E-15, 0.000000000000000000, -1.000000000000000000 ) ) ;
#2602 = AXIS2_PLACEMENT_3D ( 'NONE', #1250, #1626, #2524 ) ;
#2603 = CARTESIAN_POINT ( 'NONE',  ( 60.00000000000001421, -2.000000000000000000, -81.39999999999999147 ) ) ;
#2604 = EDGE_LOOP ( 'NONE', ( #603, #1152 ) ) ;
#2605 = ORIENTED_EDGE ( 'NONE', *, *, #1024, .T. ) ;
#2606 = VECTOR ( 'NONE', #1501, 1000.000000000000000 ) ;
#2607 = LINE ( 'NONE', #1294, #2720 ) ;
#2608 = AXIS2_PLACEMENT_3D ( 'NONE', #1460, #2803, #559 ) ;
#2609 = EDGE_CURVE ( 'NONE', #1466, #2776, #1782, .T. ) ;
#2610 = FACE_OUTER_BOUND ( 'NONE', #1984, .T. ) ;
#2611 = CARTESIAN_POINT ( 'NONE',  ( 100.0000000000000000, 0.000000000000000000, -79.99999999999998579 ) ) ;
#2612 = VECTOR ( 'NONE', #1393, 1000.000000000000000 ) ;
#2613 = EDGE_LOOP ( 'NONE', ( #577, #2805, #1888, #697 ) ) ;
#2614 = CARTESIAN_POINT ( 'NONE',  ( 90.00000000000011369, 4.000000000000000000, -97.32050807568873552 ) ) ;
#2615 = CARTESIAN_POINT ( 'NONE',  ( 121.4578098794425216, 0.000000000000000000, -97.49999999999997158 ) ) ;
#2616 = EDGE_LOOP ( 'NONE', ( #2171, #2536, #2192, #2076 ) ) ;
#2617 = ORIENTED_EDGE ( 'NONE', *, *, #1593, .T. ) ;
#2618 = CYLINDRICAL_SURFACE ( 'NONE', #107, 5.000000000000004441 ) ;
#2619 = CYLINDRICAL_SURFACE ( 'NONE', #1449, 1.400000000000012346 ) ;
#2620 = CYLINDRICAL_SURFACE ( 'NONE', #2418, 1.399999999999984590 ) ;
#2621 = DIRECTION ( 'NONE',  ( -1.000000000000000000, 0.000000000000000000, 0.000000000000000000 ) ) ;
#2622 = VERTEX_POINT ( 'NONE', #1642 ) ;
#2623 = EDGE_CURVE ( 'NONE', #175, #1276, #1906, .T. ) ;
#2624 = EDGE_CURVE ( 'NONE', #777, #1728, #310, .T. ) ;
#2625 = VERTEX_POINT ( 'NONE', #1420 ) ;
#2626 = AXIS2_PLACEMENT_3D ( 'NONE', #772, #541, #1850 ) ;
#2627 = FACE_BOUND ( 'NONE', #1195, .T. ) ;
#2628 = CARTESIAN_POINT ( 'NONE',  ( 0.000000000000000000, -6.000000000000000000, -92.49999999999997158 ) ) ;
#2629 = FACE_OUTER_BOUND ( 'NONE', #2561, .T. ) ;
#2630 = CARTESIAN_POINT ( 'NONE',  ( 90.00000000000011369, 4.000000000000000000, -95.92050807568871562 ) ) ;
#2631 = EDGE_LOOP ( 'NONE', ( #841, #2097, #2134, #2594 ) ) ;
#2632 = DIRECTION ( 'NONE',  ( -0.000000000000000000, 1.000000000000000000, -0.000000000000000000 ) ) ;
#2633 = CARTESIAN_POINT ( 'NONE',  ( 80.00000000000001421, 14.00000000000000000, -79.99999999999998579 ) ) ;
#2634 = AXIS2_PLACEMENT_3D ( 'NONE', #2448, #2488, #223 ) ;
#2635 = CARTESIAN_POINT ( 'NONE',  ( 70.00000000000005684, -2.000000000000000000, -95.92050807568878668 ) ) ;
#2636 = VECTOR ( 'NONE', #2732, 1000.000000000000000 ) ;
#2637 = EDGE_LOOP ( 'NONE', ( #2438, #622, #438, #593 ) ) ;
#2638 = ADVANCED_FACE ( 'NONE', ( #981 ), #1858, .F. ) ;
#2639 = CARTESIAN_POINT ( 'NONE',  ( 89.99999999999997158, 0.000000000000000000, -97.32050807568873552 ) ) ;
#2640 = EDGE_CURVE ( 'NONE', #1035, #1409, #146, .T. ) ;
#2641 = DIRECTION ( 'NONE',  ( 0.000000000000000000, 0.000000000000000000, -1.000000000000000000 ) ) ;
#2642 = CARTESIAN_POINT ( 'NONE',  ( 92.49999999999984368, 0.000000000000000000, -121.4578098794425500 ) ) ;
#2643 = VECTOR ( 'NONE', #2108, 1000.000000000000000 ) ;
#2644 = PRODUCT_DEFINITION_FORMATION_WITH_SPECIFIED_SOURCE ( 'ä»', '', #2646, .NOT_KNOWN. ) ;
#2645 = VERTEX_POINT ( 'NONE', #116 ) ;
#2646 = PRODUCT ( 'base', 'base', '', ( #515 ) ) ;
#2647 = FACE_BOUND ( 'NONE', #16, .T. ) ;
#2648 = CARTESIAN_POINT ( 'NONE',  ( 60.00000000000001421, 4.000000000000000000, -78.59999999999999432 ) ) ;
#2649 = VERTEX_POINT ( 'NONE', #810 ) ;
#2650 = AXIS2_PLACEMENT_3D ( 'NONE', #5, #1534, #608 ) ;
#2651 = CARTESIAN_POINT ( 'NONE',  ( 121.4578098794425216, 14.00000000000000000, -62.50000000000000000 ) ) ;
#2652 = EDGE_CURVE ( 'NONE', #980, #1218, #259, .T. ) ;
#2653 = VERTEX_POINT ( 'NONE', #1687 ) ;
#2654 = CARTESIAN_POINT ( 'NONE',  ( 92.50000000000014211, 14.00000000000000000, -38.54219012055752103 ) ) ;
#2655 = EDGE_LOOP ( 'NONE', ( #1658, #2566, #2300, #2110 ) ) ;
#2656 = VECTOR ( 'NONE', #394, 1000.000000000000000 ) ;
#2657 = CARTESIAN_POINT ( 'NONE',  ( 110.9732062370157735, 14.00000000000000000, -60.99326184219687264 ) ) ;
#2658 = AXIS2_PLACEMENT_3D ( 'NONE', #1802, #2277, #1830 ) ;
#2659 = APPLICATION_CONTEXT ( 'automotive_design' ) ;
#2660 = DIRECTION ( 'NONE',  ( 0.000000000000000000, 0.000000000000000000, 1.000000000000000000 ) ) ;
#2661 = ORIENTED_EDGE ( 'NONE', *, *, #1525, .T. ) ;
#2662 = EDGE_CURVE ( 'NONE', #1263, #334, #2221, .T. ) ;
#2663 = ADVANCED_FACE ( 'NONE', ( #620 ), #2378, .F. ) ;
#2664 = PLANE ( 'NONE',  #1774 ) ;
#2665 = CARTESIAN_POINT ( 'NONE',  ( 89.99999999999997158, 4.000000000000000000, -97.32050807568873552 ) ) ;
#2666 = ADVANCED_FACE ( 'NONE', ( #1040 ), #1935, .F. ) ;
#2667 = ORIENTED_EDGE ( 'NONE', *, *, #204, .T. ) ;
#2668 = ORIENTED_EDGE ( 'NONE', *, *, #863, .F. ) ;
#2669 = CARTESIAN_POINT ( 'NONE',  ( 17.82619846573459910, 0.000000000000000000, -61.04166666666665719 ) ) ;
#2670 = VERTEX_POINT ( 'NONE', #1700 ) ;
#2671 = LINE ( 'NONE', #1339, #2411 ) ;
#2672 = CARTESIAN_POINT ( 'NONE',  ( 92.50000000000019895, 14.00000000000000000, -22.60879858375502494 ) ) ;
#2673 = DIRECTION ( 'NONE',  ( 0.000000000000000000, 0.000000000000000000, 1.000000000000000000 ) ) ;
#2674 = DIRECTION ( 'NONE',  ( 0.000000000000000000, 0.000000000000000000, -1.000000000000000000 ) ) ;
#2675 = ORIENTED_EDGE ( 'NONE', *, *, #2297, .F. ) ;
#2676 = VECTOR ( 'NONE', #1742, 1000.000000000000000 ) ;
#2677 = CARTESIAN_POINT ( 'NONE',  ( 69.99999999999992895, 4.000000000000000000, -93.82050807568873552 ) ) ;
#2678 = CARTESIAN_POINT ( 'NONE',  ( 43.14861344049555925, 14.00000000000000000, -95.55555555555552871 ) ) ;
#2679 = CARTESIAN_POINT ( 'NONE',  ( 80.00000000000001421, -6.000000000000000000, -79.99999999999998579 ) ) ;
#2680 = EDGE_CURVE ( 'NONE', #1021, #585, #1479, .T. ) ;
#2681 = ORIENTED_EDGE ( 'NONE', *, *, #2474, .F. ) ;
#2682 = VERTEX_POINT ( 'NONE', #1753 ) ;
#2683 = AXIS2_PLACEMENT_3D ( 'NONE', #2615, #2381, #2863 ) ;
#2684 = CARTESIAN_POINT ( 'NONE',  ( 43.14861344049555925, 0.000000000000000000, -95.55555555555552871 ) ) ;
#2685 = CIRCLE ( 'NONE', #682, 1.400000000000012346 ) ;
#2686 = CARTESIAN_POINT ( 'NONE',  ( 110.9732062370157735, -5.999999999999996447, -60.99326184219687264 ) ) ;
#2687 = DIRECTION ( 'NONE',  ( 0.000000000000000000, -1.000000000000000000, 0.000000000000000000 ) ) ;
#2688 = CARTESIAN_POINT ( 'NONE',  ( 97.50000000000019895, 0.000000000000000000, -22.60879858375504270 ) ) ;
#2689 = ORIENTED_EDGE ( 'NONE', *, *, #758, .T. ) ;
#2690 = FACE_BOUND ( 'NONE', #1865, .T. ) ;
#2691 = DIRECTION ( 'NONE',  ( 0.000000000000000000, 1.000000000000000000, -0.000000000000000000 ) ) ;
#2692 = DIRECTION ( 'NONE',  ( 0.000000000000000000, -0.000000000000000000, -1.000000000000000000 ) ) ;
#2693 = ORIENTED_EDGE ( 'NONE', *, *, #1754, .T. ) ;
#2694 = ORIENTED_EDGE ( 'NONE', *, *, #738, .F. ) ;
#2695 = EDGE_CURVE ( 'NONE', #1177, #1094, #1606, .T. ) ;
#2696 = VECTOR ( 'NONE', #762, 1000.000000000000000 ) ;
#2697 = DIRECTION ( 'NONE',  ( 0.000000000000000000, -1.000000000000000000, 0.000000000000000000 ) ) ;
#2698 = CARTESIAN_POINT ( 'NONE',  ( 98.95833333333308701, 14.00000000000000000, -142.1738015342654933 ) ) ;
#2699 = ADVANCED_FACE ( 'NONE', ( #2197 ), #1716, .F. ) ;
#2700 = DIRECTION ( 'NONE',  ( -0.000000000000000000, 1.000000000000000000, -0.000000000000000000 ) ) ;
#2701 = CARTESIAN_POINT ( 'NONE',  ( 137.3912014162449964, 0.000000000000000000, -97.49999999999997158 ) ) ;
#2702 = CARTESIAN_POINT ( 'NONE',  ( 97.49999999999978684, 0.000000000000000000, -137.3912014162450532 ) ) ;
#2703 = AXIS2_PLACEMENT_3D ( 'NONE', #887, #2205, #2885 ) ;
#2704 = ORIENTED_EDGE ( 'NONE', *, *, #509, .T. ) ;
#2705 = CARTESIAN_POINT ( 'NONE',  ( 22.60879858375501428, 0.000000000000000000, -97.49999999999997158 ) ) ;
#2706 = CARTESIAN_POINT ( 'NONE',  ( 10.00000000000000000, 14.00000000000000000, -7.400000000000018119 ) ) ;
#2707 = FACE_OUTER_BOUND ( 'NONE', #1298, .T. ) ;
#2708 = ORIENTED_EDGE ( 'NONE', *, *, #1791, .F. ) ;
#2709 = ORIENTED_EDGE ( 'NONE', *, *, #2716, .T. ) ;
#2710 = CYLINDRICAL_SURFACE ( 'NONE', #1949, 40.00000000000000711 ) ;
#2711 = CARTESIAN_POINT ( 'NONE',  ( 10.00000000000000000, 14.00000000000000000, -10.00000000000000888 ) ) ;
#2712 = DIRECTION ( 'NONE',  ( 0.000000000000000000, -1.000000000000000000, 0.000000000000000000 ) ) ;
#2713 = DIRECTION ( 'NONE',  ( 1.000000000000000000, -0.000000000000000000, 0.000000000000000000 ) ) ;
#2714 = EDGE_CURVE ( 'NONE', #1400, #1813, #2600, .T. ) ;
#2715 = CARTESIAN_POINT ( 'NONE',  ( 80.00000000000001421, -6.000000000000000000, -79.99999999999998579 ) ) ;
#2716 = EDGE_CURVE ( 'NONE', #777, #1817, #1464, .T. ) ;
#2717 = CARTESIAN_POINT ( 'NONE',  ( 137.3912014162449964, 14.00000000000000000, -62.50000000000000000 ) ) ;
#2718 = ORIENTED_EDGE ( 'NONE', *, *, #1326, .F. ) ;
#2719 = CYLINDRICAL_SURFACE ( 'NONE', #606, 15.00000000000000000 ) ;
#2720 = VECTOR ( 'NONE', #1744, 1000.000000000000000 ) ;
#2721 = CYLINDRICAL_SURFACE ( 'NONE', #374, 1.399999999999984590 ) ;
#2722 = PLANE ( 'NONE',  #2144 ) ;
#2723 = CIRCLE ( 'NONE', #1453, 15.00000000000000000 ) ;
#2724 = ORIENTED_EDGE ( 'NONE', *, *, #2769, .T. ) ;
#2725 = ORIENTED_EDGE ( 'NONE', *, *, #1940, .F. ) ;
#2726 = CARTESIAN_POINT ( 'NONE',  ( 142.1738015342654364, 0.000000000000000000, -98.95833333333331439 ) ) ;
#2727 = CARTESIAN_POINT ( 'NONE',  ( 62.49999999999985789, -6.000000000000000000, -121.4578098794424363 ) ) ;
#2728 = FACE_OUTER_BOUND ( 'NONE', #1679, .T. ) ;
#2729 = AXIS2_PLACEMENT_3D ( 'NONE', #331, #2811, #537 ) ;
#2730 = ADVANCED_FACE ( 'NONE', ( #208 ), #1726, .F. ) ;
#2731 = EDGE_CURVE ( 'NONE', #2313, #1177, #169, .T. ) ;
#2732 = DIRECTION ( 'NONE',  ( -0.000000000000000000, -1.000000000000000000, -0.000000000000000000 ) ) ;
#2733 = ORIENTED_EDGE ( 'NONE', *, *, #2168, .F. ) ;
#2734 = AXIS2_PLACEMENT_3D ( 'NONE', #2639, #881, #1922 ) ;
#2735 = DIRECTION ( 'NONE',  ( 0.000000000000000000, 0.000000000000000000, 1.000000000000000000 ) ) ;
#2736 = CARTESIAN_POINT ( 'NONE',  ( 100.0000000000000000, 4.000000000000000000, -76.49999999999998579 ) ) ;
#2737 =( NAMED_UNIT ( * ) SI_UNIT ( $, .STERADIAN. ) SOLID_ANGLE_UNIT ( ) );
#2738 = ORIENTED_EDGE ( 'NONE', *, *, #2623, .F. ) ;
#2739 = ORIENTED_EDGE ( 'NONE', *, *, #2824, .T. ) ;
#2740 = AXIS2_PLACEMENT_3D ( 'NONE', #2877, #855, #194 ) ;
#2741 = CARTESIAN_POINT ( 'NONE',  ( 150.0000000000000000, 14.00000000000000000, 0.000000000000000000 ) ) ;
#2742 = DIRECTION ( 'NONE',  ( 0.000000000000000000, 0.000000000000000000, -1.000000000000000000 ) ) ;
#2743 = ORIENTED_EDGE ( 'NONE', *, *, #2423, .T. ) ;
#2744 = CIRCLE ( 'NONE', #2138, 2.599999999999991207 ) ;
#2745 = ORIENTED_EDGE ( 'NONE', *, *, #882, .T. ) ;
#2746 = CIRCLE ( 'NONE', #2454, 10.00000000000000888 ) ;
#2747 = ORIENTED_EDGE ( 'NONE', *, *, #2680, .F. ) ;
#2748 = LINE ( 'NONE', #994, #2305 ) ;
#2749 = ORIENTED_EDGE ( 'NONE', *, *, #600, .T. ) ;
#2750 = CARTESIAN_POINT ( 'NONE',  ( 89.99999999999997158, 4.000000000000000000, -93.82050807568872131 ) ) ;
#2751 = CARTESIAN_POINT ( 'NONE',  ( 0.000000000000000000, 14.00000000000000000, -150.0000000000000000 ) ) ;
#2752 = EDGE_LOOP ( 'NONE', ( #218, #977, #211, #164 ) ) ;
#2753 = EDGE_CURVE ( 'NONE', #1918, #2002, #2822, .T. ) ;
#2754 = ORIENTED_EDGE ( 'NONE', *, *, #1491, .T. ) ;
#2755 = ADVANCED_FACE ( 'NONE', ( #370, #2627 ), #1052, .T. ) ;
#2756 = CARTESIAN_POINT ( 'NONE',  ( 22.60879858375501428, -6.000000000000000000, -62.50000000000000000 ) ) ;
#2757 = PLANE ( 'NONE',  #413 ) ;
#2758 = LINE ( 'NONE', #408, #41 ) ;
#2759 = ORIENTED_EDGE ( 'NONE', *, *, #2227, .T. ) ;
#2760 = ORIENTED_EDGE ( 'NONE', *, *, #1342, .T. ) ;
#2761 = DIRECTION ( 'NONE',  ( -0.000000000000000000, 1.000000000000000000, -0.000000000000000000 ) ) ;
#2762 = ORIENTED_EDGE ( 'NONE', *, *, #2027, .T. ) ;
#2763 = PLANE ( 'NONE',  #2323 ) ;
#2764 = CARTESIAN_POINT ( 'NONE',  ( 150.0000000000000284, -6.000000000000000000, -10.00000000000000888 ) ) ;
#2765 = CARTESIAN_POINT ( 'NONE',  ( 60.00000000000001421, 4.000000000000000000, -81.39999999999999147 ) ) ;
#2766 = ORIENTED_EDGE ( 'NONE', *, *, #1926, .T. ) ;
#2767 = ORIENTED_EDGE ( 'NONE', *, *, #1708, .T. ) ;
#2768 = CYLINDRICAL_SURFACE ( 'NONE', #627, 4.999999999999997335 ) ;
#2769 = EDGE_CURVE ( 'NONE', #2780, #1833, #1465, .T. ) ;
#2770 = AXIS2_PLACEMENT_3D ( 'NONE', #2802, #805, #2856 ) ;
#2771 = ADVANCED_FACE ( 'NONE', ( #865 ), #1948, .F. ) ;
#2772 = DIRECTION ( 'NONE',  ( 0.000000000000000000, 0.000000000000000000, -1.000000000000000000 ) ) ;
#2773 = CARTESIAN_POINT ( 'NONE',  ( 67.49999999999987210, 0.000000000000000000, -121.4578098794424506 ) ) ;
#2774 = VERTEX_POINT ( 'NONE', #2862 ) ;
#2775 = DIRECTION ( 'NONE',  ( 1.000000000000000000, 0.000000000000000000, 0.000000000000000000 ) ) ;
#2776 = VERTEX_POINT ( 'NONE', #431 ) ;
#2777 = ORIENTED_EDGE ( 'NONE', *, *, #453, .T. ) ;
#2778 = DIRECTION ( 'NONE',  ( 0.000000000000000000, -1.000000000000000000, 0.000000000000000000 ) ) ;
#2779 = CIRCLE ( 'NONE', #1411, 5.000000000000004441 ) ;
#2780 = VERTEX_POINT ( 'NONE', #1737 ) ;
#2781 = DIRECTION ( 'NONE',  ( 0.000000000000000000, -0.000000000000000000, -1.000000000000000000 ) ) ;
#2782 = CYLINDRICAL_SURFACE ( 'NONE', #131, 2.600000000000017408 ) ;
#2783 = SURFACE_STYLE_FILL_AREA ( #2307 ) ;
#2784 = EDGE_LOOP ( 'NONE', ( #760, #1399 ) ) ;
#2785 = ORIENTED_EDGE ( 'NONE', *, *, #307, .T. ) ;
#2786 = CARTESIAN_POINT ( 'NONE',  ( 10.00000000000000000, 0.000000000000000000, -149.9999999999999716 ) ) ;
#2787 = EDGE_CURVE ( 'NONE', #1097, #1000, #1018, .T. ) ;
#2788 = CARTESIAN_POINT ( 'NONE',  ( 137.3912014162449964, -6.000000000000000000, -97.49999999999997158 ) ) ;
#2789 = VERTEX_POINT ( 'NONE', #592 ) ;
#2790 = AXIS2_PLACEMENT_3D ( 'NONE', #2376, #2346, #2586 ) ;
#2791 = VERTEX_POINT ( 'NONE', #1520 ) ;
#2792 = ADVANCED_FACE ( 'NONE', ( #1247 ), #825, .F. ) ;
#2793 = EDGE_CURVE ( 'NONE', #2653, #1400, #2078, .T. ) ;
#2794 = LINE ( 'NONE', #81, #1231 ) ;
#2795 = CIRCLE ( 'NONE', #2176, 1.399999999999998579 ) ;
#2796 = EDGE_LOOP ( 'NONE', ( #434, #1419, #271, #389 ) ) ;
#2797 = FACE_BOUND ( 'NONE', #115, .T. ) ;
#2798 = AXIS2_PLACEMENT_3D ( 'NONE', #2727, #2268, #714 ) ;
#2799 = DIRECTION ( 'NONE',  ( 0.000000000000000000, -1.000000000000000000, 0.000000000000000000 ) ) ;
#2800 = CARTESIAN_POINT ( 'NONE',  ( 80.00000000000001421, -2.000000000000000000, -64.99999999999998579 ) ) ;
#2801 = EDGE_LOOP ( 'NONE', ( #234, #1, #1699, #2587 ) ) ;
#2802 = CARTESIAN_POINT ( 'NONE',  ( 62.50000000000023448, 0.000000000000000000, -22.60879858375491835 ) ) ;
#2803 = DIRECTION ( 'NONE',  ( 0.000000000000000000, -1.000000000000000000, 0.000000000000000000 ) ) ;
#2804 = ORIENTED_EDGE ( 'NONE', *, *, #2227, .F. ) ;
#2805 = ORIENTED_EDGE ( 'NONE', *, *, #60, .F. ) ;
#2806 = ORIENTED_EDGE ( 'NONE', *, *, #1086, .T. ) ;
#2807 = DIRECTION ( 'NONE',  ( 0.000000000000000000, 0.000000000000000000, 1.000000000000000000 ) ) ;
#2808 = ADVANCED_FACE ( 'NONE', ( #1354 ), #222, .T. ) ;
#2809 = VERTEX_POINT ( 'NONE', #704 ) ;
#2810 = CARTESIAN_POINT ( 'NONE',  ( 62.50000000000023448, 14.00000000000000000, -22.60879858375491835 ) ) ;
#2811 = DIRECTION ( 'NONE',  ( -0.000000000000000000, 1.000000000000000000, -0.000000000000000000 ) ) ;
#2812 = DIRECTION ( 'NONE',  ( -0.000000000000000000, 1.000000000000000000, -0.000000000000000000 ) ) ;
#2813 = FACE_OUTER_BOUND ( 'NONE', #1923, .T. ) ;
#2814 = EDGE_LOOP ( 'NONE', ( #1215, #132, #1438, #2738 ) ) ;
#2815 = FACE_OUTER_BOUND ( 'NONE', #2616, .T. ) ;
#2816 = CARTESIAN_POINT ( 'NONE',  ( 10.00000000000000000, 14.00000000000000000, -152.5999999999999659 ) ) ;
#2817 = AXIS2_PLACEMENT_3D ( 'NONE', #1570, #2691, #939 ) ;
#2818 = CARTESIAN_POINT ( 'NONE',  ( 160.0000000000000000, 0.000000000000000000, 0.000000000000000000 ) ) ;
#2819 = ORIENTED_EDGE ( 'NONE', *, *, #2579, .T. ) ;
#2820 = AXIS2_PLACEMENT_3D ( 'NONE', #1928, #1496, #2393 ) ;
#2821 = VERTEX_POINT ( 'NONE', #917 ) ;
#2822 = LINE ( 'NONE', #2598, #834 ) ;
#2823 = ORIENTED_EDGE ( 'NONE', *, *, #1039, .T. ) ;
#2824 = EDGE_CURVE ( 'NONE', #1838, #1317, #2461, .T. ) ;
#2825 = CARTESIAN_POINT ( 'NONE',  ( 150.0000000000000284, -6.000000000000000000, -150.0000000000000000 ) ) ;
#2826 = EDGE_CURVE ( 'NONE', #2248, #1173, #2882, .T. ) ;
#2827 = DIRECTION ( 'NONE',  ( 0.000000000000000000, 0.000000000000000000, 1.000000000000000000 ) ) ;
#2828 = ADVANCED_FACE ( 'NONE', ( #1809 ), #945, .F. ) ;
#2829 = LINE ( 'NONE', #2800, #1691 ) ;
#2830 = EDGE_LOOP ( 'NONE', ( #611, #1057 ) ) ;
#2831 = DIRECTION ( 'NONE',  ( 0.000000000000000000, 0.000000000000000000, -1.000000000000000000 ) ) ;
#2832 = AXIS2_PLACEMENT_3D ( 'NONE', #2432, #1483, #1927 ) ;
#2833 = FACE_BOUND ( 'NONE', #1410, .T. ) ;
#2834 = CARTESIAN_POINT ( 'NONE',  ( 38.54219012055751392, 14.00000000000000000, -62.50000000000000000 ) ) ;
#2835 = VECTOR ( 'NONE', #2430, 1000.000000000000000 ) ;
#2836 = ORIENTED_EDGE ( 'NONE', *, *, #2716, .F. ) ;
#2837 = CARTESIAN_POINT ( 'NONE',  ( 80.00000000000001421, 0.000000000000000000, -79.99999999999998579 ) ) ;
#2838 = AXIS2_PLACEMENT_3D ( 'NONE', #2657, #687, #1315 ) ;
#2839 = VECTOR ( 'NONE', #1117, 1000.000000000000000 ) ;
#2840 = DIRECTION ( 'NONE',  ( 0.000000000000000000, -1.000000000000000000, 0.000000000000000000 ) ) ;
#2841 = ORIENTED_EDGE ( 'NONE', *, *, #1925, .F. ) ;
#2842 = AXIS2_PLACEMENT_3D ( 'NONE', #253, #2276, #2735 ) ;
#2843 = VERTEX_POINT ( 'NONE', #482 ) ;
#2844 = CIRCLE ( 'NONE', #2088, 1.400000000000012346 ) ;
#2845 = DIRECTION ( 'NONE',  ( 0.000000000000000000, 0.000000000000000000, -1.000000000000000000 ) ) ;
#2846 = CARTESIAN_POINT ( 'NONE',  ( 60.00000000000002842, 4.000000000000000000, -79.99999999999984368 ) ) ;
#2847 = EDGE_CURVE ( 'NONE', #1751, #1881, #1240, .T. ) ;
#2848 = EDGE_CURVE ( 'NONE', #519, #2407, #1118, .T. ) ;
#2849 = EDGE_LOOP ( 'NONE', ( #804, #2071 ) ) ;
#2850 = AXIS2_PLACEMENT_3D ( 'NONE', #970, #2291, #1408 ) ;
#2851 = ORIENTED_EDGE ( 'NONE', *, *, #852, .T. ) ;
#2852 = CARTESIAN_POINT ( 'NONE',  ( 17.82619846573458489, -6.000000000000000000, -61.04166666666665719 ) ) ;
#2853 = CARTESIAN_POINT ( 'NONE',  ( 62.49999999999980815, 0.000000000000000000, -137.3912014162449111 ) ) ;
#2854 = VERTEX_POINT ( 'NONE', #457 ) ;
#2855 = EDGE_LOOP ( 'NONE', ( #2292, #1006, #2443, #2215 ) ) ;
#2856 = DIRECTION ( 'NONE',  ( 0.000000000000000000, 0.000000000000000000, -1.000000000000000000 ) ) ;
#2857 = DIRECTION ( 'NONE',  ( 0.000000000000000000, 0.000000000000000000, 1.000000000000000000 ) ) ;
#2858 = EDGE_CURVE ( 'NONE', #798, #2843, #220, .T. ) ;
#2859 = EDGE_CURVE ( 'NONE', #2334, #1357, #269, .T. ) ;
#2860 = CARTESIAN_POINT ( 'NONE',  ( 90.00000000000022737, 4.000000000000000000, -66.17949192431134975 ) ) ;
#2861 = ORIENTED_EDGE ( 'NONE', *, *, #897, .T. ) ;
#2862 = CARTESIAN_POINT ( 'NONE',  ( 150.0000000000000000, 14.00000000000000000, 0.000000000000000000 ) ) ;
#2863 = DIRECTION ( 'NONE',  ( -2.775557561562888984E-15, 0.000000000000000000, -1.000000000000000000 ) ) ;
#2864 = DIRECTION ( 'NONE',  ( 0.000000000000000000, 0.000000000000000000, -1.000000000000000000 ) ) ;
#2865 = CARTESIAN_POINT ( 'NONE',  ( 116.8513865595044763, 14.00000000000000000, -95.55555555555552871 ) ) ;
#2866 = ORIENTED_EDGE ( 'NONE', *, *, #1312, .F. ) ;
#2867 = FACE_OUTER_BOUND ( 'NONE', #2637, .T. ) ;
#2868 = FACE_BOUND ( 'NONE', #315, .T. ) ;
#2869 = DIRECTION ( 'NONE',  ( -0.000000000000000000, 1.000000000000000000, -0.000000000000000000 ) ) ;
#2870 = ORIENTED_EDGE ( 'NONE', *, *, #2131, .T. ) ;
#2871 = CIRCLE ( 'NONE', #356, 1.399999999999984590 ) ;
#2872 = EDGE_CURVE ( 'NONE', #782, #531, #2361, .T. ) ;
#2873 = DIRECTION ( 'NONE',  ( 0.000000000000000000, 0.000000000000000000, -1.000000000000000000 ) ) ;
#2874 = UNCERTAINTY_MEASURE_WITH_UNIT (LENGTH_MEASURE( 1.000000000000000082E-05 ), #1831, 'distance_accuracy_value', 'NONE');
#2875 = DIRECTION ( 'NONE',  ( -0.000000000000000000, 1.000000000000000000, -0.000000000000000000 ) ) ;
#2876 = ORIENTED_EDGE ( 'NONE', *, *, #1473, .F. ) ;
#2877 = CARTESIAN_POINT ( 'NONE',  ( 67.50000000000032685, -6.000000000000000000, -2.542552780685305541E-13 ) ) ;
#2878 = ADVANCED_FACE ( 'NONE', ( #2252 ), #7, .T. ) ;
#2879 = EDGE_CURVE ( 'NONE', #143, #2149, #935, .T. ) ;
#2880 = CARTESIAN_POINT ( 'NONE',  ( 97.49999999999978684, 14.00000000000000000, -137.3912014162450532 ) ) ;
#2881 = DIRECTION ( 'NONE',  ( 0.000000000000000000, 0.000000000000000000, -1.000000000000000000 ) ) ;
#2882 = CIRCLE ( 'NONE', #2838, 2.500000000000009326 ) ;
#2883 = ORIENTED_EDGE ( 'NONE', *, *, #1739, .F. ) ;
#2884 = DIRECTION ( 'NONE',  ( 0.000000000000000000, 0.000000000000000000, -1.000000000000000000 ) ) ;
#2885 = DIRECTION ( 'NONE',  ( 0.000000000000000000, 0.000000000000000000, 1.000000000000000000 ) ) ;
ENDSEC;
END-ISO-10303-21;
