ISO-10303-21;
HEADER;
FILE_DESCRIPTION (( 'STEP AP214' ),
    '1' );
FILE_NAME ('j1_3.STEP',
    '2026-08-29T12:08:06',
    ( '' ),
    ( '' ),
    'SwSTEP 2.0',
    'SolidWorks 2024',
    '' );
FILE_SCHEMA (( 'AUTOMOTIVE_DESIGN' ));
ENDSEC;

DATA;
#1 = ORIENTED_EDGE ( 'NONE', *, *, #1687, .F. ) ;
#2 = EDGE_CURVE ( 'NONE', #66, #1083, #1249, .T. ) ;
#3 = ORIENTED_EDGE ( 'NONE', *, *, #2155, .T. ) ;
#4 = EDGE_CURVE ( 'NONE', #1162, #2109, #200, .T. ) ;
#5 = ORIENTED_EDGE ( 'NONE', *, *, #259, .T. ) ;
#6 = CARTESIAN_POINT ( 'NONE',  ( 2.000000000000000000, -6.500000000000000888, -7.000000000000000000 ) ) ;
#7 = DIRECTION ( 'NONE',  ( 0.000000000000000000, 0.000000000000000000, -1.000000000000000000 ) ) ;
#8 = AXIS2_PLACEMENT_3D ( 'NONE', #883, #1628, #1086 ) ;
#9 = VECTOR ( 'NONE', #755, 1000.000000000000000 ) ;
#10 = CARTESIAN_POINT ( 'NONE',  ( 40.99999999999999289, 10.00000000000000000, -105.3599999999999994 ) ) ;
#11 = VECTOR ( 'NONE', #2092, 1000.000000000000000 ) ;
#12 = VECTOR ( 'NONE', #1242, 1000.000000000000000 ) ;
#13 = LINE ( 'NONE', #1438, #940 ) ;
#14 = DIRECTION ( 'NONE',  ( 0.000000000000000000, 0.000000000000000000, 1.000000000000000000 ) ) ;
#15 = VECTOR ( 'NONE', #2118, 1000.000000000000000 ) ;
#16 = VERTEX_POINT ( 'NONE', #18 ) ;
#17 = VERTEX_POINT ( 'NONE', #717 ) ;
#18 = CARTESIAN_POINT ( 'NONE',  ( 38.00000000000000000, 0.000000000000000000, 0.000000000000000000 ) ) ;
#19 = FACE_OUTER_BOUND ( 'NONE', #220, .T. ) ;
#20 = EDGE_CURVE ( 'NONE', #1110, #528, #1409, .T. ) ;
#21 = PLANE ( 'NONE',  #1686 ) ;
#22 = LINE ( 'NONE', #1641, #1016 ) ;
#23 = CARTESIAN_POINT ( 'NONE',  ( 37.00000000000019895, 0.000000000000000000, -83.00000000000000000 ) ) ;
#24 = DIRECTION ( 'NONE',  ( 1.000000000000000000, 0.000000000000000000, -0.000000000000000000 ) ) ;
#25 = DIRECTION ( 'NONE',  ( 0.000000000000000000, 0.000000000000000000, -1.000000000000000000 ) ) ;
#26 = EDGE_CURVE ( 'NONE', #2219, #2151, #1993, .T. ) ;
#27 = VERTEX_POINT ( 'NONE', #1966 ) ;
#28 = CARTESIAN_POINT ( 'NONE',  ( 30.00000000000000000, 10.00000000000000000, 0.000000000000000000 ) ) ;
#29 = ORIENTED_EDGE ( 'NONE', *, *, #455, .F. ) ;
#30 = ADVANCED_FACE ( 'NONE', ( #1085 ), #1783, .F. ) ;
#31 = CYLINDRICAL_SURFACE ( 'NONE', #1354, 3.000000000000000888 ) ;
#32 = LINE ( 'NONE', #568, #2102 ) ;
#33 = LINE ( 'NONE', #745, #294 ) ;
#34 = CARTESIAN_POINT ( 'NONE',  ( 34.00000000000019185, -6.500000000000000888, -77.00000000000000000 ) ) ;
#35 = VECTOR ( 'NONE', #443, 1000.000000000000000 ) ;
#36 = ORIENTED_EDGE ( 'NONE', *, *, #26, .T. ) ;
#37 = VERTEX_POINT ( 'NONE', #737 ) ;
#38 = LINE ( 'NONE', #1776, #1828 ) ;
#39 = AXIS2_PLACEMENT_3D ( 'NONE', #1849, #1192, #2232 ) ;
#40 = CARTESIAN_POINT ( 'NONE',  ( 22.00000000000000000, -6.500000000000000888, -4.000000000000000000 ) ) ;
#41 = FACE_OUTER_BOUND ( 'NONE', #114, .T. ) ;
#42 = VECTOR ( 'NONE', #2185, 1000.000000000000000 ) ;
#43 = EDGE_CURVE ( 'NONE', #1133, #644, #2170, .T. ) ;
#44 = ORIENTED_EDGE ( 'NONE', *, *, #538, .F. ) ;
#45 = AXIS2_PLACEMENT_3D ( 'NONE', #1425, #927, #746 ) ;
#46 = ORIENTED_EDGE ( 'NONE', *, *, #2268, .F. ) ;
#47 = PLANE ( 'NONE',  #1418 ) ;
#48 = CARTESIAN_POINT ( 'NONE',  ( 33.99999999999998579, 0.000000000000000000, -103.0000000000000000 ) ) ;
#49 = EDGE_CURVE ( 'NONE', #1211, #16, #2125, .T. ) ;
#50 = LINE ( 'NONE', #764, #1793 ) ;
#51 = PLANE ( 'NONE',  #332 ) ;
#52 = CARTESIAN_POINT ( 'NONE',  ( 40.99999999999999289, 10.00000000000000000, -91.59999999999999432 ) ) ;
#53 = DIRECTION ( 'NONE',  ( -0.000000000000000000, 1.000000000000000000, -0.000000000000000000 ) ) ;
#54 = EDGE_CURVE ( 'NONE', #1232, #1669, #341, .T. ) ;
#55 = ORIENTED_EDGE ( 'NONE', *, *, #64, .F. ) ;
#56 = VERTEX_POINT ( 'NONE', #2311 ) ;
#57 = CARTESIAN_POINT ( 'NONE',  ( 41.00000000000000000, 3.500000000000000444, -98.40000000000000568 ) ) ;
#58 = DIRECTION ( 'NONE',  ( 1.000000000000000000, 0.000000000000000000, -0.000000000000000000 ) ) ;
#59 = DIRECTION ( 'NONE',  ( 0.000000000000000000, -0.000000000000000000, 1.000000000000000000 ) ) ;
#60 = ORIENTED_EDGE ( 'NONE', *, *, #1751, .T. ) ;
#61 = ORIENTED_EDGE ( 'NONE', *, *, #801, .F. ) ;
#62 = DIRECTION ( 'NONE',  ( -0.000000000000000000, 1.000000000000000000, -0.000000000000000000 ) ) ;
#63 = CARTESIAN_POINT ( 'NONE',  ( 36.99999999999999289, 10.00000000000000000, -98.40000000000000568 ) ) ;
#64 = EDGE_CURVE ( 'NONE', #705, #511, #406, .T. ) ;
#65 = DIRECTION ( 'NONE',  ( 1.156482317317870344E-15, 0.000000000000000000, -1.000000000000000000 ) ) ;
#66 = VERTEX_POINT ( 'NONE', #1031 ) ;
#67 = EDGE_CURVE ( 'NONE', #2284, #511, #1732, .T. ) ;
#68 = DIRECTION ( 'NONE',  ( -1.000000000000000000, 0.000000000000000000, 0.000000000000000000 ) ) ;
#69 = VERTEX_POINT ( 'NONE', #1018 ) ;
#70 = VERTEX_POINT ( 'NONE', #134 ) ;
#71 = CARTESIAN_POINT ( 'NONE',  ( 30.00000000000000000, 0.000000000000000000, -8.000000000000000000 ) ) ;
#72 = EDGE_CURVE ( 'NONE', #1451, #66, #145, .T. ) ;
#73 = ORIENTED_EDGE ( 'NONE', *, *, #125, .F. ) ;
#74 = CARTESIAN_POINT ( 'NONE',  ( 3.399999999999986144, 3.500000000000000444, 0.000000000000000000 ) ) ;
#75 = CARTESIAN_POINT ( 'NONE',  ( 23.39999999999998082, 3.500000000000000444, -4.000000000000000000 ) ) ;
#76 =( NAMED_UNIT ( * ) PLANE_ANGLE_UNIT ( ) SI_UNIT ( $, .RADIAN. ) );
#77 = DIRECTION ( 'NONE',  ( -1.000000000000000000, -0.000000000000000000, -0.000000000000000000 ) ) ;
#78 = EDGE_LOOP ( 'NONE', ( #1701, #166, #387, #81 ) ) ;
#79 = CARTESIAN_POINT ( 'NONE',  ( 11.99999999999999822, 0.000000000000000000, -7.000000000000000000 ) ) ;
#80 = AXIS2_PLACEMENT_3D ( 'NONE', #225, #945, #1654 ) ;
#81 = ORIENTED_EDGE ( 'NONE', *, *, #1532, .T. ) ;
#82 = VECTOR ( 'NONE', #457, 1000.000000000000000 ) ;
#83 = ORIENTED_EDGE ( 'NONE', *, *, #659, .T. ) ;
#84 = LINE ( 'NONE', #269, #195 ) ;
#85 = LINE ( 'NONE', #939, #148 ) ;
#86 = VECTOR ( 'NONE', #1548, 1000.000000000000000 ) ;
#87 = EDGE_CURVE ( 'NONE', #494, #1108, #2058, .T. ) ;
#88 = CARTESIAN_POINT ( 'NONE',  ( 16.59999999999998721, 3.500000000000000444, 0.000000000000000000 ) ) ;
#89 = CARTESIAN_POINT ( 'NONE',  ( 41.00000000000010658, 3.500000000000000444, -91.59999999999999432 ) ) ;
#90 = DIRECTION ( 'NONE',  ( 0.000000000000000000, 0.000000000000000000, 1.000000000000000000 ) ) ;
#91 = DIRECTION ( 'NONE',  ( 0.000000000000000000, 0.000000000000000000, -1.000000000000000000 ) ) ;
#92 = ORIENTED_EDGE ( 'NONE', *, *, #1000, .F. ) ;
#93 = ORIENTED_EDGE ( 'NONE', *, *, #532, .F. ) ;
#94 = FACE_OUTER_BOUND ( 'NONE', #382, .T. ) ;
#95 = EDGE_CURVE ( 'NONE', #395, #1464, #1554, .T. ) ;
#96 = ORIENTED_EDGE ( 'NONE', *, *, #87, .F. ) ;
#97 = FACE_BOUND ( 'NONE', #337, .T. ) ;
#98 = PLANE ( 'NONE',  #786 ) ;
#99 = CARTESIAN_POINT ( 'NONE',  ( 34.00000000000019185, 10.00000000000000000, -77.00000000000000000 ) ) ;
#100 = LINE ( 'NONE', #2256, #1136 ) ;
#101 = ORIENTED_EDGE ( 'NONE', *, *, #2016, .T. ) ;
#102 = EDGE_LOOP ( 'NONE', ( #2119, #1236, #622, #872 ) ) ;
#103 = DIRECTION ( 'NONE',  ( 0.000000000000000000, 0.000000000000000000, -1.000000000000000000 ) ) ;
#104 = EDGE_LOOP ( 'NONE', ( #830, #585, #1626, #606 ) ) ;
#105 = VECTOR ( 'NONE', #1693, 1000.000000000000000 ) ;
#106 = FACE_OUTER_BOUND ( 'NONE', #456, .T. ) ;
#107 = VERTEX_POINT ( 'NONE', #1176 ) ;
#108 = DIRECTION ( 'NONE',  ( -1.000000000000000000, 0.000000000000000000, 0.000000000000000000 ) ) ;
#109 = PRODUCT_CONTEXT ( 'NONE', #1080, 'mechanical' ) ;
#110 = FACE_OUTER_BOUND ( 'NONE', #1397, .T. ) ;
#111 = DIRECTION ( 'NONE',  ( 0.000000000000000000, 0.000000000000000000, -1.000000000000000000 ) ) ;
#112 = ADVANCED_FACE ( 'NONE', ( #1873 ), #2073, .F. ) ;
#113 = ORIENTED_EDGE ( 'NONE', *, *, #2309, .F. ) ;
#114 = EDGE_LOOP ( 'NONE', ( #1847, #1928, #314, #113 ) ) ;
#115 = VECTOR ( 'NONE', #181, 1000.000000000000000 ) ;
#116 = DIRECTION ( 'NONE',  ( -0.000000000000000000, 1.000000000000000000, -0.000000000000000000 ) ) ;
#117 = AXIS2_PLACEMENT_3D ( 'NONE', #1743, #468, #2314 ) ;
#118 = LINE ( 'NONE', #1550, #267 ) ;
#119 = AXIS2_PLACEMENT_3D ( 'NONE', #702, #868, #2297 ) ;
#120 = LINE ( 'NONE', #2276, #977 ) ;
#121 = EDGE_CURVE ( 'NONE', #1225, #701, #1887, .T. ) ;
#122 = DIRECTION ( 'NONE',  ( -1.000000000000000000, 0.000000000000000000, 0.000000000000000000 ) ) ;
#123 = ORIENTED_EDGE ( 'NONE', *, *, #129, .T. ) ;
#124 = ORIENTED_EDGE ( 'NONE', *, *, #1631, .T. ) ;
#125 = EDGE_CURVE ( 'NONE', #487, #2075, #1577, .T. ) ;
#126 = CARTESIAN_POINT ( 'NONE',  ( 0.000000000000000000, 3.500000000000000444, 0.000000000000000000 ) ) ;
#127 = CARTESIAN_POINT ( 'NONE',  ( 70.00000000000000000, 10.00000000000000000, -75.00000000000000000 ) ) ;
#128 = VERTEX_POINT ( 'NONE', #1700 ) ;
#129 = EDGE_CURVE ( 'NONE', #1335, #740, #100, .T. ) ;
#130 = DIRECTION ( 'NONE',  ( 0.000000000000000000, 0.000000000000000000, 1.000000000000000000 ) ) ;
#131 = ORIENTED_EDGE ( 'NONE', *, *, #2211, .T. ) ;
#132 = CARTESIAN_POINT ( 'NONE',  ( 2.000000000000000000, 10.00000000000000000, -7.000000000000000000 ) ) ;
#133 = LINE ( 'NONE', #2107, #489 ) ;
#134 = CARTESIAN_POINT ( 'NONE',  ( 36.99999999999999289, 10.00000000000000000, -101.5999999999999943 ) ) ;
#135 = ORIENTED_EDGE ( 'NONE', *, *, #483, .F. ) ;
#136 = ORIENTED_EDGE ( 'NONE', *, *, #858, .F. ) ;
#137 = CARTESIAN_POINT ( 'NONE',  ( 40.99999999999999289, 10.00000000000000000, -105.0000000000000000 ) ) ;
#138 = ADVANCED_FACE ( 'NONE', ( #829 ), #1917, .F. ) ;
#139 = ORIENTED_EDGE ( 'NONE', *, *, #1891, .T. ) ;
#140 = EDGE_LOOP ( 'NONE', ( #1746, #1715, #728, #465 ) ) ;
#141 = LINE ( 'NONE', #505, #1758 ) ;
#142 = ORIENTED_EDGE ( 'NONE', *, *, #579, .T. ) ;
#143 = LINE ( 'NONE', #2104, #1647 ) ;
#144 = DIRECTION ( 'NONE',  ( -0.000000000000000000, 1.000000000000000000, -0.000000000000000000 ) ) ;
#145 = LINE ( 'NONE', #863, #1950 ) ;
#146 = VERTEX_POINT ( 'NONE', #299 ) ;
#147 = VERTEX_POINT ( 'NONE', #313 ) ;
#148 = VECTOR ( 'NONE', #621, 1000.000000000000000 ) ;
#149 = CARTESIAN_POINT ( 'NONE',  ( 40.99999999999999289, 0.000000000000000000, -128.3600000000000136 ) ) ;
#150 = EDGE_CURVE ( 'NONE', #1809, #70, #851, .T. ) ;
#151 = VECTOR ( 'NONE', #1690, 1000.000000000000000 ) ;
#152 = ORIENTED_EDGE ( 'NONE', *, *, #654, .F. ) ;
#153 = CARTESIAN_POINT ( 'NONE',  ( 18.00000000000000000, 10.00000000000000000, -7.000000000000000000 ) ) ;
#154 = AXIS2_PLACEMENT_3D ( 'NONE', #565, #2141, #354 ) ;
#155 = EDGE_LOOP ( 'NONE', ( #1301, #46, #1924, #1258, #1371 ) ) ;
#156 = VECTOR ( 'NONE', #342, 1000.000000000000000 ) ;
#157 = EDGE_CURVE ( 'NONE', #1466, #1248, #2158, .T. ) ;
#158 = FACE_BOUND ( 'NONE', #1286, .T. ) ;
#159 = VECTOR ( 'NONE', #1044, 1000.000000000000000 ) ;
#160 = DIRECTION ( 'NONE',  ( -1.156482317317870344E-15, -0.000000000000000000, 1.000000000000000000 ) ) ;
#161 = CARTESIAN_POINT ( 'NONE',  ( 41.00000000000021316, 3.500000000000000444, -81.60000000000000853 ) ) ;
#162 = ORIENTED_EDGE ( 'NONE', *, *, #1462, .F. ) ;
#163 = PRODUCT ( 'j1_3', 'j1_3', '', ( #109 ) ) ;
#164 = VERTEX_POINT ( 'NONE', #734 ) ;
#165 = CARTESIAN_POINT ( 'NONE',  ( 70.00000000000000000, 10.00000000000000000, -75.00000000000000000 ) ) ;
#166 = ORIENTED_EDGE ( 'NONE', *, *, #920, .T. ) ;
#167 = ORIENTED_EDGE ( 'NONE', *, *, #1812, .T. ) ;
#168 = EDGE_CURVE ( 'NONE', #164, #2095, #1275, .T. ) ;
#169 = DIRECTION ( 'NONE',  ( 0.000000000000000000, 0.000000000000000000, -1.000000000000000000 ) ) ;
#170 = CARTESIAN_POINT ( 'NONE',  ( 22.00000000000000000, -6.500000000000000888, -7.000000000000000000 ) ) ;
#171 = EDGE_CURVE ( 'NONE', #2030, #1766, #1951, .T. ) ;
#172 = CARTESIAN_POINT ( 'NONE',  ( 27.99999999999999645, -6.500000000000000888, -7.000000000000000000 ) ) ;
#173 = CARTESIAN_POINT ( 'NONE',  ( 0.000000000000000000, 10.00000000000000000, 0.000000000000000000 ) ) ;
#174 = EDGE_LOOP ( 'NONE', ( #233, #1280, #360, #1499 ) ) ;
#175 = ORIENTED_EDGE ( 'NONE', *, *, #125, .T. ) ;
#176 = ORIENTED_EDGE ( 'NONE', *, *, #2201, .T. ) ;
#177 = EDGE_CURVE ( 'NONE', #1938, #1427, #380, .T. ) ;
#178 = EDGE_LOOP ( 'NONE', ( #1411, #1180, #1153, #1522 ) ) ;
#179 = FACE_OUTER_BOUND ( 'NONE', #140, .T. ) ;
#180 = DIRECTION ( 'NONE',  ( 1.000000000000000000, 0.000000000000000000, 0.000000000000000000 ) ) ;
#181 = DIRECTION ( 'NONE',  ( -1.084202172485504434E-16, -0.000000000000000000, 1.000000000000000000 ) ) ;
#182 = VECTOR ( 'NONE', #1187, 1000.000000000000000 ) ;
#183 = CARTESIAN_POINT ( 'NONE',  ( 41.00000000000010658, 10.00000000000000000, -91.59999999999999432 ) ) ;
#184 = ORIENTED_EDGE ( 'NONE', *, *, #1190, .T. ) ;
#185 = EDGE_CURVE ( 'NONE', #548, #1248, #1578, .T. ) ;
#186 = ORIENTED_EDGE ( 'NONE', *, *, #1751, .F. ) ;
#187 = DIRECTION ( 'NONE',  ( -1.000000000000000000, 0.000000000000000000, -4.625929269271485791E-17 ) ) ;
#188 = LINE ( 'NONE', #576, #1312 ) ;
#189 = CARTESIAN_POINT ( 'NONE',  ( 2.000000000000000000, 10.00000000000000000, -4.000000000000000000 ) ) ;
#190 = VECTOR ( 'NONE', #617, 1000.000000000000000 ) ;
#191 = CARTESIAN_POINT ( 'NONE',  ( 9.797174393178825657E-16, 25.00000000000000000, -105.3599999999999994 ) ) ;
#192 = AXIS2_PLACEMENT_3D ( 'NONE', #1168, #274, #1305 ) ;
#193 = EDGE_CURVE ( 'NONE', #2075, #1904, #1092, .T. ) ;
#194 = LINE ( 'NONE', #1777, #1825 ) ;
#195 = VECTOR ( 'NONE', #321, 1000.000000000000000 ) ;
#196 = FACE_OUTER_BOUND ( 'NONE', #1712, .T. ) ;
#197 = CARTESIAN_POINT ( 'NONE',  ( 22.00000000000000000, 10.00000000000000000, -7.000000000000000000 ) ) ;
#198 = EDGE_CURVE ( 'NONE', #539, #301, #691, .T. ) ;
#199 = ORIENTED_EDGE ( 'NONE', *, *, #1945, .F. ) ;
#200 = LINE ( 'NONE', #1810, #754 ) ;
#201 = CARTESIAN_POINT ( 'NONE',  ( 38.00000000000000000, 9.999999999999996447, 0.000000000000000000 ) ) ;
#202 = CARTESIAN_POINT ( 'NONE',  ( 41.00000000000000000, 10.00000000000000000, -98.40000000000000568 ) ) ;
#203 = LINE ( 'NONE', #1272, #42 ) ;
#204 = DIRECTION ( 'NONE',  ( -0.000000000000000000, 1.000000000000000000, -0.000000000000000000 ) ) ;
#205 = CARTESIAN_POINT ( 'NONE',  ( 37.00000000000009237, 0.000000000000000000, 0.000000000000000000 ) ) ;
#206 = FACE_OUTER_BOUND ( 'NONE', #1117, .T. ) ;
#207 = EDGE_LOOP ( 'NONE', ( #866, #860, #759, #560, #1601 ) ) ;
#208 = DIRECTION ( 'NONE',  ( 1.000000000000000000, 0.000000000000000000, 0.000000000000000000 ) ) ;
#209 = DIRECTION ( 'NONE',  ( -0.000000000000000000, -0.000000000000000000, 1.000000000000000000 ) ) ;
#210 = ADVANCED_FACE ( 'NONE', ( #348 ), #902, .F. ) ;
#211 = PLANE ( 'NONE',  #1207 ) ;
#212 = CARTESIAN_POINT ( 'NONE',  ( 14.99999999999999822, 10.00000000000000000, -15.00000000000000178 ) ) ;
#213 = DIRECTION ( 'NONE',  ( 1.000000000000000000, 0.000000000000000000, 0.000000000000000000 ) ) ;
#214 = LINE ( 'NONE', #1290, #1832 ) ;
#215 = ORIENTED_EDGE ( 'NONE', *, *, #1719, .F. ) ;
#216 = ORIENTED_EDGE ( 'NONE', *, *, #532, .T. ) ;
#217 = EDGE_CURVE ( 'NONE', #2295, #1959, #878, .T. ) ;
#218 = FACE_OUTER_BOUND ( 'NONE', #1200, .T. ) ;
#219 = DIRECTION ( 'NONE',  ( -1.000000000000000000, -0.000000000000000000, -0.000000000000000000 ) ) ;
#220 = EDGE_LOOP ( 'NONE', ( #891, #422, #2001, #727 ) ) ;
#221 = ORIENTED_EDGE ( 'NONE', *, *, #168, .T. ) ;
#222 = LINE ( 'NONE', #1103, #2212 ) ;
#223 = ADVANCED_FACE ( 'NONE', ( #206 ), #547, .F. ) ;
#224 = VECTOR ( 'NONE', #1699, 1000.000000000000000 ) ;
#225 = CARTESIAN_POINT ( 'NONE',  ( 16.59999999999998721, 3.500000000000000444, 0.000000000000000000 ) ) ;
#226 = CARTESIAN_POINT ( 'NONE',  ( 40.99999999999999289, 0.000000000000000000, -128.3600000000000136 ) ) ;
#227 = ORIENTED_EDGE ( 'NONE', *, *, #1970, .T. ) ;
#228 = VECTOR ( 'NONE', #1403, 1000.000000000000000 ) ;
#229 = ORIENTED_EDGE ( 'NONE', *, *, #1462, .T. ) ;
#230 = CARTESIAN_POINT ( 'NONE',  ( 11.99999999999999645, 10.00000000000000000, -15.00000000000000178 ) ) ;
#231 = CARTESIAN_POINT ( 'NONE',  ( 8.000000000000000000, -6.500000000000000888, -4.000000000000000000 ) ) ;
#232 = EDGE_CURVE ( 'NONE', #1874, #658, #1778, .T. ) ;
#233 = ORIENTED_EDGE ( 'NONE', *, *, #2135, .T. ) ;
#234 = ORIENTED_EDGE ( 'NONE', *, *, #1079, .F. ) ;
#235 = PLANE ( 'NONE',  #719 ) ;
#236 = EDGE_CURVE ( 'NONE', #1952, #2050, #1759, .T. ) ;
#237 = DIRECTION ( 'NONE',  ( -0.000000000000000000, 1.000000000000000000, -0.000000000000000000 ) ) ;
#238 = FACE_OUTER_BOUND ( 'NONE', #1020, .T. ) ;
#239 = EDGE_CURVE ( 'NONE', #147, #1882, #1054, .T. ) ;
#240 = ORIENTED_EDGE ( 'NONE', *, *, #1957, .F. ) ;
#241 = ORIENTED_EDGE ( 'NONE', *, *, #2106, .T. ) ;
#242 = FACE_OUTER_BOUND ( 'NONE', #1965, .T. ) ;
#243 = DIRECTION ( 'NONE',  ( -1.000000000000000000, 0.000000000000000000, 0.000000000000000000 ) ) ;
#244 = CARTESIAN_POINT ( 'NONE',  ( 0.000000000000000000, 50.00000000000000000, 0.000000000000000000 ) ) ;
#245 = ADVANCED_FACE ( 'NONE', ( #916, #509 ), #1937, .F. ) ;
#246 = DIRECTION ( 'NONE',  ( -0.000000000000000000, -1.000000000000000000, -0.000000000000000000 ) ) ;
#247 = LINE ( 'NONE', #75, #1429 ) ;
#248 = ORIENTED_EDGE ( 'NONE', *, *, #462, .T. ) ;
#249 = LINE ( 'NONE', #1901, #224 ) ;
#250 = CARTESIAN_POINT ( 'NONE',  ( 40.99999999999999289, 10.00000000000000000, -105.0000000000000000 ) ) ;
#251 = EDGE_LOOP ( 'NONE', ( #1492, #93, #2198, #2299 ) ) ;
#252 = PRODUCT_DEFINITION_FORMATION_WITH_SPECIFIED_SOURCE ( 'ä»', '', #163, .NOT_KNOWN. ) ;
#253 = ORIENTED_EDGE ( 'NONE', *, *, #550, .T. ) ;
#254 = ADVANCED_FACE ( 'NONE', ( #1415 ), #536, .F. ) ;
#255 = LINE ( 'NONE', #1340, #35 ) ;
#256 = VERTEX_POINT ( 'NONE', #2168 ) ;
#257 = DIRECTION ( 'NONE',  ( 0.000000000000000000, 0.000000000000000000, -1.000000000000000000 ) ) ;
#258 = LINE ( 'NONE', #635, #1096 ) ;
#259 = EDGE_CURVE ( 'NONE', #1726, #2214, #1589, .T. ) ;
#260 = CARTESIAN_POINT ( 'NONE',  ( 37.00000000000019895, -6.500000000000000888, -77.00000000000000000 ) ) ;
#261 = VECTOR ( 'NONE', #1206, 1000.000000000000000 ) ;
#262 = ADVANCED_FACE ( 'NONE', ( #1600 ), #2318, .F. ) ;
#263 = CARTESIAN_POINT ( 'NONE',  ( 36.99999999999999289, 3.500000000000000444, -101.5999999999999943 ) ) ;
#264 = AXIS2_PLACEMENT_3D ( 'NONE', #520, #1914, #1755 ) ;
#265 = DIRECTION ( 'NONE',  ( 1.156482317317870344E-15, 0.000000000000000000, -1.000000000000000000 ) ) ;
#266 = ORIENTED_EDGE ( 'NONE', *, *, #1585, .T. ) ;
#267 = VECTOR ( 'NONE', #480, 1000.000000000000000 ) ;
#268 = ORIENTED_EDGE ( 'NONE', *, *, #1487, .F. ) ;
#269 = CARTESIAN_POINT ( 'NONE',  ( 22.00000000000000000, 0.000000000000000000, 0.000000000000000000 ) ) ;
#270 = PLANE ( 'NONE',  #1159 ) ;
#271 = VECTOR ( 'NONE', #265, 1000.000000000000000 ) ;
#272 = ADVANCED_FACE ( 'NONE', ( #2178 ), #1635, .F. ) ;
#273 = VERTEX_POINT ( 'NONE', #609 ) ;
#274 = DIRECTION ( 'NONE',  ( 0.000000000000000000, 0.000000000000000000, -1.000000000000000000 ) ) ;
#275 = DIRECTION ( 'NONE',  ( -1.000000000000000000, 0.000000000000000000, 0.000000000000000000 ) ) ;
#276 = DIRECTION ( 'NONE',  ( -0.000000000000000000, 1.000000000000000000, -0.000000000000000000 ) ) ;
#277 = DIRECTION ( 'NONE',  ( -2.312964634635742957E-16, -0.000000000000000000, -1.000000000000000000 ) ) ;
#278 = EDGE_LOOP ( 'NONE', ( #1648, #431, #1964, #1188, #184, #1121, #1220, #1672, #2086, #1771, #881 ) ) ;
#279 = ORIENTED_EDGE ( 'NONE', *, *, #1929, .F. ) ;
#280 = CARTESIAN_POINT ( 'NONE',  ( 34.00000000000008527, 10.00000000000000000, -87.00000000000000000 ) ) ;
#281 = LINE ( 'NONE', #1396, #979 ) ;
#282 = ORIENTED_EDGE ( 'NONE', *, *, #466, .T. ) ;
#283 = FACE_BOUND ( 'NONE', #251, .T. ) ;
#284 = ADVANCED_FACE ( 'NONE', ( #796 ), #1660, .T. ) ;
#285 = CARTESIAN_POINT ( 'NONE',  ( 37.00000000000000711, 3.500000000000000444, -98.40000000000000568 ) ) ;
#286 = LINE ( 'NONE', #1002, #447 ) ;
#287 = CARTESIAN_POINT ( 'NONE',  ( 22.00000000000000000, -6.500000000000000888, -4.000000000000000000 ) ) ;
#288 = EDGE_LOOP ( 'NONE', ( #841, #1606, #961, #540 ) ) ;
#289 = ORIENTED_EDGE ( 'NONE', *, *, #971, .T. ) ;
#290 = CARTESIAN_POINT ( 'NONE',  ( 14.99999999999999822, -6.000000000000000000, -76.76156825954063834 ) ) ;
#291 = DIRECTION ( 'NONE',  ( -0.000000000000000000, 1.000000000000000000, -0.000000000000000000 ) ) ;
#292 = ADVANCED_FACE ( 'NONE', ( #218 ), #1649, .F. ) ;
#293 = ORIENTED_EDGE ( 'NONE', *, *, #157, .T. ) ;
#294 = VECTOR ( 'NONE', #65, 1000.000000000000000 ) ;
#295 = DIRECTION ( 'NONE',  ( 0.000000000000000000, 0.000000000000000000, -1.000000000000000000 ) ) ;
#296 = CYLINDRICAL_SURFACE ( 'NONE', #264, 20.00000000000000355 ) ;
#297 = EDGE_CURVE ( 'NONE', #1556, #1959, #407, .T. ) ;
#298 = LINE ( 'NONE', #792, #2175 ) ;
#299 = CARTESIAN_POINT ( 'NONE',  ( 13.39999999999998259, 10.00000000000000000, 0.000000000000000000 ) ) ;
#300 = ORIENTED_EDGE ( 'NONE', *, *, #1229, .T. ) ;
#301 = VERTEX_POINT ( 'NONE', #2039 ) ;
#302 = VECTOR ( 'NONE', #276, 1000.000000000000000 ) ;
#303 = CARTESIAN_POINT ( 'NONE',  ( 37.00000000000019895, 3.500000000000000444, -81.60000000000000853 ) ) ;
#304 = VECTOR ( 'NONE', #741, 1000.000000000000000 ) ;
#305 = VECTOR ( 'NONE', #367, 1000.000000000000000 ) ;
#306 = AXIS2_PLACEMENT_3D ( 'NONE', #1610, #14, #712 ) ;
#307 = LINE ( 'NONE', #1923, #343 ) ;
#308 = ADVANCED_FACE ( 'NONE', ( #242 ), #2189, .F. ) ;
#309 = VECTOR ( 'NONE', #1770, 1000.000000000000000 ) ;
#310 = FACE_OUTER_BOUND ( 'NONE', #178, .T. ) ;
#311 = EDGE_CURVE ( 'NONE', #548, #928, #402, .T. ) ;
#312 = DIRECTION ( 'NONE',  ( -0.000000000000000000, 0.000000000000000000, -1.000000000000000000 ) ) ;
#313 = CARTESIAN_POINT ( 'NONE',  ( 27.99999999999999645, 10.00000000000000000, -7.000000000000000000 ) ) ;
#314 = ORIENTED_EDGE ( 'NONE', *, *, #1322, .T. ) ;
#315 = VERTEX_POINT ( 'NONE', #1826 ) ;
#316 = CARTESIAN_POINT ( 'NONE',  ( 8.000000000000000000, 10.00000000000000000, -4.000000000000000000 ) ) ;
#317 = FACE_OUTER_BOUND ( 'NONE', #1646, .T. ) ;
#318 = ORIENTED_EDGE ( 'NONE', *, *, #2261, .T. ) ;
#319 = CARTESIAN_POINT ( 'NONE',  ( 37.00000000000010658, 3.500000000000000444, -91.59999999999999432 ) ) ;
#320 = ORIENTED_EDGE ( 'NONE', *, *, #129, .F. ) ;
#321 = DIRECTION ( 'NONE',  ( 0.000000000000000000, 0.000000000000000000, -1.000000000000000000 ) ) ;
#322 = FACE_OUTER_BOUND ( 'NONE', #1489, .T. ) ;
#323 = EDGE_CURVE ( 'NONE', #1766, #2112, #949, .T. ) ;
#324 = LINE ( 'NONE', #172, #600 ) ;
#325 = EDGE_LOOP ( 'NONE', ( #2152, #61, #1056, #1452 ) ) ;
#326 = ORIENTED_EDGE ( 'NONE', *, *, #1791, .T. ) ;
#327 = DIRECTION ( 'NONE',  ( -1.000000000000000000, 0.000000000000000000, 2.312964634635742957E-16 ) ) ;
#328 = EDGE_CURVE ( 'NONE', #1265, #146, #618, .T. ) ;
#329 = ORIENTED_EDGE ( 'NONE', *, *, #185, .F. ) ;
#330 = ORIENTED_EDGE ( 'NONE', *, *, #1122, .T. ) ;
#331 = CARTESIAN_POINT ( 'NONE',  ( 31.50000000000000000, 5.000000000000000000, 0.000000000000000000 ) ) ;
#332 = AXIS2_PLACEMENT_3D ( 'NONE', #570, #2196, #1308 ) ;
#333 = DIRECTION ( 'NONE',  ( -4.336808689942017736E-16, 0.000000000000000000, -1.000000000000000000 ) ) ;
#334 = DIRECTION ( 'NONE',  ( 0.000000000000000000, 0.000000000000000000, 1.000000000000000000 ) ) ;
#335 = DIRECTION ( 'NONE',  ( -0.000000000000000000, 1.000000000000000000, -0.000000000000000000 ) ) ;
#336 = ORIENTED_EDGE ( 'NONE', *, *, #812, .F. ) ;
#337 = EDGE_LOOP ( 'NONE', ( #420, #1762, #1292, #1827 ) ) ;
#338 = CARTESIAN_POINT ( 'NONE',  ( 2.000000000000000000, 10.00000000000000000, -4.000000000000000000 ) ) ;
#339 = VECTOR ( 'NONE', #160, 1000.000000000000000 ) ;
#340 = ORIENTED_EDGE ( 'NONE', *, *, #2268, .T. ) ;
#341 = LINE ( 'NONE', #1062, #2028 ) ;
#342 = DIRECTION ( 'NONE',  ( 1.000000000000000000, 0.000000000000000000, 0.000000000000000000 ) ) ;
#343 = VECTOR ( 'NONE', #837, 1000.000000000000000 ) ;
#344 = ORIENTED_EDGE ( 'NONE', *, *, #43, .T. ) ;
#345 = CARTESIAN_POINT ( 'NONE',  ( 6.599999999999988987, 10.00000000000000000, 0.000000000000000000 ) ) ;
#346 = VECTOR ( 'NONE', #572, 1000.000000000000000 ) ;
#347 = DIRECTION ( 'NONE',  ( 0.000000000000000000, -1.000000000000000000, 0.000000000000000000 ) ) ;
#348 = FACE_OUTER_BOUND ( 'NONE', #174, .T. ) ;
#349 = ORIENTED_EDGE ( 'NONE', *, *, #72, .T. ) ;
#350 = ORIENTED_EDGE ( 'NONE', *, *, #959, .T. ) ;
#351 = CARTESIAN_POINT ( 'NONE',  ( 18.00000000000000000, -6.000000000000000000, -76.76156825954063834 ) ) ;
#352 = CYLINDRICAL_SURFACE ( 'NONE', #8, 3.000000000000000888 ) ;
#353 = ORIENTED_EDGE ( 'NONE', *, *, #1620, .T. ) ;
#354 = DIRECTION ( 'NONE',  ( -1.000000000000000000, 0.000000000000000000, 0.000000000000000000 ) ) ;
#355 = EDGE_CURVE ( 'NONE', #2214, #1694, #2022, .T. ) ;
#356 = CARTESIAN_POINT ( 'NONE',  ( 41.00000000000000000, 10.00000000000000000, -75.00000000000000000 ) ) ;
#357 = DIRECTION ( 'NONE',  ( -1.000000000000000000, 0.000000000000000000, -0.000000000000000000 ) ) ;
#358 = ORIENTED_EDGE ( 'NONE', *, *, #1779, .F. ) ;
#359 = ORIENTED_EDGE ( 'NONE', *, *, #2041, .T. ) ;
#360 = ORIENTED_EDGE ( 'NONE', *, *, #2261, .F. ) ;
#361 = DIRECTION ( 'NONE',  ( 1.000000000000000000, 0.000000000000000000, -4.336808689942018722E-16 ) ) ;
#362 = LINE ( 'NONE', #1269, #873 ) ;
#363 = EDGE_CURVE ( 'NONE', #2090, #1185, #419, .T. ) ;
#364 = CARTESIAN_POINT ( 'NONE',  ( 0.000000000000000000, 0.000000000000000000, -105.0000000000000000 ) ) ;
#365 = LINE ( 'NONE', #1633, #637 ) ;
#366 = VECTOR ( 'NONE', #2187, 1000.000000000000000 ) ;
#367 = DIRECTION ( 'NONE',  ( 4.625929269271485791E-17, 0.000000000000000000, -1.000000000000000000 ) ) ;
#368 = EDGE_CURVE ( 'NONE', #1232, #430, #2048, .T. ) ;
#369 = ORIENTED_EDGE ( 'NONE', *, *, #768, .F. ) ;
#370 = DIRECTION ( 'NONE',  ( -0.000000000000000000, -0.000000000000000000, -1.000000000000000000 ) ) ;
#371 = CARTESIAN_POINT ( 'NONE',  ( 33.99999999999997868, -6.500000000000000888, -96.99999999999998579 ) ) ;
#372 = MECHANICAL_DESIGN_GEOMETRIC_PRESENTATION_REPRESENTATION (  '', ( #1788 ), #1907 ) ;
#373 = LINE ( 'NONE', #922, #569 ) ;
#374 = VECTOR ( 'NONE', #2208, 1000.000000000000000 ) ;
#375 = DIRECTION ( 'NONE',  ( -0.000000000000000000, 1.000000000000000000, -0.000000000000000000 ) ) ;
#376 = AXIS2_PLACEMENT_3D ( 'NONE', #998, #2101, #1226 ) ;
#377 = CARTESIAN_POINT ( 'NONE',  ( 40.99999999999999289, 50.00000000000000000, -128.3600000000000136 ) ) ;
#378 = AXIS2_PLACEMENT_3D ( 'NONE', #2077, #1892, #1009 ) ;
#379 = CARTESIAN_POINT ( 'NONE',  ( 18.00000000000000000, 0.000000000000000000, 0.000000000000000000 ) ) ;
#380 = LINE ( 'NONE', #2306, #305 ) ;
#381 = CARTESIAN_POINT ( 'NONE',  ( 0.000000000000000000, 10.00000000000000000, 0.000000000000000000 ) ) ;
#382 = EDGE_LOOP ( 'NONE', ( #216, #1394, #1348, #442, #684, #266, #176, #136 ) ) ;
#383 = EDGE_CURVE ( 'NONE', #1161, #2284, #981, .T. ) ;
#384 = CARTESIAN_POINT ( 'NONE',  ( 22.00000000000000000, 10.00000000000000000, -4.000000000000000000 ) ) ;
#385 = PLANE ( 'NONE',  #1095 ) ;
#386 = CARTESIAN_POINT ( 'NONE',  ( 8.000000000000000000, -6.500000000000000888, -7.000000000000000000 ) ) ;
#387 = ORIENTED_EDGE ( 'NONE', *, *, #1413, .T. ) ;
#388 = FACE_OUTER_BOUND ( 'NONE', #1150, .T. ) ;
#389 = DIRECTION ( 'NONE',  ( -0.000000000000000000, -0.000000000000000000, -1.000000000000000000 ) ) ;
#390 = DIRECTION ( 'NONE',  ( -1.000000000000000000, 0.000000000000000000, -0.000000000000000000 ) ) ;
#391 = EDGE_CURVE ( 'NONE', #817, #692, #1486, .T. ) ;
#392 = ORIENTED_EDGE ( 'NONE', *, *, #414, .T. ) ;
#393 = DIRECTION ( 'NONE',  ( 0.000000000000000000, 0.000000000000000000, 1.000000000000000000 ) ) ;
#394 = EDGE_CURVE ( 'NONE', #857, #147, #594, .T. ) ;
#395 = VERTEX_POINT ( 'NONE', #1295 ) ;
#396 = ORIENTED_EDGE ( 'NONE', *, *, #1899, .F. ) ;
#397 = DIRECTION ( 'NONE',  ( 0.000000000000000000, 0.000000000000000000, 1.000000000000000000 ) ) ;
#398 = PLANE ( 'NONE',  #2209 ) ;
#399 = PLANE ( 'NONE',  #555 ) ;
#400 = DIRECTION ( 'NONE',  ( 1.000000000000000000, 0.000000000000000000, 0.000000000000000000 ) ) ;
#401 = VECTOR ( 'NONE', #1906, 1000.000000000000000 ) ;
#402 = LINE ( 'NONE', #250, #2291 ) ;
#403 = ORIENTED_EDGE ( 'NONE', *, *, #2238, .T. ) ;
#404 = EDGE_CURVE ( 'NONE', #273, #1879, #1479, .T. ) ;
#405 = VERTEX_POINT ( 'NONE', #1270 ) ;
#406 = LINE ( 'NONE', #575, #643 ) ;
#407 = LINE ( 'NONE', #1164, #1357 ) ;
#408 = CARTESIAN_POINT ( 'NONE',  ( 11.99999999999999822, -6.500000000000000888, -7.000000000000000000 ) ) ;
#409 = CARTESIAN_POINT ( 'NONE',  ( 41.00000000000000000, 3.500000000000000444, -101.5999999999999943 ) ) ;
#410 = EDGE_LOOP ( 'NONE', ( #994, #2296, #1097, #1379 ) ) ;
#411 = ORIENTED_EDGE ( 'NONE', *, *, #1440, .T. ) ;
#412 = FACE_BOUND ( 'NONE', #1679, .T. ) ;
#413 = VECTOR ( 'NONE', #978, 1000.000000000000000 ) ;
#414 = EDGE_CURVE ( 'NONE', #2030, #2136, #1284, .T. ) ;
#415 = LINE ( 'NONE', #1138, #1684 ) ;
#416 = DIRECTION ( 'NONE',  ( 1.000000000000000000, 0.000000000000000000, -0.000000000000000000 ) ) ;
#417 = VECTOR ( 'NONE', #1573, 1000.000000000000000 ) ;
#418 = VECTOR ( 'NONE', #208, 1000.000000000000000 ) ;
#419 = LINE ( 'NONE', #1511, #791 ) ;
#420 = ORIENTED_EDGE ( 'NONE', *, *, #404, .F. ) ;
#421 = AXIS2_PLACEMENT_3D ( 'NONE', #1227, #1742, #689 ) ;
#422 = ORIENTED_EDGE ( 'NONE', *, *, #1631, .F. ) ;
#423 = CARTESIAN_POINT ( 'NONE',  ( 30.00000000000000000, 10.00000000000000000, 0.000000000000000000 ) ) ;
#424 = LINE ( 'NONE', #2017, #2286 ) ;
#425 = DIRECTION ( 'NONE',  ( 0.000000000000000000, -1.000000000000000000, 0.000000000000000000 ) ) ;
#426 =( NAMED_UNIT ( * ) SI_UNIT ( $, .STERADIAN. ) SOLID_ANGLE_UNIT ( ) );
#427 = ADVANCED_FACE ( 'NONE', ( #2003 ), #1995, .T. ) ;
#428 = VERTEX_POINT ( 'NONE', #1980 ) ;
#429 = CARTESIAN_POINT ( 'NONE',  ( 37.00000000000009237, 10.00000000000000000, -93.00000000000000000 ) ) ;
#430 = VERTEX_POINT ( 'NONE', #1802 ) ;
#431 = ORIENTED_EDGE ( 'NONE', *, *, #1472, .F. ) ;
#432 = LINE ( 'NONE', #2216, #445 ) ;
#433 = VERTEX_POINT ( 'NONE', #963 ) ;
#434 = ORIENTED_EDGE ( 'NONE', *, *, #328, .F. ) ;
#435 = FACE_BOUND ( 'NONE', #155, .T. ) ;
#436 = EDGE_CURVE ( 'NONE', #56, #1512, #373, .T. ) ;
#437 = FACE_OUTER_BOUND ( 'NONE', #1036, .T. ) ;
#438 = EDGE_CURVE ( 'NONE', #256, #428, #739, .T. ) ;
#439 = CARTESIAN_POINT ( 'NONE',  ( 36.99999999999999289, 0.000000000000000000, -96.99999999999998579 ) ) ;
#440 = ORIENTED_EDGE ( 'NONE', *, *, #64, .T. ) ;
#441 = AXIS2_PLACEMENT_3D ( 'NONE', #1885, #90, #825 ) ;
#442 = ORIENTED_EDGE ( 'NONE', *, *, #2106, .F. ) ;
#443 = DIRECTION ( 'NONE',  ( 1.000000000000000000, 0.000000000000000000, 0.000000000000000000 ) ) ;
#444 = CARTESIAN_POINT ( 'NONE',  ( 41.00000000000021316, 3.500000000000000444, -81.60000000000000853 ) ) ;
#445 = VECTOR ( 'NONE', #593, 1000.000000000000000 ) ;
#446 = DIRECTION ( 'NONE',  ( -0.000000000000000000, 0.000000000000000000, -1.000000000000000000 ) ) ;
#447 = VECTOR ( 'NONE', #1160, 1000.000000000000000 ) ;
#448 = DIRECTION ( 'NONE',  ( -1.000000000000000000, 0.000000000000000000, 0.000000000000000000 ) ) ;
#449 = VECTOR ( 'NONE', #2126, 1000.000000000000000 ) ;
#450 = ORIENTED_EDGE ( 'NONE', *, *, #475, .F. ) ;
#451 = AXIS2_PLACEMENT_3D ( 'NONE', #2251, #2285, #130 ) ;
#452 = ORIENTED_EDGE ( 'NONE', *, *, #1400, .T. ) ;
#453 = DIRECTION ( 'NONE',  ( 0.000000000000000000, -1.000000000000000000, 0.000000000000000000 ) ) ;
#454 = VECTOR ( 'NONE', #1639, 1000.000000000000000 ) ;
#455 = EDGE_CURVE ( 'NONE', #1351, #586, #931, .T. ) ;
#456 = EDGE_LOOP ( 'NONE', ( #1889, #856, #2005, #1536, #696, #1477, #1316 ) ) ;
#457 = DIRECTION ( 'NONE',  ( -1.000000000000000000, -0.000000000000000000, 0.000000000000000000 ) ) ;
#458 = LINE ( 'NONE', #1884, #1574 ) ;
#459 = PLANE ( 'NONE',  #1268 ) ;
#460 = CARTESIAN_POINT ( 'NONE',  ( 3.399999999999986144, 3.500000000000000444, 0.000000000000000000 ) ) ;
#461 = ORIENTED_EDGE ( 'NONE', *, *, #95, .T. ) ;
#462 = EDGE_CURVE ( 'NONE', #2214, #907, #281, .T. ) ;
#463 = ORIENTED_EDGE ( 'NONE', *, *, #626, .F. ) ;
#464 = LINE ( 'NONE', #1703, #182 ) ;
#465 = ORIENTED_EDGE ( 'NONE', *, *, #1304, .F. ) ;
#466 = EDGE_CURVE ( 'NONE', #658, #928, #1524, .T. ) ;
#467 = FACE_OUTER_BOUND ( 'NONE', #1006, .T. ) ;
#468 = DIRECTION ( 'NONE',  ( 0.000000000000000000, 0.000000000000000000, -1.000000000000000000 ) ) ;
#469 = LINE ( 'NONE', #2035, #1324 ) ;
#470 = ORIENTED_EDGE ( 'NONE', *, *, #20, .F. ) ;
#471 = DIRECTION ( 'NONE',  ( -1.000000000000000000, 0.000000000000000000, -1.084202172485504681E-16 ) ) ;
#472 = ORIENTED_EDGE ( 'NONE', *, *, #955, .T. ) ;
#473 = ORIENTED_EDGE ( 'NONE', *, *, #1848, .T. ) ;
#474 = DIRECTION ( 'NONE',  ( -0.000000000000000000, -1.000000000000000000, -0.000000000000000000 ) ) ;
#475 = EDGE_CURVE ( 'NONE', #627, #2228, #2236, .T. ) ;
#476 = DIRECTION ( 'NONE',  ( 0.000000000000000000, -0.000000000000000000, -1.000000000000000000 ) ) ;
#477 = VERTEX_POINT ( 'NONE', #649 ) ;
#478 = VECTOR ( 'NONE', #1448, 1000.000000000000000 ) ;
#479 = ADVANCED_FACE ( 'NONE', ( #317 ), #1361, .F. ) ;
#480 = DIRECTION ( 'NONE',  ( 0.000000000000000000, 0.000000000000000000, 1.000000000000000000 ) ) ;
#481 = ORIENTED_EDGE ( 'NONE', *, *, #1585, .F. ) ;
#482 = CARTESIAN_POINT ( 'NONE',  ( 37.00000000000019895, 10.00000000000000000, -77.00000000000000000 ) ) ;
#483 = EDGE_CURVE ( 'NONE', #1568, #1162, #835, .T. ) ;
#484 = FACE_OUTER_BOUND ( 'NONE', #2225, .T. ) ;
#485 = DIRECTION ( 'NONE',  ( -0.000000000000000000, 1.000000000000000000, -0.000000000000000000 ) ) ;
#486 = VECTOR ( 'NONE', #1112, 1000.000000000000000 ) ;
#487 = VERTEX_POINT ( 'NONE', #1214 ) ;
#488 = ORIENTED_EDGE ( 'NONE', *, *, #1077, .T. ) ;
#489 = VECTOR ( 'NONE', #1962, 1000.000000000000000 ) ;
#490 = DIRECTION ( 'NONE',  ( -0.000000000000000000, 1.000000000000000000, -0.000000000000000000 ) ) ;
#491 = CARTESIAN_POINT ( 'NONE',  ( 40.99999999999999289, 10.00000000000000000, -105.0000000000000000 ) ) ;
#492 = VECTOR ( 'NONE', #1437, 1000.000000000000000 ) ;
#493 = ADVANCED_FACE ( 'NONE', ( #1567 ), #1198, .F. ) ;
#494 = VERTEX_POINT ( 'NONE', #2162 ) ;
#495 = VECTOR ( 'NONE', #724, 1000.000000000000000 ) ;
#496 = DIRECTION ( 'NONE',  ( -0.000000000000000000, 1.000000000000000000, -0.000000000000000000 ) ) ;
#497 = LINE ( 'NONE', #1217, #417 ) ;
#498 = DIRECTION ( 'NONE',  ( 1.000000000000000000, 0.000000000000000000, 0.000000000000000000 ) ) ;
#499 = ADVANCED_FACE ( 'NONE', ( #1630 ), #21, .F. ) ;
#500 = VERTEX_POINT ( 'NONE', #542 ) ;
#501 = ORIENTED_EDGE ( 'NONE', *, *, #1122, .F. ) ;
#502 = CARTESIAN_POINT ( 'NONE',  ( 6.599999999999987210, 10.00000000000000000, -4.000000000000000000 ) ) ;
#503 = EDGE_LOOP ( 'NONE', ( #657, #36, #167, #1939 ) ) ;
#504 = ORIENTED_EDGE ( 'NONE', *, *, #404, .T. ) ;
#505 = CARTESIAN_POINT ( 'NONE',  ( 3.399999999999986589, 3.500000000000000444, -4.000000000000000000 ) ) ;
#506 = EDGE_LOOP ( 'NONE', ( #340, #1074, #2015, #2011 ) ) ;
#507 = DIRECTION ( 'NONE',  ( -1.000000000000000000, 0.000000000000000000, 0.000000000000000000 ) ) ;
#508 = DIRECTION ( 'NONE',  ( -0.000000000000000000, -0.000000000000000000, 1.000000000000000000 ) ) ;
#509 = FACE_OUTER_BOUND ( 'NONE', #784, .T. ) ;
#510 = ORIENTED_EDGE ( 'NONE', *, *, #1149, .F. ) ;
#511 = VERTEX_POINT ( 'NONE', #551 ) ;
#512 = EDGE_CURVE ( 'NONE', #2112, #528, #1801, .T. ) ;
#513 = CARTESIAN_POINT ( 'NONE',  ( 23.39999999999998082, 3.500000000000000444, 0.000000000000000000 ) ) ;
#514 = PLANE ( 'NONE',  #897 ) ;
#515 = ORIENTED_EDGE ( 'NONE', *, *, #323, .F. ) ;
#516 = CARTESIAN_POINT ( 'NONE',  ( 38.00000000000000000, 0.000000000000000000, 0.000000000000000000 ) ) ;
#517 = LINE ( 'NONE', #1048, #1756 ) ;
#518 = ORIENTED_EDGE ( 'NONE', *, *, #1629, .T. ) ;
#519 = VECTOR ( 'NONE', #243, 1000.000000000000000 ) ;
#520 = CARTESIAN_POINT ( 'NONE',  ( 50.00000000000000000, 10.00000000000000000, -34.99999999999999289 ) ) ;
#521 = PLANE ( 'NONE',  #1983 ) ;
#522 = DIRECTION ( 'NONE',  ( -1.000000000000000000, 0.000000000000000000, 0.000000000000000000 ) ) ;
#523 = ORIENTED_EDGE ( 'NONE', *, *, #1094, .T. ) ;
#524 = VERTEX_POINT ( 'NONE', #910 ) ;
#525 = DIRECTION ( 'NONE',  ( -0.000000000000000000, 0.000000000000000000, 1.000000000000000000 ) ) ;
#526 = VECTOR ( 'NONE', #1769, 1000.000000000000000 ) ;
#527 = ORIENTED_EDGE ( 'NONE', *, *, #259, .F. ) ;
#528 = VERTEX_POINT ( 'NONE', #1979 ) ;
#529 =( LENGTH_UNIT ( ) NAMED_UNIT ( * ) SI_UNIT ( .MILLI., .METRE. ) );
#530 = CIRCLE ( 'NONE', #2024, 2.500000000000002220 ) ;
#531 = ORIENTED_EDGE ( 'NONE', *, *, #436, .F. ) ;
#532 = EDGE_CURVE ( 'NONE', #1084, #17, #362, .T. ) ;
#533 = DIRECTION ( 'NONE',  ( 1.000000000000000000, 0.000000000000000000, 0.000000000000000000 ) ) ;
#534 = VECTOR ( 'NONE', #552, 1000.000000000000000 ) ;
#535 = CARTESIAN_POINT ( 'NONE',  ( 38.00000000000000000, 9.999999999999996447, 0.000000000000000000 ) ) ;
#536 = PLANE ( 'NONE',  #1102 ) ;
#537 = ORIENTED_EDGE ( 'NONE', *, *, #171, .F. ) ;
#538 = EDGE_CURVE ( 'NONE', #1256, #928, #1087, .T. ) ;
#539 = VERTEX_POINT ( 'NONE', #1785 ) ;
#540 = ORIENTED_EDGE ( 'NONE', *, *, #1719, .T. ) ;
#541 = DIRECTION ( 'NONE',  ( -4.336808689942018722E-16, 0.000000000000000000, -1.000000000000000000 ) ) ;
#542 = CARTESIAN_POINT ( 'NONE',  ( 23.39999999999998082, 10.00000000000000000, 0.000000000000000000 ) ) ;
#543 = EDGE_CURVE ( 'NONE', #819, #2096, #1250, .T. ) ;
#544 = CARTESIAN_POINT ( 'NONE',  ( 11.99999999999999822, 10.00000000000000000, -4.000000000000000000 ) ) ;
#545 = LINE ( 'NONE', #2176, #1278 ) ;
#546 = EDGE_CURVE ( 'NONE', #716, #1763, #720, .T. ) ;
#547 = PLANE ( 'NONE',  #306 ) ;
#548 = VERTEX_POINT ( 'NONE', #52 ) ;
#549 = EDGE_LOOP ( 'NONE', ( #767, #693, #960, #1363 ) ) ;
#550 = EDGE_CURVE ( 'NONE', #1186, #970, #1093, .T. ) ;
#551 = CARTESIAN_POINT ( 'NONE',  ( 36.99999999999999289, 10.00000000000000000, -96.99999999999998579 ) ) ;
#552 = DIRECTION ( 'NONE',  ( -0.000000000000000000, 1.000000000000000000, -0.000000000000000000 ) ) ;
#553 = CARTESIAN_POINT ( 'NONE',  ( 0.000000000000000000, 10.00000000000000000, 0.000000000000000000 ) ) ;
#554 = EDGE_CURVE ( 'NONE', #1185, #619, #214, .T. ) ;
#555 = AXIS2_PLACEMENT_3D ( 'NONE', #1299, #1485, #416 ) ;
#556 = CARTESIAN_POINT ( 'NONE',  ( 41.00000000000000000, 10.00000000000000000, -75.00000000000000000 ) ) ;
#557 = DIRECTION ( 'NONE',  ( 0.000000000000000000, 0.000000000000000000, -1.000000000000000000 ) ) ;
#558 = DIRECTION ( 'NONE',  ( -1.000000000000000000, 0.000000000000000000, 0.000000000000000000 ) ) ;
#559 = ORIENTED_EDGE ( 'NONE', *, *, #1808, .F. ) ;
#560 = ORIENTED_EDGE ( 'NONE', *, *, #996, .F. ) ;
#561 = CARTESIAN_POINT ( 'NONE',  ( 6.599999999999988987, 3.500000000000000444, 0.000000000000000000 ) ) ;
#562 = CIRCLE ( 'NONE', #826, 3.000000000000000888 ) ;
#563 = VERTEX_POINT ( 'NONE', #1450 ) ;
#564 = AXIS2_PLACEMENT_3D ( 'NONE', #2205, #1846, #1355 ) ;
#565 = CARTESIAN_POINT ( 'NONE',  ( 41.00000000000021316, 3.500000000000000444, -81.60000000000000853 ) ) ;
#566 = EDGE_CURVE ( 'NONE', #574, #1351, #775, .T. ) ;
#567 = VECTOR ( 'NONE', #1570, 1000.000000000000000 ) ;
#568 = CARTESIAN_POINT ( 'NONE',  ( 37.00000000000009237, -6.500000000000000888, -93.00000000000000000 ) ) ;
#569 = VECTOR ( 'NONE', #209, 1000.000000000000000 ) ;
#570 = CARTESIAN_POINT ( 'NONE',  ( 2.000000000000000000, -6.500000000000000888, -4.000000000000000000 ) ) ;
#571 = EDGE_CURVE ( 'NONE', #70, #666, #747, .T. ) ;
#572 = DIRECTION ( 'NONE',  ( 1.000000000000000000, 0.000000000000000000, 0.000000000000000000 ) ) ;
#573 = ORIENTED_EDGE ( 'NONE', *, *, #297, .T. ) ;
#574 = VERTEX_POINT ( 'NONE', #663 ) ;
#575 = CARTESIAN_POINT ( 'NONE',  ( 36.99999999999999289, -6.500000000000000888, -96.99999999999998579 ) ) ;
#576 = CARTESIAN_POINT ( 'NONE',  ( 34.00000000000009237, -6.500000000000000888, -93.00000000000000000 ) ) ;
#577 = CARTESIAN_POINT ( 'NONE',  ( 14.99999999999999822, -6.000000000000000000, -15.00000000000000178 ) ) ;
#578 = DIRECTION ( 'NONE',  ( 0.000000000000000000, 0.000000000000000000, 1.000000000000000000 ) ) ;
#579 = EDGE_CURVE ( 'NONE', #1763, #1922, #469, .T. ) ;
#580 = CARTESIAN_POINT ( 'NONE',  ( 2.000000000000000000, -6.500000000000000888, -7.000000000000000000 ) ) ;
#581 = EDGE_LOOP ( 'NONE', ( #2137, #2173, #289, #595, #779, #642, #1155, #677, #670, #871, #1359, #707, #1111, #1911, #1876, #1854, #1004, #2042, #616, #1739, #186, #2100, #1545, #1931, #2127, #1797, #583, #253, #1328, #396, #1579, #175, #336, #450, #162, #2210, #805, #1215, #780, #890, #1398, #845, #950, #248, #1862, #1408, #199, #2310, #836, #2233, #329, #790, #44, #2149, #999, #758, #1065, #1098, #951 ) ) ;
#582 = EDGE_CURVE ( 'NONE', #1952, #2295, #2070, .T. ) ;
#583 = ORIENTED_EDGE ( 'NONE', *, *, #2292, .F. ) ;
#584 = CARTESIAN_POINT ( 'NONE',  ( 34.00000000000000000, 5.000000000000000000, 1.999999999999996669 ) ) ;
#585 = ORIENTED_EDGE ( 'NONE', *, *, #1204, .T. ) ;
#586 = VERTEX_POINT ( 'NONE', #1565 ) ;
#587 = LINE ( 'NONE', #1331, #1279 ) ;
#588 = CARTESIAN_POINT ( 'NONE',  ( 16.59999999999998721, 3.500000000000000444, 0.000000000000000000 ) ) ;
#589 = DIRECTION ( 'NONE',  ( -0.000000000000000000, 0.000000000000000000, 1.000000000000000000 ) ) ;
#590 = VECTOR ( 'NONE', #926, 1000.000000000000000 ) ;
#591 = ORIENTED_EDGE ( 'NONE', *, *, #2060, .F. ) ;
#592 = ORIENTED_EDGE ( 'NONE', *, *, #1149, .T. ) ;
#593 = DIRECTION ( 'NONE',  ( -0.000000000000000000, 1.000000000000000000, -0.000000000000000000 ) ) ;
#594 = LINE ( 'NONE', #1144, #454 ) ;
#595 = ORIENTED_EDGE ( 'NONE', *, *, #1552, .T. ) ;
#596 = ORIENTED_EDGE ( 'NONE', *, *, #782, .T. ) ;
#597 = EDGE_CURVE ( 'NONE', #1127, #1266, #1382, .T. ) ;
#598 = CARTESIAN_POINT ( 'NONE',  ( 34.00000000000019185, 10.00000000000000000, -77.00000000000000000 ) ) ;
#599 = COLOUR_RGB ( '',0.7921568627450980005, 0.8196078431372548767, 0.9333333333333333481 ) ;
#600 = VECTOR ( 'NONE', #887, 1000.000000000000000 ) ;
#601 = LINE ( 'NONE', #1323, #2288 ) ;
#602 = VECTOR ( 'NONE', #1191, 1000.000000000000000 ) ;
#603 = VECTOR ( 'NONE', #918, 1000.000000000000000 ) ;
#604 = VECTOR ( 'NONE', #558, 1000.000000000000000 ) ;
#605 = LINE ( 'NONE', #1327, #1463 ) ;
#606 = ORIENTED_EDGE ( 'NONE', *, *, #54, .F. ) ;
#607 = ORIENTED_EDGE ( 'NONE', *, *, #2191, .T. ) ;
#608 = EDGE_CURVE ( 'NONE', #1427, #487, #892, .T. ) ;
#609 = CARTESIAN_POINT ( 'NONE',  ( 37.00000000000009237, 0.000000000000000000, -87.00000000000000000 ) ) ;
#610 = DIRECTION ( 'NONE',  ( -8.673617379884035472E-16, 0.000000000000000000, -1.000000000000000000 ) ) ;
#611 = ORIENTED_EDGE ( 'NONE', *, *, #2179, .T. ) ;
#612 = LINE ( 'NONE', #1482, #1720 ) ;
#613 = EDGE_CURVE ( 'NONE', #1816, #27, #1212, .T. ) ;
#614 = FACE_OUTER_BOUND ( 'NONE', #1047, .T. ) ;
#615 = CARTESIAN_POINT ( 'NONE',  ( 11.99999999999999645, -6.000000000000000000, -15.00000000000000178 ) ) ;
#616 = ORIENTED_EDGE ( 'NONE', *, *, #1926, .F. ) ;
#617 = DIRECTION ( 'NONE',  ( -0.000000000000000000, 1.000000000000000000, -0.000000000000000000 ) ) ;
#618 = LINE ( 'NONE', #1678, #346 ) ;
#619 = VERTEX_POINT ( 'NONE', #1747 ) ;
#620 = ORIENTED_EDGE ( 'NONE', *, *, #1293, .T. ) ;
#621 = DIRECTION ( 'NONE',  ( -1.000000000000000000, 0.000000000000000000, 0.000000000000000000 ) ) ;
#622 = ORIENTED_EDGE ( 'NONE', *, *, #996, .T. ) ;
#623 = CARTESIAN_POINT ( 'NONE',  ( 36.99999999999999289, -6.500000000000000888, -103.0000000000000000 ) ) ;
#624 = DIRECTION ( 'NONE',  ( -1.000000000000000000, 0.000000000000000000, -0.000000000000000000 ) ) ;
#625 = DIRECTION ( 'NONE',  ( -1.084202172485504681E-16, 0.000000000000000000, 1.000000000000000000 ) ) ;
#626 = EDGE_CURVE ( 'NONE', #1904, #1427, #2067, .T. ) ;
#627 = VERTEX_POINT ( 'NONE', #165 ) ;
#628 = VECTOR ( 'NONE', #936, 1000.000000000000000 ) ;
#629 = ORIENTED_EDGE ( 'NONE', *, *, #597, .F. ) ;
#630 = DIRECTION ( 'NONE',  ( 1.000000000000000000, 0.000000000000000000, 0.000000000000000000 ) ) ;
#631 = DIRECTION ( 'NONE',  ( 4.625929269271485791E-17, 0.000000000000000000, -1.000000000000000000 ) ) ;
#632 = ORIENTED_EDGE ( 'NONE', *, *, #1546, .T. ) ;
#633 = LINE ( 'NONE', #74, #1465 ) ;
#634 = VECTOR ( 'NONE', #1811, 1000.000000000000000 ) ;
#635 = CARTESIAN_POINT ( 'NONE',  ( 34.00000000000019895, -6.500000000000000888, -83.00000000000000000 ) ) ;
#636 = ADVANCED_FACE ( 'NONE', ( #880 ), #2121, .F. ) ;
#637 = VECTOR ( 'NONE', #1984, 1000.000000000000000 ) ;
#638 = ORIENTED_EDGE ( 'NONE', *, *, #1370, .T. ) ;
#639 = CARTESIAN_POINT ( 'NONE',  ( 14.99999999999999822, 0.000000000000000000, -76.76156825954063834 ) ) ;
#640 = VECTOR ( 'NONE', #662, 1000.000000000000000 ) ;
#641 = DIRECTION ( 'NONE',  ( 0.000000000000000000, -1.000000000000000000, 0.000000000000000000 ) ) ;
#642 = ORIENTED_EDGE ( 'NONE', *, *, #512, .F. ) ;
#643 = VECTOR ( 'NONE', #485, 1000.000000000000000 ) ;
#644 = VERTEX_POINT ( 'NONE', #1341 ) ;
#645 = DIRECTION ( 'NONE',  ( 0.000000000000000000, 0.000000000000000000, 1.000000000000000000 ) ) ;
#646 = EDGE_CURVE ( 'NONE', #2096, #2038, #2248, .T. ) ;
#647 = CARTESIAN_POINT ( 'NONE',  ( 50.00000000000000000, 10.00000000000000000, -54.99999999999999289 ) ) ;
#648 = VECTOR ( 'NONE', #291, 1000.000000000000000 ) ;
#649 = CARTESIAN_POINT ( 'NONE',  ( 36.50000000000000711, 5.000000000000000000, -8.000000000000000000 ) ) ;
#650 = VERTEX_POINT ( 'NONE', #1221 ) ;
#651 = PLANE ( 'NONE',  #752 ) ;
#652 = DIRECTION ( 'NONE',  ( 0.000000000000000000, 0.000000000000000000, -1.000000000000000000 ) ) ;
#653 = ORIENTED_EDGE ( 'NONE', *, *, #659, .F. ) ;
#654 = EDGE_CURVE ( 'NONE', #107, #1529, #1058, .T. ) ;
#655 = DIRECTION ( 'NONE',  ( -0.000000000000000000, -0.000000000000000000, 1.000000000000000000 ) ) ;
#656 = DIRECTION ( 'NONE',  ( 0.000000000000000000, 0.000000000000000000, -1.000000000000000000 ) ) ;
#657 = ORIENTED_EDGE ( 'NONE', *, *, #688, .T. ) ;
#658 = VERTEX_POINT ( 'NONE', #57 ) ;
#659 = EDGE_CURVE ( 'NONE', #2010, #1490, #84, .T. ) ;
#660 = CARTESIAN_POINT ( 'NONE',  ( 36.99999999999999289, 0.000000000000000000, -103.0000000000000000 ) ) ;
#661 = CARTESIAN_POINT ( 'NONE',  ( 30.00000000000000000, 10.00000000000000000, -8.000000000000000000 ) ) ;
#662 = DIRECTION ( 'NONE',  ( -0.000000000000000000, -0.000000000000000000, -1.000000000000000000 ) ) ;
#663 = CARTESIAN_POINT ( 'NONE',  ( 2.000000000000000000, 0.000000000000000000, -7.000000000000000000 ) ) ;
#664 = DIRECTION ( 'NONE',  ( 1.000000000000000000, 0.000000000000000000, 0.000000000000000000 ) ) ;
#665 = DIRECTION ( 'NONE',  ( 1.000000000000000000, 0.000000000000000000, 0.000000000000000000 ) ) ;
#666 = VERTEX_POINT ( 'NONE', #1040 ) ;
#667 = ORIENTED_EDGE ( 'NONE', *, *, #1173, .F. ) ;
#668 = LINE ( 'NONE', #1714, #1709 ) ;
#669 = VECTOR ( 'NONE', #589, 1000.000000000000000 ) ;
#670 = ORIENTED_EDGE ( 'NONE', *, *, #703, .F. ) ;
#671 = DIRECTION ( 'NONE',  ( -1.000000000000000000, -0.000000000000000000, -0.000000000000000000 ) ) ;
#672 = EDGE_CURVE ( 'NONE', #128, #1760, #1433, .T. ) ;
#673 = CARTESIAN_POINT ( 'NONE',  ( 0.000000000000000000, 3.500000000000000444, 0.000000000000000000 ) ) ;
#674 = PRESENTATION_LAYER_ASSIGNMENT (  '', '', ( #1788 ) ) ;
#675 = LINE ( 'NONE', #2093, #261 ) ;
#676 = VECTOR ( 'NONE', #237, 1000.000000000000000 ) ;
#677 = ORIENTED_EDGE ( 'NONE', *, *, #1370, .F. ) ;
#678 = ORIENTED_EDGE ( 'NONE', *, *, #1400, .F. ) ;
#679 = VECTOR ( 'NONE', #389, 1000.000000000000000 ) ;
#680 = DIRECTION ( 'NONE',  ( 0.000000000000000000, 0.000000000000000000, 1.000000000000000000 ) ) ;
#681 = CLOSED_SHELL ( 'NONE', ( #743, #1867, #2150, #245, #30, #1704, #1837, #1651, #1571, #2307, #2099, #2315, #987, #1541, #906, #308, #1109, #493, #1866, #1199, #2065, #725, #1883, #479, #636, #262, #1682, #2231, #1896, #1404, #2129, #223, #499, #1722, #138, #1034, #1638, #2197, #2274, #683, #2218, #254, #844, #1768, #112, #1990, #1145, #1137, #2032, #1514, #2045, #2227, #272, #848, #284, #1880, #1967, #292, #210, #427, #1737, #1300, #1999, #1345, #1504 ) ) ;
#682 = EDGE_LOOP ( 'NONE', ( #748, #2146, #135, #330 ) ) ;
#683 = ADVANCED_FACE ( 'NONE', ( #1218 ), #2304, .F. ) ;
#684 = ORIENTED_EDGE ( 'NONE', *, *, #363, .F. ) ;
#685 = VECTOR ( 'NONE', #2270, 1000.000000000000000 ) ;
#686 = DIRECTION ( 'NONE',  ( 1.000000000000000000, 0.000000000000000000, -0.000000000000000000 ) ) ;
#687 = LINE ( 'NONE', #2116, #1988 ) ;
#688 = EDGE_CURVE ( 'NONE', #539, #2219, #913, .T. ) ;
#689 = DIRECTION ( 'NONE',  ( -1.000000000000000000, 0.000000000000000000, 0.000000000000000000 ) ) ;
#690 = PLANE ( 'NONE',  #1131 ) ;
#691 = LINE ( 'NONE', #1255, #228 ) ;
#692 = VERTEX_POINT ( 'NONE', #263 ) ;
#693 = ORIENTED_EDGE ( 'NONE', *, *, #1104, .T. ) ;
#694 = DIRECTION ( 'NONE',  ( 0.000000000000000000, -0.000000000000000000, -1.000000000000000000 ) ) ;
#695 = ORIENTED_EDGE ( 'NONE', *, *, #1808, .T. ) ;
#696 = ORIENTED_EDGE ( 'NONE', *, *, #2135, .F. ) ;
#697 = DIRECTION ( 'NONE',  ( 0.000000000000000000, 1.000000000000000000, 0.000000000000000000 ) ) ;
#698 = DIRECTION ( 'NONE',  ( 0.000000000000000000, 1.000000000000000000, 0.000000000000000000 ) ) ;
#699 = CARTESIAN_POINT ( 'NONE',  ( 18.00000000000000000, 10.00000000000000000, -4.000000000000000000 ) ) ;
#700 = DIRECTION ( 'NONE',  ( -1.000000000000000000, 0.000000000000000000, -0.000000000000000000 ) ) ;
#701 = VERTEX_POINT ( 'NONE', #1175 ) ;
#702 = CARTESIAN_POINT ( 'NONE',  ( 50.00000000000000000, 0.000000000000000000, -34.99999999999999289 ) ) ;
#703 = EDGE_CURVE ( 'NONE', #2136, #586, #605, .T. ) ;
#704 = ORIENTED_EDGE ( 'NONE', *, *, #1435, .F. ) ;
#705 = VERTEX_POINT ( 'NONE', #439 ) ;
#706 = DIRECTION ( 'NONE',  ( -1.000000000000000000, 0.000000000000000000, 0.000000000000000000 ) ) ;
#707 = ORIENTED_EDGE ( 'NONE', *, *, #328, .T. ) ;
#708 = AXIS2_PLACEMENT_3D ( 'NONE', #1877, #2259, #833 ) ;
#709 = DIRECTION ( 'NONE',  ( 0.000000000000000000, -1.000000000000000000, 0.000000000000000000 ) ) ;
#710 = EDGE_CURVE ( 'NONE', #1110, #1593, #968, .T. ) ;
#711 = CARTESIAN_POINT ( 'NONE',  ( 13.39999999999998259, 10.00000000000000000, 0.000000000000000000 ) ) ;
#712 = DIRECTION ( 'NONE',  ( 1.000000000000000000, 0.000000000000000000, -0.000000000000000000 ) ) ;
#713 = ORIENTED_EDGE ( 'NONE', *, *, #948, .F. ) ;
#714 = EDGE_CURVE ( 'NONE', #1529, #1904, #1519, .T. ) ;
#715 = VECTOR ( 'NONE', #1643, 1000.000000000000000 ) ;
#716 = VERTEX_POINT ( 'NONE', #778 ) ;
#717 = CARTESIAN_POINT ( 'NONE',  ( 37.00000000000019895, 0.000000000000000000, -77.00000000000000000 ) ) ;
#718 = CARTESIAN_POINT ( 'NONE',  ( 30.00000000000000000, 10.00000000000000000, -54.99999999999999289 ) ) ;
#719 = AXIS2_PLACEMENT_3D ( 'NONE', #1493, #2194, #810 ) ;
#720 = LINE ( 'NONE', #2188, #1174 ) ;
#721 = CARTESIAN_POINT ( 'NONE',  ( 6.599999999999988987, 3.500000000000000444, 0.000000000000000000 ) ) ;
#722 = VECTOR ( 'NONE', #730, 1000.000000000000000 ) ;
#723 = LINE ( 'NONE', #588, #904 ) ;
#724 = DIRECTION ( 'NONE',  ( 0.000000000000000000, -1.000000000000000000, 0.000000000000000000 ) ) ;
#725 = ADVANCED_FACE ( 'NONE', ( #110 ), #2057, .F. ) ;
#726 = EDGE_CURVE ( 'NONE', #1680, #164, #2047, .T. ) ;
#727 = ORIENTED_EDGE ( 'NONE', *, *, #1163, .T. ) ;
#728 = ORIENTED_EDGE ( 'NONE', *, *, #714, .F. ) ;
#729 = LINE ( 'NONE', #1443, #634 ) ;
#730 = DIRECTION ( 'NONE',  ( 1.000000000000000000, 0.000000000000000000, 0.000000000000000000 ) ) ;
#731 = DIRECTION ( 'NONE',  ( -1.000000000000000000, 0.000000000000000000, 0.000000000000000000 ) ) ;
#732 = DIRECTION ( 'NONE',  ( -0.000000000000000000, 1.000000000000000000, -0.000000000000000000 ) ) ;
#733 = CARTESIAN_POINT ( 'NONE',  ( 70.00000000000000000, 10.00000000000000000, -54.99999999999999289 ) ) ;
#734 = CARTESIAN_POINT ( 'NONE',  ( 34.00000000000009237, 10.00000000000000000, -93.00000000000000000 ) ) ;
#735 = EDGE_CURVE ( 'NONE', #1882, #1133, #991, .T. ) ;
#736 = ORIENTED_EDGE ( 'NONE', *, *, #1190, .F. ) ;
#737 = CARTESIAN_POINT ( 'NONE',  ( 31.50000000000000000, 5.000000000000000000, -8.000000000000000000 ) ) ;
#738 = FACE_OUTER_BOUND ( 'NONE', #325, .T. ) ;
#739 = LINE ( 'NONE', #1455, #2029 ) ;
#740 = VERTEX_POINT ( 'NONE', #79 ) ;
#741 = DIRECTION ( 'NONE',  ( 1.000000000000000000, 0.000000000000000000, 0.000000000000000000 ) ) ;
#742 = VECTOR ( 'NONE', #2123, 1000.000000000000000 ) ;
#743 = ADVANCED_FACE ( 'NONE', ( #1497 ), #1183, .F. ) ;
#744 = DIRECTION ( 'NONE',  ( -0.000000000000000000, -0.000000000000000000, 1.000000000000000000 ) ) ;
#745 = CARTESIAN_POINT ( 'NONE',  ( 33.99999999999987210, 0.000000000000000000, 3.932039878880744656E-14 ) ) ;
#746 = DIRECTION ( 'NONE',  ( 0.000000000000000000, 0.000000000000000000, -1.000000000000000000 ) ) ;
#747 = LINE ( 'NONE', #1461, #834 ) ;
#748 = ORIENTED_EDGE ( 'NONE', *, *, #1362, .T. ) ;
#749 = ORIENTED_EDGE ( 'NONE', *, *, #1848, .F. ) ;
#750 = VECTOR ( 'NONE', #655, 1000.000000000000000 ) ;
#751 = EDGE_CURVE ( 'NONE', #2134, #405, #1055, .T. ) ;
#752 = AXIS2_PLACEMENT_3D ( 'NONE', #820, #1752, #1216 ) ;
#753 = PLANE ( 'NONE',  #154 ) ;
#754 = VECTOR ( 'NONE', #1942, 1000.000000000000000 ) ;
#755 = DIRECTION ( 'NONE',  ( 1.000000000000000000, 0.000000000000000000, 0.000000000000000000 ) ) ;
#756 = AXIS2_PLACEMENT_3D ( 'NONE', #34, #1460, #2215 ) ;
#757 = CARTESIAN_POINT ( 'NONE',  ( 37.00000000000019895, -6.500000000000000888, -77.00000000000000000 ) ) ;
#758 = ORIENTED_EDGE ( 'NONE', *, *, #983, .F. ) ;
#759 = ORIENTED_EDGE ( 'NONE', *, *, #1791, .F. ) ;
#760 = DIRECTION ( 'NONE',  ( 0.000000000000000000, -0.000000000000000000, 1.000000000000000000 ) ) ;
#761 = LINE ( 'NONE', #1841, #519 ) ;
#762 = EDGE_LOOP ( 'NONE', ( #131, #101, #461, #369, #358, #293, #2283, #234 ) ) ;
#763 = DIRECTION ( 'NONE',  ( -8.673617379884035472E-16, 0.000000000000000000, -1.000000000000000000 ) ) ;
#764 = CARTESIAN_POINT ( 'NONE',  ( 6.599999999999988987, 3.500000000000000444, 0.000000000000000000 ) ) ;
#765 = DIRECTION ( 'NONE',  ( 0.000000000000000000, 0.000000000000000000, -1.000000000000000000 ) ) ;
#766 = ORIENTED_EDGE ( 'NONE', *, *, #582, .T. ) ;
#767 = ORIENTED_EDGE ( 'NONE', *, *, #672, .F. ) ;
#768 = EDGE_CURVE ( 'NONE', #1178, #1464, #249, .T. ) ;
#769 = DIRECTION ( 'NONE',  ( -1.000000000000000000, 0.000000000000000000, -0.000000000000000000 ) ) ;
#770 = DIRECTION ( 'NONE',  ( 1.000000000000000000, 0.000000000000000000, 0.000000000000000000 ) ) ;
#771 = VERTEX_POINT ( 'NONE', #1346 ) ;
#772 = FACE_BOUND ( 'NONE', #2169, .T. ) ;
#773 = CARTESIAN_POINT ( 'NONE',  ( 18.00000000000000000, 10.00000000000000000, -4.000000000000000000 ) ) ;
#774 = LINE ( 'NONE', #1940, #2053 ) ;
#775 = LINE ( 'NONE', #1807, #1614 ) ;
#776 = EDGE_CURVE ( 'NONE', #619, #315, #298, .T. ) ;
#777 = VECTOR ( 'NONE', #1836, 1000.000000000000000 ) ;
#778 = CARTESIAN_POINT ( 'NONE',  ( 18.00000000000000000, 0.000000000000000000, -7.000000000000000000 ) ) ;
#779 = ORIENTED_EDGE ( 'NONE', *, *, #1129, .F. ) ;
#780 = ORIENTED_EDGE ( 'NONE', *, *, #1322, .F. ) ;
#781 = CARTESIAN_POINT ( 'NONE',  ( 0.000000000000000000, 50.00000000000000000, -128.3600000000000136 ) ) ;
#782 = EDGE_CURVE ( 'NONE', #1512, #500, #813, .T. ) ;
#783 = ORIENTED_EDGE ( 'NONE', *, *, #1775, .T. ) ;
#784 = EDGE_LOOP ( 'NONE', ( #1563, #596, #1596, #92, #1500, #1416, #434, #501, #1, #1591, #1734, #2085, #518, #1534, #1702, #215 ) ) ;
#785 = DIRECTION ( 'NONE',  ( -1.000000000000000000, 0.000000000000000000, 0.000000000000000000 ) ) ;
#786 = AXIS2_PLACEMENT_3D ( 'NONE', #89, #446, #275 ) ;
#787 = DIRECTION ( 'NONE',  ( -0.000000000000000000, 1.000000000000000000, -0.000000000000000000 ) ) ;
#788 = AXIS2_PLACEMENT_3D ( 'NONE', #1516, #2031, #257 ) ;
#789 = VECTOR ( 'NONE', #1259, 1000.000000000000000 ) ;
#790 = ORIENTED_EDGE ( 'NONE', *, *, #311, .T. ) ;
#791 = VECTOR ( 'NONE', #1337, 1000.000000000000000 ) ;
#792 = CARTESIAN_POINT ( 'NONE',  ( 41.00000000000021316, 3.500000000000000444, -78.40000000000000568 ) ) ;
#793 = DIRECTION ( 'NONE',  ( -1.000000000000000000, 0.000000000000000000, 0.000000000000000000 ) ) ;
#794 = EDGE_LOOP ( 'NONE', ( #1691, #1612, #923, #1829 ) ) ;
#795 = EDGE_LOOP ( 'NONE', ( #1202, #1616, #804, #2257 ) ) ;
#796 = FACE_OUTER_BOUND ( 'NONE', #1071, .T. ) ;
#797 = PLANE ( 'NONE',  #2200 ) ;
#798 = ORIENTED_EDGE ( 'NONE', *, *, #710, .F. ) ;
#799 = EDGE_CURVE ( 'NONE', #1816, #146, #1858, .T. ) ;
#800 = CARTESIAN_POINT ( 'NONE',  ( 70.00000000000000000, 10.00000000000000000, -75.00000000000000000 ) ) ;
#801 = EDGE_CURVE ( 'NONE', #563, #907, #286, .T. ) ;
#802 = LINE ( 'NONE', #1157, #1388 ) ;
#803 = CARTESIAN_POINT ( 'NONE',  ( 26.59999999999998010, 3.500000000000000444, -4.000000000000000000 ) ) ;
#804 = ORIENTED_EDGE ( 'NONE', *, *, #726, .T. ) ;
#805 = ORIENTED_EDGE ( 'NONE', *, *, #1060, .F. ) ;
#806 = CARTESIAN_POINT ( 'NONE',  ( 0.000000000000000000, 0.000000000000000000, -128.3600000000000136 ) ) ;
#807 = CARTESIAN_POINT ( 'NONE',  ( 36.99999999999999289, 10.00000000000000000, -103.0000000000000000 ) ) ;
#808 = EDGE_CURVE ( 'NONE', #428, #1669, #1510, .T. ) ;
#809 = ORIENTED_EDGE ( 'NONE', *, *, #323, .T. ) ;
#810 = DIRECTION ( 'NONE',  ( 0.000000000000000000, -0.000000000000000000, -1.000000000000000000 ) ) ;
#811 = DIRECTION ( 'NONE',  ( -0.000000000000000000, 1.000000000000000000, -0.000000000000000000 ) ) ;
#812 = EDGE_CURVE ( 'NONE', #2228, #2075, #2223, .T. ) ;
#813 = LINE ( 'NONE', #2084, #1863 ) ;
#814 = CARTESIAN_POINT ( 'NONE',  ( 36.99999999999999289, 10.00000000000000000, -96.99999999999998579 ) ) ;
#815 = ORIENTED_EDGE ( 'NONE', *, *, #799, .F. ) ;
#816 = AXIS2_PLACEMENT_3D ( 'NONE', #126, #453, #694 ) ;
#817 = VERTEX_POINT ( 'NONE', #2241 ) ;
#818 = DIRECTION ( 'NONE',  ( -2.312964634635742957E-16, -0.000000000000000000, -1.000000000000000000 ) ) ;
#819 = VERTEX_POINT ( 'NONE', #1872 ) ;
#820 = CARTESIAN_POINT ( 'NONE',  ( 36.99999999999999289, -6.500000000000000888, -103.0000000000000000 ) ) ;
#821 = EDGE_LOOP ( 'NONE', ( #1569, #884, #1339, #766 ) ) ;
#822 = EDGE_CURVE ( 'NONE', #771, #2139, #827, .T. ) ;
#823 = AXIS2_PLACEMENT_3D ( 'NONE', #1260, #393, #1994 ) ;
#824 = CARTESIAN_POINT ( 'NONE',  ( 30.00000000000000355, 0.000000000000000000, -75.00000000000000000 ) ) ;
#825 = DIRECTION ( 'NONE',  ( 1.000000000000000000, 0.000000000000000000, 0.000000000000000000 ) ) ;
#826 = AXIS2_PLACEMENT_3D ( 'NONE', #212, #1823, #578 ) ;
#827 = LINE ( 'NONE', #803, #302 ) ;
#828 = VECTOR ( 'NONE', #763, 1000.000000000000000 ) ;
#829 = FACE_OUTER_BOUND ( 'NONE', #1406, .T. ) ;
#830 = ORIENTED_EDGE ( 'NONE', *, *, #368, .T. ) ;
#831 = VECTOR ( 'NONE', #277, 1000.000000000000000 ) ;
#832 = EDGE_LOOP ( 'NONE', ( #504, #2037, #1480, #893 ) ) ;
#833 = DIRECTION ( 'NONE',  ( 0.000000000000000000, 0.000000000000000000, -1.000000000000000000 ) ) ;
#834 = VECTOR ( 'NONE', #990, 1000.000000000000000 ) ;
#835 = LINE ( 'NONE', #1025, #86 ) ;
#836 = ORIENTED_EDGE ( 'NONE', *, *, #726, .F. ) ;
#837 = DIRECTION ( 'NONE',  ( -0.000000000000000000, -0.000000000000000000, 1.000000000000000000 ) ) ;
#838 = FACE_OUTER_BOUND ( 'NONE', #1741, .T. ) ;
#839 = CARTESIAN_POINT ( 'NONE',  ( 23.39999999999998082, 3.500000000000000444, 0.000000000000000000 ) ) ;
#840 = DIRECTION ( 'NONE',  ( 1.000000000000000000, -0.000000000000000000, -0.000000000000000000 ) ) ;
#841 = ORIENTED_EDGE ( 'NONE', *, *, #2292, .T. ) ;
#842 = ORIENTED_EDGE ( 'NONE', *, *, #955, .F. ) ;
#843 = CARTESIAN_POINT ( 'NONE',  ( 11.99999999999999645, 0.000000000000000000, -15.00000000000000178 ) ) ;
#844 = ADVANCED_FACE ( 'NONE', ( #1543 ), #521, .F. ) ;
#845 = ORIENTED_EDGE ( 'NONE', *, *, #2201, .F. ) ;
#846 = CARTESIAN_POINT ( 'NONE',  ( 22.00000000000000000, -6.500000000000000888, -4.000000000000000000 ) ) ;
#847 = ORIENTED_EDGE ( 'NONE', *, *, #1245, .F. ) ;
#848 = ADVANCED_FACE ( 'NONE', ( #1562 ), #1757, .F. ) ;
#849 = CARTESIAN_POINT ( 'NONE',  ( 0.000000000000000000, 0.000000000000000000, -7.000000000000000000 ) ) ;
#850 = DIRECTION ( 'NONE',  ( 0.000000000000000000, -0.000000000000000000, -1.000000000000000000 ) ) ;
#851 = LINE ( 'NONE', #1625, #1017 ) ;
#852 = ORIENTED_EDGE ( 'NONE', *, *, #885, .T. ) ;
#853 = EDGE_CURVE ( 'NONE', #1959, #146, #1553, .T. ) ;
#854 = ORIENTED_EDGE ( 'NONE', *, *, #67, .T. ) ;
#855 = CARTESIAN_POINT ( 'NONE',  ( 40.99999999999999289, 25.00000000000000000, -105.3599999999999994 ) ) ;
#856 = ORIENTED_EDGE ( 'NONE', *, *, #1656, .F. ) ;
#857 = VERTEX_POINT ( 'NONE', #2305 ) ;
#858 = EDGE_CURVE ( 'NONE', #1084, #256, #133, .T. ) ;
#859 = CARTESIAN_POINT ( 'NONE',  ( 13.39999999999998259, 3.500000000000000444, 0.000000000000000000 ) ) ;
#860 = ORIENTED_EDGE ( 'NONE', *, *, #1077, .F. ) ;
#861 = CARTESIAN_POINT ( 'NONE',  ( 18.00000000000000000, 0.000000000000000000, 0.000000000000000000 ) ) ;
#862 = LINE ( 'NONE', #1575, #1353 ) ;
#863 = CARTESIAN_POINT ( 'NONE',  ( 9.797174393178825657E-16, 50.00000000000000000, -120.3599999999999994 ) ) ;
#864 = AXIS2_PLACEMENT_3D ( 'NONE', #1001, #624, #1697 ) ;
#865 = EDGE_LOOP ( 'NONE', ( #607, #411, #2083, #1817 ) ) ;
#866 = ORIENTED_EDGE ( 'NONE', *, *, #1050, .F. ) ;
#867 = VECTOR ( 'NONE', #1721, 1000.000000000000000 ) ;
#868 = DIRECTION ( 'NONE',  ( -0.000000000000000000, 1.000000000000000000, -0.000000000000000000 ) ) ;
#869 = CARTESIAN_POINT ( 'NONE',  ( 2.000000000000000000, 10.00000000000000000, -4.000000000000000000 ) ) ;
#870 = VECTOR ( 'NONE', #169, 1000.000000000000000 ) ;
#871 = ORIENTED_EDGE ( 'NONE', *, *, #1517, .F. ) ;
#872 = ORIENTED_EDGE ( 'NONE', *, *, #646, .F. ) ;
#873 = VECTOR ( 'NONE', #1101, 1000.000000000000000 ) ;
#874 = FACE_OUTER_BOUND ( 'NONE', #832, .T. ) ;
#875 = CARTESIAN_POINT ( 'NONE',  ( 33.99999999999998579, -6.500000000000000888, -103.0000000000000000 ) ) ;
#876 = EDGE_CURVE ( 'NONE', #2224, #970, #1414, .T. ) ;
#877 = DIRECTION ( 'NONE',  ( -0.000000000000000000, -0.000000000000000000, 1.000000000000000000 ) ) ;
#878 = LINE ( 'NONE', #1806, #1506 ) ;
#879 = ORIENTED_EDGE ( 'NONE', *, *, #1129, .T. ) ;
#880 = FACE_OUTER_BOUND ( 'NONE', #2279, .T. ) ;
#881 = ORIENTED_EDGE ( 'NONE', *, *, #49, .T. ) ;
#882 = DIRECTION ( 'NONE',  ( -0.000000000000000000, -0.000000000000000000, 1.000000000000000000 ) ) ;
#883 = CARTESIAN_POINT ( 'NONE',  ( 14.99999999999999822, -6.000000000000000000, -15.00000000000000178 ) ) ;
#884 = ORIENTED_EDGE ( 'NONE', *, *, #613, .T. ) ;
#885 = EDGE_CURVE ( 'NONE', #433, #1466, #2316, .T. ) ;
#886 = DIRECTION ( 'NONE',  ( 1.000000000000000000, 0.000000000000000000, 0.000000000000000000 ) ) ;
#887 = DIRECTION ( 'NONE',  ( -0.000000000000000000, 1.000000000000000000, -0.000000000000000000 ) ) ;
#888 = CARTESIAN_POINT ( 'NONE',  ( 8.000000000000000000, -6.500000000000000888, -4.000000000000000000 ) ) ;
#889 = EDGE_CURVE ( 'NONE', #1266, #1763, #2265, .T. ) ;
#890 = ORIENTED_EDGE ( 'NONE', *, *, #808, .F. ) ;
#891 = ORIENTED_EDGE ( 'NONE', *, *, #150, .T. ) ;
#892 = LINE ( 'NONE', #1905, #1139 ) ;
#893 = ORIENTED_EDGE ( 'NONE', *, *, #2016, .F. ) ;
#894 = PRODUCT_DEFINITION_SHAPE ( 'NONE', 'NONE',  #1787 ) ;
#895 = ORIENTED_EDGE ( 'NONE', *, *, #2060, .T. ) ;
#896 =( NAMED_UNIT ( * ) PLANE_ANGLE_UNIT ( ) SI_UNIT ( $, .RADIAN. ) );
#897 = AXIS2_PLACEMENT_3D ( 'NONE', #757, #1624, #24 ) ;
#898 = DIRECTION ( 'NONE',  ( 0.000000000000000000, 0.000000000000000000, 1.000000000000000000 ) ) ;
#899 = EDGE_CURVE ( 'NONE', #1224, #1451, #675, .T. ) ;
#900 = CARTESIAN_POINT ( 'NONE',  ( 37.00000000000019895, 10.00000000000000000, -78.40000000000000568 ) ) ;
#901 = PRODUCT_RELATED_PRODUCT_CATEGORY ( 'part', '', ( #163 ) ) ;
#902 = PLANE ( 'NONE',  #1063 ) ;
#903 = VECTOR ( 'NONE', #219, 1000.000000000000000 ) ;
#904 = VECTOR ( 'NONE', #732, 1000.000000000000000 ) ;
#905 = ORIENTED_EDGE ( 'NONE', *, *, #2, .T. ) ;
#906 = ADVANCED_FACE ( 'NONE', ( #484 ), #1731, .F. ) ;
#907 = VERTEX_POINT ( 'NONE', #1389 ) ;
#908 = LINE ( 'NONE', #6, #486 ) ;
#909 = VECTOR ( 'NONE', #1113, 1000.000000000000000 ) ;
#910 = CARTESIAN_POINT ( 'NONE',  ( 34.00000000000009237, 0.000000000000000000, -93.00000000000000000 ) ) ;
#911 = VECTOR ( 'NONE', #1735, 1000.000000000000000 ) ;
#912 = DIRECTION ( 'NONE',  ( 1.000000000000000000, 0.000000000000000000, 0.000000000000000000 ) ) ;
#913 = CIRCLE ( 'NONE', #1799, 3.000000000000002665 ) ;
#914 = CARTESIAN_POINT ( 'NONE',  ( 30.00000000000000000, 0.000000000000000000, -8.000000000000000000 ) ) ;
#915 = CARTESIAN_POINT ( 'NONE',  ( 41.00000000000000000, 10.00000000000000000, -81.60000000000000853 ) ) ;
#916 = FACE_BOUND ( 'NONE', #2059, .T. ) ;
#917 = ORIENTED_EDGE ( 'NONE', *, *, #1029, .T. ) ;
#918 = DIRECTION ( 'NONE',  ( -0.000000000000000000, 1.000000000000000000, -0.000000000000000000 ) ) ;
#919 = DIRECTION ( 'NONE',  ( 0.000000000000000000, -1.000000000000000000, 0.000000000000000000 ) ) ;
#920 = EDGE_CURVE ( 'NONE', #1512, #1384, #2277, .T. ) ;
#921 = CARTESIAN_POINT ( 'NONE',  ( 14.99999999999999822, 0.000000000000000000, -15.00000000000000178 ) ) ;
#922 = CARTESIAN_POINT ( 'NONE',  ( 23.39999999999998082, 3.500000000000000444, 0.000000000000000000 ) ) ;
#923 = ORIENTED_EDGE ( 'NONE', *, *, #1954, .F. ) ;
#924 = DIRECTION ( 'NONE',  ( 1.224646799147353454E-16, 0.000000000000000000, 1.000000000000000000 ) ) ;
#925 = CARTESIAN_POINT ( 'NONE',  ( 16.59999999999998721, 10.00000000000000000, 0.000000000000000000 ) ) ;
#926 = DIRECTION ( 'NONE',  ( 0.000000000000000000, 0.000000000000000000, -1.000000000000000000 ) ) ;
#927 = DIRECTION ( 'NONE',  ( 1.000000000000000000, 0.000000000000000000, 0.000000000000000000 ) ) ;
#928 = VERTEX_POINT ( 'NONE', #1219 ) ;
#929 = VERTEX_POINT ( 'NONE', #1230 ) ;
#930 = PLANE ( 'NONE',  #1386 ) ;
#931 = LINE ( 'NONE', #386, #648 ) ;
#932 = EDGE_LOOP ( 'NONE', ( #1636, #392, #1022, #29 ) ) ;
#933 = EDGE_CURVE ( 'NONE', #658, #817, #1068, .T. ) ;
#934 = CARTESIAN_POINT ( 'NONE',  ( 18.00000000000000000, -6.500000000000000888, -4.000000000000000000 ) ) ;
#935 = DIRECTION ( 'NONE',  ( -0.000000000000000000, -0.000000000000000000, -1.000000000000000000 ) ) ;
#936 = DIRECTION ( 'NONE',  ( 1.156482317317870344E-15, 0.000000000000000000, -1.000000000000000000 ) ) ;
#937 = ORIENTED_EDGE ( 'NONE', *, *, #933, .T. ) ;
#938 = EDGE_LOOP ( 'NONE', ( #1581, #349, #905, #2262 ) ) ;
#939 = CARTESIAN_POINT ( 'NONE',  ( 0.000000000000000000, -0.000000000000000000, -4.000000000000000000 ) ) ;
#940 = VECTOR ( 'NONE', #1125, 1000.000000000000000 ) ;
#941 = VERTEX_POINT ( 'NONE', #2117 ) ;
#942 = VECTOR ( 'NONE', #924, 1000.000000000000000 ) ;
#943 = LINE ( 'NONE', #1253, #492 ) ;
#944 = VECTOR ( 'NONE', #2094, 1000.000000000000000 ) ;
#945 = DIRECTION ( 'NONE',  ( 1.000000000000000000, 0.000000000000000000, -8.673617379884037444E-16 ) ) ;
#946 = VECTOR ( 'NONE', #2098, 1000.000000000000000 ) ;
#947 = LINE ( 'NONE', #205, #669 ) ;
#948 = EDGE_CURVE ( 'NONE', #494, #147, #324, .T. ) ;
#949 = LINE ( 'NONE', #1658, #1285 ) ;
#950 = ORIENTED_EDGE ( 'NONE', *, *, #355, .F. ) ;
#951 = ORIENTED_EDGE ( 'NONE', *, *, #150, .F. ) ;
#952 = CARTESIAN_POINT ( 'NONE',  ( 37.00000000000019895, 10.00000000000000000, -77.00000000000000000 ) ) ;
#953 = DIRECTION ( 'NONE',  ( 0.000000000000000000, 1.000000000000000000, 0.000000000000000000 ) ) ;
#954 = FACE_OUTER_BOUND ( 'NONE', #278, .T. ) ;
#955 = EDGE_CURVE ( 'NONE', #1108, #857, #1598, .T. ) ;
#956 = DIRECTION ( 'NONE',  ( 1.000000000000000000, 0.000000000000000000, 0.000000000000000000 ) ) ;
#957 = CARTESIAN_POINT ( 'NONE',  ( 13.39999999999998259, 3.500000000000000444, -4.000000000000000000 ) ) ;
#958 = DIRECTION ( 'NONE',  ( 1.000000000000000000, -0.000000000000000000, -0.000000000000000000 ) ) ;
#959 = EDGE_CURVE ( 'NONE', #1760, #128, #1243, .T. ) ;
#960 = ORIENTED_EDGE ( 'NONE', *, *, #1245, .T. ) ;
#961 = ORIENTED_EDGE ( 'NONE', *, *, #1413, .F. ) ;
#962 = CARTESIAN_POINT ( 'NONE',  ( 37.00000000000009237, -6.500000000000000888, -93.00000000000000000 ) ) ;
#963 = CARTESIAN_POINT ( 'NONE',  ( 41.00000000000010658, 3.500000000000000444, -91.59999999999999432 ) ) ;
#964 = ORIENTED_EDGE ( 'NONE', *, *, #538, .T. ) ;
#965 = CARTESIAN_POINT ( 'NONE',  ( 0.000000000000000000, 3.500000000000000444, 0.000000000000000000 ) ) ;
#966 = CARTESIAN_POINT ( 'NONE',  ( 0.000000000000000000, 50.00000000000000000, -128.3600000000000136 ) ) ;
#967 = AXIS2_PLACEMENT_3D ( 'NONE', #2008, #213, #765 ) ;
#968 = LINE ( 'NONE', #1358, #374 ) ;
#969 = DIRECTION ( 'NONE',  ( -2.312964634635742957E-16, -0.000000000000000000, -1.000000000000000000 ) ) ;
#970 = VERTEX_POINT ( 'NONE', #535 ) ;
#971 = EDGE_CURVE ( 'NONE', #2134, #1753, #862, .T. ) ;
#972 = ORIENTED_EDGE ( 'NONE', *, *, #1560, .T. ) ;
#973 = DIRECTION ( 'NONE',  ( 1.000000000000000000, -0.000000000000000000, -0.000000000000000000 ) ) ;
#974 = VECTOR ( 'NONE', #631, 1000.000000000000000 ) ;
#975 = ORIENTED_EDGE ( 'NONE', *, *, #672, .T. ) ;
#976 = CARTESIAN_POINT ( 'NONE',  ( 37.00000000000009237, 10.00000000000000000, -93.00000000000000000 ) ) ;
#977 = VECTOR ( 'NONE', #1401, 1000.000000000000000 ) ;
#978 = DIRECTION ( 'NONE',  ( -0.000000000000000000, 0.000000000000000000, 1.000000000000000000 ) ) ;
#979 = VECTOR ( 'NONE', #2246, 1000.000000000000000 ) ;
#980 = CARTESIAN_POINT ( 'NONE',  ( 13.39999999999998259, 3.500000000000000444, 0.000000000000000000 ) ) ;
#981 = LINE ( 'NONE', #1520, #2252 ) ;
#982 = VERTEX_POINT ( 'NONE', #356 ) ;
#983 = EDGE_CURVE ( 'NONE', #650, #2284, #1053, .T. ) ;
#984 = EDGE_LOOP ( 'NONE', ( #452, #2308, #1728, #1738 ) ) ;
#985 = DIRECTION ( 'NONE',  ( -1.000000000000000000, 0.000000000000000000, -0.000000000000000000 ) ) ;
#986 = ORIENTED_EDGE ( 'NONE', *, *, #391, .T. ) ;
#987 = ADVANCED_FACE ( 'NONE', ( #2293 ), #690, .F. ) ;
#988 = LINE ( 'NONE', #1147, #1170 ) ;
#989 = CARTESIAN_POINT ( 'NONE',  ( 41.00000000000000000, 0.000000000000000000, -75.00000000000000000 ) ) ;
#990 = DIRECTION ( 'NONE',  ( 0.000000000000000000, 0.000000000000000000, -1.000000000000000000 ) ) ;
#991 = LINE ( 'NONE', #1677, #750 ) ;
#992 = DIRECTION ( 'NONE',  ( -1.000000000000000000, 0.000000000000000000, -1.156482317317870344E-15 ) ) ;
#993 = EDGE_LOOP ( 'NONE', ( #1120, #2234, #2124, #300 ) ) ;
#994 = ORIENTED_EDGE ( 'NONE', *, *, #1926, .T. ) ;
#995 = CARTESIAN_POINT ( 'NONE',  ( 18.00000000000000000, 10.00000000000000000, -76.76156825954063834 ) ) ;
#996 = EDGE_CURVE ( 'NONE', #301, #2038, #545, .T. ) ;
#997 = ORIENTED_EDGE ( 'NONE', *, *, #1960, .F. ) ;
#998 = CARTESIAN_POINT ( 'NONE',  ( 40.99999999999999289, 10.00000000000000000, -105.0000000000000000 ) ) ;
#999 = ORIENTED_EDGE ( 'NONE', *, *, #67, .F. ) ;
#1000 = EDGE_CURVE ( 'NONE', #27, #1046, #723, .T. ) ;
#1001 = CARTESIAN_POINT ( 'NONE',  ( 11.99999999999999822, -6.500000000000000888, -4.000000000000000000 ) ) ;
#1002 = CARTESIAN_POINT ( 'NONE',  ( 41.00000000000010658, 3.500000000000000444, -88.40000000000000568 ) ) ;
#1003 = DIRECTION ( 'NONE',  ( -0.000000000000000000, 0.000000000000000000, 1.000000000000000000 ) ) ;
#1004 = ORIENTED_EDGE ( 'NONE', *, *, #889, .F. ) ;
#1005 = AXIS2_PLACEMENT_3D ( 'NONE', #2235, #770, #103 ) ;
#1006 = EDGE_LOOP ( 'NONE', ( #2242, #1774, #1718, #1919 ) ) ;
#1007 = EDGE_CURVE ( 'NONE', #1938, #1211, #1814, .T. ) ;
#1008 = FACE_OUTER_BOUND ( 'NONE', #1309, .T. ) ;
#1009 = DIRECTION ( 'NONE',  ( 0.000000000000000000, -0.000000000000000000, -1.000000000000000000 ) ) ;
#1010 = ORIENTED_EDGE ( 'NONE', *, *, #2191, .F. ) ;
#1011 = PLANE ( 'NONE',  #1059 ) ;
#1012 = CARTESIAN_POINT ( 'NONE',  ( 8.000000000000000000, 0.000000000000000000, -7.000000000000000000 ) ) ;
#1013 = VECTOR ( 'NONE', #956, 1000.000000000000000 ) ;
#1014 = ORIENTED_EDGE ( 'NONE', *, *, #853, .T. ) ;
#1015 = CARTESIAN_POINT ( 'NONE',  ( 34.00000000000000000, 5.000000000000000000, 1.999999999999996669 ) ) ;
#1016 = VECTOR ( 'NONE', #1446, 1000.000000000000000 ) ;
#1017 = VECTOR ( 'NONE', #522, 1000.000000000000000 ) ;
#1018 = CARTESIAN_POINT ( 'NONE',  ( 18.00000000000000000, 10.00000000000000000, -15.00000000000000178 ) ) ;
#1019 = EDGE_CURVE ( 'NONE', #1464, #907, #1263, .T. ) ;
#1020 = EDGE_LOOP ( 'NONE', ( #964, #1476, #1417, #2249 ) ) ;
#1021 = VECTOR ( 'NONE', #1193, 1000.000000000000000 ) ;
#1022 = ORIENTED_EDGE ( 'NONE', *, *, #703, .T. ) ;
#1023 = LINE ( 'NONE', #1727, #1306 ) ;
#1024 = VECTOR ( 'NONE', #1820, 1000.000000000000000 ) ;
#1025 = CARTESIAN_POINT ( 'NONE',  ( 6.599999999999988987, 3.500000000000000444, 0.000000000000000000 ) ) ;
#1026 = ORIENTED_EDGE ( 'NONE', *, *, #1642, .T. ) ;
#1027 = CARTESIAN_POINT ( 'NONE',  ( 38.00000000000000000, 9.999999999999996447, 0.000000000000000000 ) ) ;
#1028 = CARTESIAN_POINT ( 'NONE',  ( 11.99999999999999822, 0.000000000000000000, -4.000000000000000000 ) ) ;
#1029 = EDGE_CURVE ( 'NONE', #982, #1225, #1105, .T. ) ;
#1030 = CARTESIAN_POINT ( 'NONE',  ( 37.00000000000009237, -6.500000000000000888, -87.00000000000000000 ) ) ;
#1031 = CARTESIAN_POINT ( 'NONE',  ( 40.99999999999999289, 50.00000000000000000, -120.3599999999999994 ) ) ;
#1032 = ORIENTED_EDGE ( 'NONE', *, *, #1094, .F. ) ;
#1033 = EDGE_LOOP ( 'NONE', ( #1583, #2023, #591, #1177 ) ) ;
#1034 = ADVANCED_FACE ( 'NONE', ( #2165 ), #398, .F. ) ;
#1035 = CARTESIAN_POINT ( 'NONE',  ( 16.59999999999998366, 10.00000000000000000, -4.000000000000000000 ) ) ;
#1036 = EDGE_LOOP ( 'NONE', ( #1237, #1061, #573, #1521, #2004, #2190, #632, #629 ) ) ;
#1037 = ORIENTED_EDGE ( 'NONE', *, *, #1775, .F. ) ;
#1038 = DIRECTION ( 'NONE',  ( -1.224646799147353454E-16, 0.000000000000000000, -1.000000000000000000 ) ) ;
#1039 = ORIENTED_EDGE ( 'NONE', *, *, #455, .T. ) ;
#1040 = CARTESIAN_POINT ( 'NONE',  ( 36.99999999999999289, 10.00000000000000000, -103.0000000000000000 ) ) ;
#1041 = PLANE ( 'NONE',  #1865 ) ;
#1042 = CARTESIAN_POINT ( 'NONE',  ( 27.99999999999999645, -6.500000000000000888, -4.000000000000000000 ) ) ;
#1043 = ORIENTED_EDGE ( 'NONE', *, *, #355, .T. ) ;
#1044 = DIRECTION ( 'NONE',  ( 1.000000000000000000, 0.000000000000000000, 0.000000000000000000 ) ) ;
#1045 = LINE ( 'NONE', #491, #1195 ) ;
#1046 = VERTEX_POINT ( 'NONE', #925 ) ;
#1047 = EDGE_LOOP ( 'NONE', ( #123, #1026, #1944, #1239 ) ) ;
#1048 = CARTESIAN_POINT ( 'NONE',  ( 26.59999999999998010, 3.500000000000000444, 0.000000000000000000 ) ) ;
#1049 = ORIENTED_EDGE ( 'NONE', *, *, #1603, .T. ) ;
#1050 = EDGE_CURVE ( 'NONE', #69, #2151, #1789, .T. ) ;
#1051 = DIRECTION ( 'NONE',  ( -1.000000000000000000, 0.000000000000000000, -0.000000000000000000 ) ) ;
#1052 = LINE ( 'NONE', #2303, #1247 ) ;
#1053 = LINE ( 'NONE', #1724, #339 ) ;
#1054 = LINE ( 'NONE', #197, #1915 ) ;
#1055 = CIRCLE ( 'NONE', #39, 15.00000000000000000 ) ;
#1056 = ORIENTED_EDGE ( 'NONE', *, *, #2091, .F. ) ;
#1057 = ORIENTED_EDGE ( 'NONE', *, *, #1310, .F. ) ;
#1058 = LINE ( 'NONE', #1072, #1991 ) ;
#1059 = AXIS2_PLACEMENT_3D ( 'NONE', #1027, #1364, #295 ) ;
#1060 = EDGE_CURVE ( 'NONE', #1132, #315, #365, .T. ) ;
#1061 = ORIENTED_EDGE ( 'NONE', *, *, #1066, .T. ) ;
#1062 = CARTESIAN_POINT ( 'NONE',  ( 34.00000000000019185, -6.500000000000000888, -77.00000000000000000 ) ) ;
#1063 = AXIS2_PLACEMENT_3D ( 'NONE', #1963, #1792, #700 ) ;
#1064 = CARTESIAN_POINT ( 'NONE',  ( 40.99999999999999289, 10.00000000000000000, -101.5999999999999943 ) ) ;
#1065 = ORIENTED_EDGE ( 'NONE', *, *, #2041, .F. ) ;
#1066 = EDGE_CURVE ( 'NONE', #1335, #1556, #13, .T. ) ;
#1067 = DIRECTION ( 'NONE',  ( -1.000000000000000000, -0.000000000000000000, -0.000000000000000000 ) ) ;
#1068 = LINE ( 'NONE', #1927, #526 ) ;
#1069 = DIRECTION ( 'NONE',  ( -0.000000000000000000, 1.000000000000000000, -0.000000000000000000 ) ) ;
#1070 = ORIENTED_EDGE ( 'NONE', *, *, #2078, .T. ) ;
#1071 = EDGE_LOOP ( 'NONE', ( #1772, #229, #1456, #736 ) ) ;
#1072 = CARTESIAN_POINT ( 'NONE',  ( 70.00000000000000000, 0.000000000000000000, -75.00000000000000000 ) ) ;
#1073 = ORIENTED_EDGE ( 'NONE', *, *, #1435, .T. ) ;
#1074 = ORIENTED_EDGE ( 'NONE', *, *, #1487, .T. ) ;
#1075 = EDGE_CURVE ( 'NONE', #430, #1084, #194, .T. ) ;
#1076 = CARTESIAN_POINT ( 'NONE',  ( 41.00000000000000000, 3.500000000000000444, -101.5999999999999943 ) ) ;
#1077 = EDGE_CURVE ( 'NONE', #1725, #69, #562, .T. ) ;
#1078 = FACE_OUTER_BOUND ( 'NONE', #984, .T. ) ;
#1079 = EDGE_CURVE ( 'NONE', #2313, #1680, #32, .T. ) ;
#1080 = APPLICATION_CONTEXT ( 'automotive_design' ) ;
#1081 = LINE ( 'NONE', #2157, #115 ) ;
#1082 = CARTESIAN_POINT ( 'NONE',  ( 34.00000000000008527, 10.00000000000000000, -87.00000000000000000 ) ) ;
#1083 = VERTEX_POINT ( 'NONE', #377 ) ;
#1084 = VERTEX_POINT ( 'NONE', #23 ) ;
#1085 = FACE_OUTER_BOUND ( 'NONE', #794, .T. ) ;
#1086 = DIRECTION ( 'NONE',  ( 0.000000000000000000, 0.000000000000000000, 1.000000000000000000 ) ) ;
#1087 = LINE ( 'NONE', #202, #1393 ) ;
#1088 = AXIS2_PLACEMENT_3D ( 'NONE', #615, #1325, #2034 ) ;
#1089 = CARTESIAN_POINT ( 'NONE',  ( 37.00000000000009237, 3.500000000000000444, -91.59999999999999432 ) ) ;
#1090 = CARTESIAN_POINT ( 'NONE',  ( 22.00000000000000000, 10.00000000000000000, -4.000000000000000000 ) ) ;
#1091 = LINE ( 'NONE', #2000, #590 ) ;
#1092 = LINE ( 'NONE', #2294, #495 ) ;
#1093 = LINE ( 'NONE', #381, #1761 ) ;
#1094 = EDGE_CURVE ( 'NONE', #563, #433, #1288, .T. ) ;
#1095 = AXIS2_PLACEMENT_3D ( 'NONE', #718, #2153, #2184 ) ;
#1096 = VECTOR ( 'NONE', #811, 1000.000000000000000 ) ;
#1097 = ORIENTED_EDGE ( 'NONE', *, *, #1608, .F. ) ;
#1098 = ORIENTED_EDGE ( 'NONE', *, *, #571, .F. ) ;
#1099 = CARTESIAN_POINT ( 'NONE',  ( 34.00000000000008527, 0.000000000000000000, -87.00000000000000000 ) ) ;
#1100 = VECTOR ( 'NONE', #1934, 1000.000000000000000 ) ;
#1101 = DIRECTION ( 'NONE',  ( -0.000000000000000000, 0.000000000000000000, 1.000000000000000000 ) ) ;
#1102 = AXIS2_PLACEMENT_3D ( 'NONE', #888, #1449, #2132 ) ;
#1103 = CARTESIAN_POINT ( 'NONE',  ( 36.99999999999999289, 10.00000000000000000, -96.99999999999998579 ) ) ;
#1104 = EDGE_CURVE ( 'NONE', #128, #477, #1804, .T. ) ;
#1105 = LINE ( 'NONE', #556, #715 ) ;
#1106 = LINE ( 'NONE', #226, #478 ) ;
#1107 = DIRECTION ( 'NONE',  ( -1.156482317317870344E-15, -0.000000000000000000, 1.000000000000000000 ) ) ;
#1108 = VERTEX_POINT ( 'NONE', #1298 ) ;
#1109 = ADVANCED_FACE ( 'NONE', ( #2007 ), #1307, .F. ) ;
#1110 = VERTEX_POINT ( 'NONE', #1483 ) ;
#1111 = ORIENTED_EDGE ( 'NONE', *, *, #853, .F. ) ;
#1112 = DIRECTION ( 'NONE',  ( -0.000000000000000000, 1.000000000000000000, -0.000000000000000000 ) ) ;
#1113 = DIRECTION ( 'NONE',  ( 1.000000000000000000, 0.000000000000000000, 0.000000000000000000 ) ) ;
#1114 = CARTESIAN_POINT ( 'NONE',  ( 36.50000000000000711, 5.000000000000000000, 1.999999999999996669 ) ) ;
#1115 = DIRECTION ( 'NONE',  ( 0.000000000000000000, 0.000000000000000000, -1.000000000000000000 ) ) ;
#1116 = ADVANCED_BREP_SHAPE_REPRESENTATION ( 'j1_3', ( #1912, #441 ), #1673 ) ;
#1117 = EDGE_LOOP ( 'NONE', ( #1073, #2160, #854, #55 ) ) ;
#1118 = ORIENTED_EDGE ( 'NONE', *, *, #1229, .F. ) ;
#1119 = FACE_OUTER_BOUND ( 'NONE', #795, .T. ) ;
#1120 = ORIENTED_EDGE ( 'NONE', *, *, #1104, .F. ) ;
#1121 = ORIENTED_EDGE ( 'NONE', *, *, #654, .T. ) ;
#1122 = EDGE_CURVE ( 'NONE', #1568, #1265, #50, .T. ) ;
#1123 = CARTESIAN_POINT ( 'NONE',  ( 70.00000000000000000, 0.000000000000000000, -54.99999999999999289 ) ) ;
#1124 = AXIS2_PLACEMENT_3D ( 'NONE', #290, #1557, #680 ) ;
#1125 = DIRECTION ( 'NONE',  ( -0.000000000000000000, 1.000000000000000000, -0.000000000000000000 ) ) ;
#1126 = CARTESIAN_POINT ( 'NONE',  ( 38.00000000000000000, 9.999999999999996447, -8.000000000000000000 ) ) ;
#1127 = VERTEX_POINT ( 'NONE', #2195 ) ;
#1128 = EDGE_LOOP ( 'NONE', ( #2115, #1039, #638, #1842 ) ) ;
#1129 = EDGE_CURVE ( 'NONE', #528, #941, #1081, .T. ) ;
#1130 = DIRECTION ( 'NONE',  ( 0.000000000000000000, 0.000000000000000000, -1.000000000000000000 ) ) ;
#1131 = AXIS2_PLACEMENT_3D ( 'NONE', #1935, #334, #1622 ) ;
#1132 = VERTEX_POINT ( 'NONE', #900 ) ;
#1133 = VERTEX_POINT ( 'NONE', #1090 ) ;
#1134 = VECTOR ( 'NONE', #785, 1000.000000000000000 ) ;
#1135 = LINE ( 'NONE', #800, #2063 ) ;
#1136 = VECTOR ( 'NONE', #656, 1000.000000000000000 ) ;
#1137 = ADVANCED_FACE ( 'NONE', ( #614 ), #1688, .F. ) ;
#1138 = CARTESIAN_POINT ( 'NONE',  ( 13.39999999999998259, 3.500000000000000444, 0.000000000000000000 ) ) ;
#1139 = VECTOR ( 'NONE', #490, 1000.000000000000000 ) ;
#1140 = CARTESIAN_POINT ( 'NONE',  ( 26.59999999999998010, 10.00000000000000000, 0.000000000000000000 ) ) ;
#1141 = ORIENTED_EDGE ( 'NONE', *, *, #1276, .F. ) ;
#1142 = ORIENTED_EDGE ( 'NONE', *, *, #948, .T. ) ;
#1143 = CARTESIAN_POINT ( 'NONE',  ( 37.00000000000009237, 10.00000000000000000, -87.00000000000000000 ) ) ;
#1144 = CARTESIAN_POINT ( 'NONE',  ( 27.99999999999999645, 10.00000000000000000, -4.000000000000000000 ) ) ;
#1145 = ADVANCED_FACE ( 'NONE', ( #437 ), #1507, .F. ) ;
#1146 = ORIENTED_EDGE ( 'NONE', *, *, #1440, .F. ) ;
#1147 = CARTESIAN_POINT ( 'NONE',  ( 11.99999999999999822, -6.500000000000000888, -7.000000000000000000 ) ) ;
#1148 = LINE ( 'NONE', #824, #1013 ) ;
#1149 = EDGE_CURVE ( 'NONE', #2049, #705, #1856, .T. ) ;
#1150 = EDGE_LOOP ( 'NONE', ( #1043, #481, #1692, #5 ) ) ;
#1151 = DIRECTION ( 'NONE',  ( -0.000000000000000000, -0.000000000000000000, -1.000000000000000000 ) ) ;
#1152 = EDGE_LOOP ( 'NONE', ( #997, #1196, #1329, #326 ) ) ;
#1153 = ORIENTED_EDGE ( 'NONE', *, *, #1899, .T. ) ;
#1154 = FACE_OUTER_BOUND ( 'NONE', #1584, .T. ) ;
#1155 = ORIENTED_EDGE ( 'NONE', *, *, #2155, .F. ) ;
#1156 = DIRECTION ( 'NONE',  ( -0.000000000000000000, 1.000000000000000000, -0.000000000000000000 ) ) ;
#1157 = CARTESIAN_POINT ( 'NONE',  ( 0.000000000000000000, -0.000000000000000000, -77.00000000000000000 ) ) ;
#1158 = SHAPE_DEFINITION_REPRESENTATION ( #894, #1116 ) ;
#1159 = AXIS2_PLACEMENT_3D ( 'NONE', #408, #1130, #985 ) ;
#1160 = DIRECTION ( 'NONE',  ( -0.000000000000000000, 1.000000000000000000, -0.000000000000000000 ) ) ;
#1161 = VERTEX_POINT ( 'NONE', #2230 ) ;
#1162 = VERTEX_POINT ( 'NONE', #2033 ) ;
#1163 = EDGE_CURVE ( 'NONE', #817, #1809, #1343, .T. ) ;
#1164 = CARTESIAN_POINT ( 'NONE',  ( 11.99999999999999822, 10.00000000000000000, -4.000000000000000000 ) ) ;
#1165 = FACE_OUTER_BOUND ( 'NONE', #1311, .T. ) ;
#1166 = AXIS2_PLACEMENT_3D ( 'NONE', #561, #361, #541 ) ;
#1167 = EDGE_LOOP ( 'NONE', ( #1705, #1617, #1513, #2222 ) ) ;
#1168 = CARTESIAN_POINT ( 'NONE',  ( 22.00000000000000000, -6.500000000000000888, -7.000000000000000000 ) ) ;
#1169 = VECTOR ( 'NONE', #2072, 1000.000000000000000 ) ;
#1170 = VECTOR ( 'NONE', #1526, 1000.000000000000000 ) ;
#1171 = CARTESIAN_POINT ( 'NONE',  ( 11.99999999999999822, -6.500000000000000888, -4.000000000000000000 ) ) ;
#1172 = AXIS2_PLACEMENT_3D ( 'NONE', #1943, #2275, #686 ) ;
#1173 = EDGE_CURVE ( 'NONE', #1874, #1256, #1495, .T. ) ;
#1174 = VECTOR ( 'NONE', #1657, 1000.000000000000000 ) ;
#1175 = CARTESIAN_POINT ( 'NONE',  ( 40.99999999999999289, 0.000000000000000000, -128.3600000000000136 ) ) ;
#1176 = CARTESIAN_POINT ( 'NONE',  ( 70.00000000000000000, 0.000000000000000000, -75.00000000000000000 ) ) ;
#1177 = ORIENTED_EDGE ( 'NONE', *, *, #2026, .F. ) ;
#1178 = VERTEX_POINT ( 'NONE', #1332 ) ;
#1179 = DIRECTION ( 'NONE',  ( 0.000000000000000000, -0.000000000000000000, -1.000000000000000000 ) ) ;
#1180 = ORIENTED_EDGE ( 'NONE', *, *, #1271, .F. ) ;
#1181 = FACE_OUTER_BOUND ( 'NONE', #1442, .T. ) ;
#1182 = FACE_OUTER_BOUND ( 'NONE', #2273, .T. ) ;
#1183 = CYLINDRICAL_SURFACE ( 'NONE', #1910, 2.500000000000002220 ) ;
#1184 = CARTESIAN_POINT ( 'NONE',  ( 27.99999999999999645, 0.000000000000000000, 0.000000000000000000 ) ) ;
#1185 = VERTEX_POINT ( 'NONE', #2044 ) ;
#1186 = VERTEX_POINT ( 'NONE', #2239 ) ;
#1187 = DIRECTION ( 'NONE',  ( 0.000000000000000000, 0.000000000000000000, -1.000000000000000000 ) ) ;
#1188 = ORIENTED_EDGE ( 'NONE', *, *, #121, .F. ) ;
#1189 = PLANE ( 'NONE',  #1172 ) ;
#1190 = EDGE_CURVE ( 'NONE', #1225, #107, #1148, .T. ) ;
#1191 = DIRECTION ( 'NONE',  ( 1.000000000000000000, -0.000000000000000000, -0.000000000000000000 ) ) ;
#1192 = DIRECTION ( 'NONE',  ( 1.000000000000000000, 0.000000000000000000, -1.224646799147353454E-16 ) ) ;
#1193 = DIRECTION ( 'NONE',  ( 0.000000000000000000, 0.000000000000000000, -1.000000000000000000 ) ) ;
#1194 = ORIENTED_EDGE ( 'NONE', *, *, #239, .T. ) ;
#1195 = VECTOR ( 'NONE', #1372, 1000.000000000000000 ) ;
#1196 = ORIENTED_EDGE ( 'NONE', *, *, #543, .T. ) ;
#1197 = CARTESIAN_POINT ( 'NONE',  ( 9.797174393178825657E-16, 50.00000000000000000, -120.3599999999999994 ) ) ;
#1198 = PLANE ( 'NONE',  #1870 ) ;
#1199 = ADVANCED_FACE ( 'NONE', ( #1182 ), #98, .F. ) ;
#1200 = EDGE_LOOP ( 'NONE', ( #403, #1070, #1405, #279 ) ) ;
#1201 = LINE ( 'NONE', #846, #567 ) ;
#1202 = ORIENTED_EDGE ( 'NONE', *, *, #1235, .T. ) ;
#1203 = CARTESIAN_POINT ( 'NONE',  ( 26.59999999999998010, 3.500000000000000444, 0.000000000000000000 ) ) ;
#1204 = EDGE_CURVE ( 'NONE', #430, #428, #258, .T. ) ;
#1205 = VECTOR ( 'NONE', #1447, 1000.000000000000000 ) ;
#1206 = DIRECTION ( 'NONE',  ( 1.224646799147351975E-16, 0.000000000000000000, 1.000000000000000000 ) ) ;
#1207 = AXIS2_PLACEMENT_3D ( 'NONE', #934, #912, #1457 ) ;
#1208 = CARTESIAN_POINT ( 'NONE',  ( 37.00000000000009237, 10.00000000000000000, -87.00000000000000000 ) ) ;
#1209 = ORIENTED_EDGE ( 'NONE', *, *, #217, .T. ) ;
#1210 = VECTOR ( 'NONE', #1878, 1000.000000000000000 ) ;
#1211 = VERTEX_POINT ( 'NONE', #1707 ) ;
#1212 = LINE ( 'NONE', #2280, #159 ) ;
#1213 = LINE ( 'NONE', #1566, #401 ) ;
#1214 = CARTESIAN_POINT ( 'NONE',  ( 30.00000000000000000, 10.00000000000000000, -34.99999999999999289 ) ) ;
#1215 = ORIENTED_EDGE ( 'NONE', *, *, #1972, .F. ) ;
#1216 = DIRECTION ( 'NONE',  ( -1.000000000000000000, 0.000000000000000000, 0.000000000000000000 ) ) ;
#1217 = CARTESIAN_POINT ( 'NONE',  ( 26.59999999999998010, 3.500000000000000444, 0.000000000000000000 ) ) ;
#1218 = FACE_OUTER_BOUND ( 'NONE', #2267, .T. ) ;
#1219 = CARTESIAN_POINT ( 'NONE',  ( 41.00000000000000000, 10.00000000000000000, -98.40000000000000568 ) ) ;
#1220 = ORIENTED_EDGE ( 'NONE', *, *, #714, .T. ) ;
#1221 = CARTESIAN_POINT ( 'NONE',  ( 33.99999999999998579, 10.00000000000000000, -103.0000000000000000 ) ) ;
#1222 = EDGE_CURVE ( 'NONE', #17, #1232, #802, .T. ) ;
#1223 = DIRECTION ( 'NONE',  ( -0.000000000000000000, 0.000000000000000000, 1.000000000000000000 ) ) ;
#1224 = VERTEX_POINT ( 'NONE', #966 ) ;
#1225 = VERTEX_POINT ( 'NONE', #989 ) ;
#1226 = DIRECTION ( 'NONE',  ( 2.312964634635742957E-16, 0.000000000000000000, 1.000000000000000000 ) ) ;
#1227 = CARTESIAN_POINT ( 'NONE',  ( 34.00000000000000000, 5.000000000000000000, 0.000000000000000000 ) ) ;
#1228 = LINE ( 'NONE', #875, #1100 ) ;
#1229 = EDGE_CURVE ( 'NONE', #37, #477, #1987, .T. ) ;
#1230 = CARTESIAN_POINT ( 'NONE',  ( 37.00000000000019895, 10.00000000000000000, -77.00000000000000000 ) ) ;
#1231 = CARTESIAN_POINT ( 'NONE',  ( 0.000000000000000000, -0.000000000000000000, -4.000000000000000000 ) ) ;
#1232 = VERTEX_POINT ( 'NONE', #2068 ) ;
#1233 = CARTESIAN_POINT ( 'NONE',  ( 18.00000000000000000, -6.500000000000000888, -4.000000000000000000 ) ) ;
#1234 = CARTESIAN_POINT ( 'NONE',  ( 33.99999999999997868, 10.00000000000000000, -96.99999999999998579 ) ) ;
#1235 = EDGE_CURVE ( 'NONE', #524, #2313, #458, .T. ) ;
#1236 = ORIENTED_EDGE ( 'NONE', *, *, #198, .T. ) ;
#1237 = ORIENTED_EDGE ( 'NONE', *, *, #1957, .T. ) ;
#1238 = CARTESIAN_POINT ( 'NONE',  ( 2.000000000000000000, 0.000000000000000000, -4.000000000000000000 ) ) ;
#1239 = ORIENTED_EDGE ( 'NONE', *, *, #1066, .F. ) ;
#1240 = CARTESIAN_POINT ( 'NONE',  ( 9.797174393178825657E-16, 50.00000000000000000, -120.3599999999999994 ) ) ;
#1241 = DIRECTION ( 'NONE',  ( 0.000000000000000000, 0.000000000000000000, -1.000000000000000000 ) ) ;
#1242 = DIRECTION ( 'NONE',  ( -0.000000000000000000, 1.000000000000000000, -0.000000000000000000 ) ) ;
#1243 = CIRCLE ( 'NONE', #1645, 2.500000000000002220 ) ;
#1244 = ORIENTED_EDGE ( 'NONE', *, *, #776, .T. ) ;
#1245 = EDGE_CURVE ( 'NONE', #477, #37, #530, .T. ) ;
#1246 = ORIENTED_EDGE ( 'NONE', *, *, #232, .T. ) ;
#1247 = VECTOR ( 'NONE', #698, 1000.000000000000000 ) ;
#1248 = VERTEX_POINT ( 'NONE', #1665 ) ;
#1249 = LINE ( 'NONE', #1627, #1356 ) ;
#1250 = CIRCLE ( 'NONE', #2148, 3.000000000000000888 ) ;
#1251 =( NAMED_UNIT ( * ) SI_UNIT ( $, .STERADIAN. ) SOLID_ANGLE_UNIT ( ) );
#1252 = ORIENTED_EDGE ( 'NONE', *, *, #776, .F. ) ;
#1253 = CARTESIAN_POINT ( 'NONE',  ( 37.00000000000021316, 3.500000000000000444, -81.60000000000000853 ) ) ;
#1254 = DIRECTION ( 'NONE',  ( -4.898587196589413692E-17, -0.000000000000000000, 1.000000000000000000 ) ) ;
#1255 = CARTESIAN_POINT ( 'NONE',  ( 11.99999999999999645, -6.000000000000000000, -76.76156825954063834 ) ) ;
#1256 = VERTEX_POINT ( 'NONE', #63 ) ;
#1257 = ORIENTED_EDGE ( 'NONE', *, *, #2071, .F. ) ;
#1258 = ORIENTED_EDGE ( 'NONE', *, *, #2154, .F. ) ;
#1259 = DIRECTION ( 'NONE',  ( -0.000000000000000000, 1.000000000000000000, -0.000000000000000000 ) ) ;
#1260 = CARTESIAN_POINT ( 'NONE',  ( 41.00000000000010658, 3.500000000000000444, -88.40000000000000568 ) ) ;
#1261 = LINE ( 'NONE', #1971, #304 ) ;
#1262 = EDGE_CURVE ( 'NONE', #2295, #1816, #415, .T. ) ;
#1263 = LINE ( 'NONE', #1458, #1205 ) ;
#1264 = CARTESIAN_POINT ( 'NONE',  ( 16.59999999999998366, 3.500000000000000444, -4.000000000000000000 ) ) ;
#1265 = VERTEX_POINT ( 'NONE', #1835 ) ;
#1266 = VERTEX_POINT ( 'NONE', #773 ) ;
#1267 = CARTESIAN_POINT ( 'NONE',  ( 41.00000000000021316, 3.500000000000000444, -81.60000000000000853 ) ) ;
#1268 = AXIS2_PLACEMENT_3D ( 'NONE', #1689, #1496, #1333 ) ;
#1269 = CARTESIAN_POINT ( 'NONE',  ( 37.00000000000019895, 0.000000000000000000, 0.000000000000000000 ) ) ;
#1270 = CARTESIAN_POINT ( 'NONE',  ( 9.797174393178825657E-16, 25.00000000000000000, -120.3599999999999994 ) ) ;
#1271 = EDGE_CURVE ( 'NONE', #1749, #1938, #601, .T. ) ;
#1272 = CARTESIAN_POINT ( 'NONE',  ( 0.000000000000000000, 0.000000000000000000, -103.0000000000000000 ) ) ;
#1273 = DIRECTION ( 'NONE',  ( -0.000000000000000000, 0.000000000000000000, 1.000000000000000000 ) ) ;
#1274 = CARTESIAN_POINT ( 'NONE',  ( 18.00000000000000000, 0.000000000000000000, -76.76156825954063834 ) ) ;
#1275 = LINE ( 'NONE', #1082, #2213 ) ;
#1276 = EDGE_CURVE ( 'NONE', #56, #644, #247, .T. ) ;
#1277 = DIRECTION ( 'NONE',  ( 1.000000000000000000, 0.000000000000000000, 0.000000000000000000 ) ) ;
#1278 = VECTOR ( 'NONE', #744, 1000.000000000000000 ) ;
#1279 = VECTOR ( 'NONE', #1664, 1000.000000000000000 ) ;
#1280 = ORIENTED_EDGE ( 'NONE', *, *, #2026, .T. ) ;
#1281 = VERTEX_POINT ( 'NONE', #132 ) ;
#1282 = SURFACE_STYLE_FILL_AREA ( #1978 ) ;
#1283 = AXIS2_PLACEMENT_3D ( 'NONE', #2089, #1716, #1038 ) ;
#1284 = LINE ( 'NONE', #231, #534 ) ;
#1285 = VECTOR ( 'NONE', #1498, 1000.000000000000000 ) ;
#1286 = EDGE_LOOP ( 'NONE', ( #1118, #847 ) ) ;
#1287 = CARTESIAN_POINT ( 'NONE',  ( 0.000000000000000000, 10.00000000000000000, 0.000000000000000000 ) ) ;
#1288 = LINE ( 'NONE', #1998, #679 ) ;
#1289 = LINE ( 'NONE', #1140, #1936 ) ;
#1290 = CARTESIAN_POINT ( 'NONE',  ( 41.00000000000021316, 3.500000000000000444, -78.40000000000000568 ) ) ;
#1291 = DIRECTION ( 'NONE',  ( -0.000000000000000000, 0.000000000000000000, 1.000000000000000000 ) ) ;
#1292 = ORIENTED_EDGE ( 'NONE', *, *, #1235, .F. ) ;
#1293 = EDGE_CURVE ( 'NONE', #1490, #1882, #1597, .T. ) ;
#1294 = DIRECTION ( 'NONE',  ( -0.000000000000000000, -0.000000000000000000, -1.000000000000000000 ) ) ;
#1295 = CARTESIAN_POINT ( 'NONE',  ( 37.00000000000009237, 10.00000000000000000, -87.00000000000000000 ) ) ;
#1296 = ORIENTED_EDGE ( 'NONE', *, *, #1615, .T. ) ;
#1297 = DIRECTION ( 'NONE',  ( -0.000000000000000000, 1.000000000000000000, -0.000000000000000000 ) ) ;
#1298 = CARTESIAN_POINT ( 'NONE',  ( 27.99999999999999645, -0.000000000000000000, -4.000000000000000000 ) ) ;
#1299 = CARTESIAN_POINT ( 'NONE',  ( 41.00000000000000000, 3.500000000000000444, -98.40000000000000568 ) ) ;
#1300 = ADVANCED_FACE ( 'NONE', ( #158, #310 ), #1412, .T. ) ;
#1301 = ORIENTED_EDGE ( 'NONE', *, *, #1676, .F. ) ;
#1302 = ORIENTED_EDGE ( 'NONE', *, *, #1840, .F. ) ;
#1303 = DIRECTION ( 'NONE',  ( -1.000000000000000000, 0.000000000000000000, 0.000000000000000000 ) ) ;
#1304 = EDGE_CURVE ( 'NONE', #2228, #1529, #2128, .T. ) ;
#1305 = DIRECTION ( 'NONE',  ( -1.000000000000000000, 0.000000000000000000, -0.000000000000000000 ) ) ;
#1306 = VECTOR ( 'NONE', #1223, 1000.000000000000000 ) ;
#1307 = PLANE ( 'NONE',  #80 ) ;
#1308 = DIRECTION ( 'NONE',  ( 1.000000000000000000, 0.000000000000000000, 0.000000000000000000 ) ) ;
#1309 = EDGE_LOOP ( 'NONE', ( #523, #852, #2074, #2064 ) ) ;
#1310 = EDGE_CURVE ( 'NONE', #1879, #2095, #120, .T. ) ;
#1311 = EDGE_LOOP ( 'NONE', ( #783, #2203, #142, #2120 ) ) ;
#1312 = VECTOR ( 'NONE', #2171, 1000.000000000000000 ) ;
#1313 = APPLICATION_CONTEXT ( 'automotive_design' ) ;
#1314 = LINE ( 'NONE', #423, #974 ) ;
#1315 = VECTOR ( 'NONE', #1367, 1000.000000000000000 ) ;
#1316 = ORIENTED_EDGE ( 'NONE', *, *, #1445, .F. ) ;
#1317 = ORIENTED_EDGE ( 'NONE', *, *, #571, .T. ) ;
#1318 = VECTOR ( 'NONE', #246, 1000.000000000000000 ) ;
#1319 = VECTOR ( 'NONE', #1986, 1000.000000000000000 ) ;
#1320 = LINE ( 'NONE', #623, #1503 ) ;
#1321 = AXIS2_PLACEMENT_3D ( 'NONE', #173, #25, #357 ) ;
#1322 = EDGE_CURVE ( 'NONE', #1669, #929, #1587, .T. ) ;
#1323 = CARTESIAN_POINT ( 'NONE',  ( 30.00000000000000000, 9.999999999999996447, -8.000000000000000000 ) ) ;
#1324 = VECTOR ( 'NONE', #77, 1000.000000000000000 ) ;
#1325 = DIRECTION ( 'NONE',  ( -1.000000000000000000, 0.000000000000000000, -0.000000000000000000 ) ) ;
#1326 = ORIENTED_EDGE ( 'NONE', *, *, #1845, .T. ) ;
#1327 = CARTESIAN_POINT ( 'NONE',  ( 8.000000000000000000, 10.00000000000000000, -4.000000000000000000 ) ) ;
#1328 = ORIENTED_EDGE ( 'NONE', *, *, #876, .F. ) ;
#1329 = ORIENTED_EDGE ( 'NONE', *, *, #646, .T. ) ;
#1330 = CARTESIAN_POINT ( 'NONE',  ( 40.99999999999999289, 25.00000000000000000, -120.3599999999999994 ) ) ;
#1331 = CARTESIAN_POINT ( 'NONE',  ( 0.000000000000000000, 0.000000000000000000, 0.000000000000000000 ) ) ;
#1332 = CARTESIAN_POINT ( 'NONE',  ( 37.00000000000010658, 3.500000000000000444, -88.40000000000000568 ) ) ;
#1333 = DIRECTION ( 'NONE',  ( 0.000000000000000000, 0.000000000000000000, -1.000000000000000000 ) ) ;
#1334 = EDGE_CURVE ( 'NONE', #1760, #37, #1925, .T. ) ;
#1335 = VERTEX_POINT ( 'NONE', #1028 ) ;
#1336 = CARTESIAN_POINT ( 'NONE',  ( 30.00000000000000000, 10.00000000000000000, -54.99999999999999289 ) ) ;
#1337 = DIRECTION ( 'NONE',  ( 0.000000000000000000, 0.000000000000000000, 1.000000000000000000 ) ) ;
#1338 = ORIENTED_EDGE ( 'NONE', *, *, #2056, .F. ) ;
#1339 = ORIENTED_EDGE ( 'NONE', *, *, #1608, .T. ) ;
#1340 = CARTESIAN_POINT ( 'NONE',  ( 40.99999999999999289, 25.00000000000000000, -120.3599999999999994 ) ) ;
#1341 = CARTESIAN_POINT ( 'NONE',  ( 23.39999999999998082, 10.00000000000000000, -4.000000000000000000 ) ) ;
#1342 = LINE ( 'NONE', #444, #1134 ) ;
#1343 = LINE ( 'NONE', #1527, #676 ) ;
#1344 = APPLICATION_PROTOCOL_DEFINITION ( 'draft international standard', 'automotive_design', 1998, #1080 ) ;
#1345 = ADVANCED_FACE ( 'NONE', ( #322 ), #296, .F. ) ;
#1346 = CARTESIAN_POINT ( 'NONE',  ( 26.59999999999998010, 3.500000000000000444, -4.000000000000000000 ) ) ;
#1347 = ORIENTED_EDGE ( 'NONE', *, *, #1640, .F. ) ;
#1348 = ORIENTED_EDGE ( 'NONE', *, *, #1972, .T. ) ;
#1349 = DIRECTION ( 'NONE',  ( 0.000000000000000000, 0.000000000000000000, -1.000000000000000000 ) ) ;
#1350 = DIRECTION ( 'NONE',  ( 0.000000000000000000, 0.000000000000000000, 1.000000000000000000 ) ) ;
#1351 = VERTEX_POINT ( 'NONE', #1012 ) ;
#1352 = CARTESIAN_POINT ( 'NONE',  ( 37.00000000000019895, 10.00000000000000000, -81.60000000000000853 ) ) ;
#1353 = VECTOR ( 'NONE', #1254, 1000.000000000000000 ) ;
#1354 = AXIS2_PLACEMENT_3D ( 'NONE', #577, #1297, #397 ) ;
#1355 = DIRECTION ( 'NONE',  ( -1.000000000000000000, 0.000000000000000000, 0.000000000000000000 ) ) ;
#1356 = VECTOR ( 'NONE', #370, 1000.000000000000000 ) ;
#1357 = VECTOR ( 'NONE', #630, 1000.000000000000000 ) ;
#1358 = CARTESIAN_POINT ( 'NONE',  ( 3.399999999999986144, 3.500000000000000444, 0.000000000000000000 ) ) ;
#1359 = ORIENTED_EDGE ( 'NONE', *, *, #1362, .F. ) ;
#1360 = FACE_OUTER_BOUND ( 'NONE', #581, .T. ) ;
#1361 = PLANE ( 'NONE',  #378 ) ;
#1362 = EDGE_CURVE ( 'NONE', #1265, #2109, #1730, .T. ) ;
#1363 = ORIENTED_EDGE ( 'NONE', *, *, #1334, .F. ) ;
#1364 = DIRECTION ( 'NONE',  ( 1.000000000000000000, 0.000000000000000000, 0.000000000000000000 ) ) ;
#1365 = DIRECTION ( 'NONE',  ( -1.000000000000000000, 0.000000000000000000, 0.000000000000000000 ) ) ;
#1366 = DIRECTION ( 'NONE',  ( -0.000000000000000000, 1.000000000000000000, -0.000000000000000000 ) ) ;
#1367 = DIRECTION ( 'NONE',  ( -1.156482317317870344E-15, -0.000000000000000000, 1.000000000000000000 ) ) ;
#1368 = DIRECTION ( 'NONE',  ( 1.000000000000000000, 0.000000000000000000, 0.000000000000000000 ) ) ;
#1369 = ORIENTED_EDGE ( 'NONE', *, *, #483, .T. ) ;
#1370 = EDGE_CURVE ( 'NONE', #586, #1281, #143, .T. ) ;
#1371 = ORIENTED_EDGE ( 'NONE', *, *, #543, .F. ) ;
#1372 = DIRECTION ( 'NONE',  ( -2.312964634635742957E-16, -0.000000000000000000, -1.000000000000000000 ) ) ;
#1373 = ORIENTED_EDGE ( 'NONE', *, *, #1484, .T. ) ;
#1374 = EDGE_CURVE ( 'NONE', #1490, #494, #1376, .T. ) ;
#1375 = LINE ( 'NONE', #2080, #449 ) ;
#1376 = LINE ( 'NONE', #849, #867 ) ;
#1377 = CARTESIAN_POINT ( 'NONE',  ( 38.00000000000000000, 9.999999999999996447, 0.000000000000000000 ) ) ;
#1378 = CARTESIAN_POINT ( 'NONE',  ( 40.99999999999999289, 0.000000000000000000, -105.0000000000000000 ) ) ;
#1379 = ORIENTED_EDGE ( 'NONE', *, *, #1000, .T. ) ;
#1380 = VECTOR ( 'NONE', #1366, 1000.000000000000000 ) ;
#1381 = ORIENTED_EDGE ( 'NONE', *, *, #554, .F. ) ;
#1382 = LINE ( 'NONE', #1233, #911 ) ;
#1383 = LINE ( 'NONE', #2076, #1454 ) ;
#1384 = VERTEX_POINT ( 'NONE', #1203 ) ;
#1385 = CARTESIAN_POINT ( 'NONE',  ( 2.000000000000000000, 0.000000000000000000, 0.000000000000000000 ) ) ;
#1386 = AXIS2_PLACEMENT_3D ( 'NONE', #1076, #1618, #706 ) ;
#1387 = DIRECTION ( 'NONE',  ( 0.000000000000000000, -1.000000000000000000, 0.000000000000000000 ) ) ;
#1388 = VECTOR ( 'NONE', #108, 1000.000000000000000 ) ;
#1389 = CARTESIAN_POINT ( 'NONE',  ( 41.00000000000010658, 10.00000000000000000, -88.40000000000000568 ) ) ;
#1390 = VECTOR ( 'NONE', #709, 1000.000000000000000 ) ;
#1391 = ORIENTED_EDGE ( 'NONE', *, *, #2147, .F. ) ;
#1392 = DIRECTION ( 'NONE',  ( -0.000000000000000000, 0.000000000000000000, 1.000000000000000000 ) ) ;
#1393 = VECTOR ( 'NONE', #1619, 1000.000000000000000 ) ;
#1394 = ORIENTED_EDGE ( 'NONE', *, *, #2309, .T. ) ;
#1395 = FACE_OUTER_BOUND ( 'NONE', #1773, .T. ) ;
#1396 = CARTESIAN_POINT ( 'NONE',  ( 40.99999999999999289, 10.00000000000000000, -105.0000000000000000 ) ) ;
#1397 = EDGE_LOOP ( 'NONE', ( #879, #1422, #798, #1851 ) ) ;
#1398 = ORIENTED_EDGE ( 'NONE', *, *, #438, .F. ) ;
#1399 = CARTESIAN_POINT ( 'NONE',  ( 0.000000000000000000, 10.00000000000000000, 0.000000000000000000 ) ) ;
#1400 = EDGE_CURVE ( 'NONE', #716, #1127, #1561, .T. ) ;
#1401 = DIRECTION ( 'NONE',  ( -0.000000000000000000, 1.000000000000000000, -0.000000000000000000 ) ) ;
#1402 = CARTESIAN_POINT ( 'NONE',  ( 34.00000000000000000, 5.000000000000000000, 0.000000000000000000 ) ) ;
#1403 = DIRECTION ( 'NONE',  ( -0.000000000000000000, 1.000000000000000000, -0.000000000000000000 ) ) ;
#1404 = ADVANCED_FACE ( 'NONE', ( #838 ), #1041, .F. ) ;
#1405 = ORIENTED_EDGE ( 'NONE', *, *, #1445, .T. ) ;
#1406 = EDGE_LOOP ( 'NONE', ( #227, #1326, #344, #1141, #2046, #1428, #1049, #842 ) ) ;
#1407 = DIRECTION ( 'NONE',  ( 0.000000000000000000, -1.000000000000000000, 0.000000000000000000 ) ) ;
#1408 = ORIENTED_EDGE ( 'NONE', *, *, #95, .F. ) ;
#1409 = LINE ( 'NONE', #1594, #603 ) ;
#1410 = PLANE ( 'NONE',  #1283 ) ;
#1411 = ORIENTED_EDGE ( 'NONE', *, *, #1007, .F. ) ;
#1412 = PLANE ( 'NONE',  #117 ) ;
#1413 = EDGE_CURVE ( 'NONE', #1384, #771, #497, .T. ) ;
#1414 = LINE ( 'NONE', #1377, #2244 ) ;
#1415 = FACE_OUTER_BOUND ( 'NONE', #932, .T. ) ;
#1416 = ORIENTED_EDGE ( 'NONE', *, *, #799, .T. ) ;
#1417 = ORIENTED_EDGE ( 'NONE', *, *, #232, .F. ) ;
#1418 = AXIS2_PLACEMENT_3D ( 'NONE', #962, #1830, #1515 ) ;
#1419 = EDGE_LOOP ( 'NONE', ( #510, #1544, #1010, #704 ) ) ;
#1420 = EDGE_LOOP ( 'NONE', ( #2113, #1252, #1381, #241 ) ) ;
#1421 = PRESENTATION_STYLE_ASSIGNMENT (( #1595 ) ) ;
#1422 = ORIENTED_EDGE ( 'NONE', *, *, #1710, .F. ) ;
#1423 = CARTESIAN_POINT ( 'NONE',  ( 23.39999999999998082, 3.500000000000000444, 0.000000000000000000 ) ) ;
#1424 = DIRECTION ( 'NONE',  ( 0.000000000000000000, 0.000000000000000000, -1.000000000000000000 ) ) ;
#1425 = CARTESIAN_POINT ( 'NONE',  ( 26.59999999999998010, 3.500000000000000444, 0.000000000000000000 ) ) ;
#1426 = AXIS2_PLACEMENT_3D ( 'NONE', #1171, #1518, #1871 ) ;
#1427 = VERTEX_POINT ( 'NONE', #2290 ) ;
#1428 = ORIENTED_EDGE ( 'NONE', *, *, #822, .T. ) ;
#1429 = VECTOR ( 'NONE', #787, 1000.000000000000000 ) ;
#1430 = AXIS2_PLACEMENT_3D ( 'NONE', #287, #1003, #1368 ) ;
#1431 = ORIENTED_EDGE ( 'NONE', *, *, #566, .F. ) ;
#1432 = ORIENTED_EDGE ( 'NONE', *, *, #1840, .T. ) ;
#1433 = CIRCLE ( 'NONE', #421, 2.500000000000002220 ) ;
#1434 = SURFACE_SIDE_STYLE ('',( #1282 ) ) ;
#1435 = EDGE_CURVE ( 'NONE', #705, #1161, #687, .T. ) ;
#1436 = DIRECTION ( 'NONE',  ( -1.156482317317870344E-15, 0.000000000000000000, 1.000000000000000000 ) ) ;
#1437 = DIRECTION ( 'NONE',  ( -0.000000000000000000, 1.000000000000000000, -0.000000000000000000 ) ) ;
#1438 = CARTESIAN_POINT ( 'NONE',  ( 11.99999999999999822, -6.500000000000000888, -4.000000000000000000 ) ) ;
#1439 = CARTESIAN_POINT ( 'NONE',  ( 41.00000000000000000, 3.500000000000000444, -98.40000000000000568 ) ) ;
#1440 = EDGE_CURVE ( 'NONE', #1481, #650, #1228, .T. ) ;
#1441 = ORIENTED_EDGE ( 'NONE', *, *, #1276, .T. ) ;
#1442 = EDGE_LOOP ( 'NONE', ( #1662, #282, #1750, #1976, #1032, #1555, #1941, #527, #1663, #1244, #1338, #917, #1996, #1888, #1798, #318, #895, #1257, #1713 ) ) ;
#1443 = CARTESIAN_POINT ( 'NONE',  ( 30.00000000000000000, 9.999999999999996447, -8.000000000000000000 ) ) ;
#1444 = DIRECTION ( 'NONE',  ( 0.000000000000000000, -1.000000000000000000, 0.000000000000000000 ) ) ;
#1445 = EDGE_CURVE ( 'NONE', #2269, #1224, #1052, .T. ) ;
#1446 = DIRECTION ( 'NONE',  ( -1.000000000000000000, -0.000000000000000000, -0.000000000000000000 ) ) ;
#1447 = DIRECTION ( 'NONE',  ( 1.000000000000000000, -0.000000000000000000, -0.000000000000000000 ) ) ;
#1448 = DIRECTION ( 'NONE',  ( -0.000000000000000000, -1.000000000000000000, -0.000000000000000000 ) ) ;
#1449 = DIRECTION ( 'NONE',  ( 1.000000000000000000, 0.000000000000000000, 0.000000000000000000 ) ) ;
#1450 = CARTESIAN_POINT ( 'NONE',  ( 41.00000000000010658, 3.500000000000000444, -88.40000000000000568 ) ) ;
#1451 = VERTEX_POINT ( 'NONE', #1240 ) ;
#1452 = ORIENTED_EDGE ( 'NONE', *, *, #768, .T. ) ;
#1453 = FACE_OUTER_BOUND ( 'NONE', #1955, .T. ) ;
#1454 = VECTOR ( 'NONE', #1748, 1000.000000000000000 ) ;
#1455 = CARTESIAN_POINT ( 'NONE',  ( 37.00000000000019895, 10.00000000000000000, -83.00000000000000000 ) ) ;
#1456 = ORIENTED_EDGE ( 'NONE', *, *, #1640, .T. ) ;
#1457 = DIRECTION ( 'NONE',  ( 0.000000000000000000, 0.000000000000000000, -1.000000000000000000 ) ) ;
#1458 = CARTESIAN_POINT ( 'NONE',  ( 41.00000000000010658, 10.00000000000000000, -88.40000000000000568 ) ) ;
#1459 = LINE ( 'NONE', #1815, #1781 ) ;
#1460 = DIRECTION ( 'NONE',  ( -1.000000000000000000, 0.000000000000000000, -1.156482317317870344E-15 ) ) ;
#1461 = CARTESIAN_POINT ( 'NONE',  ( 36.99999999999999289, 10.00000000000000000, -96.99999999999998579 ) ) ;
#1462 = EDGE_CURVE ( 'NONE', #982, #627, #1947, .T. ) ;
#1463 = VECTOR ( 'NONE', #1711, 1000.000000000000000 ) ;
#1464 = VERTEX_POINT ( 'NONE', #1653 ) ;
#1465 = VECTOR ( 'NONE', #2220, 1000.000000000000000 ) ;
#1466 = VERTEX_POINT ( 'NONE', #1089 ) ;
#1467 = LINE ( 'NONE', #1267, #1860 ) ;
#1468 = CIRCLE ( 'NONE', #1868, 3.000000000000000888 ) ;
#1469 = CARTESIAN_POINT ( 'NONE',  ( 0.000000000000000000, -0.000000000000000000, -87.00000000000000000 ) ) ;
#1470 = VECTOR ( 'NONE', #2193, 1000.000000000000000 ) ;
#1471 = LINE ( 'NONE', #553, #2142 ) ;
#1472 = EDGE_CURVE ( 'NONE', #2269, #1533, #1822, .T. ) ;
#1473 = DIRECTION ( 'NONE',  ( -1.000000000000000000, 0.000000000000000000, -0.000000000000000000 ) ) ;
#1474 = LINE ( 'NONE', #338, #366 ) ;
#1475 = EDGE_CURVE ( 'NONE', #1046, #500, #2006, .T. ) ;
#1476 = ORIENTED_EDGE ( 'NONE', *, *, #466, .F. ) ;
#1477 = ORIENTED_EDGE ( 'NONE', *, *, #899, .F. ) ;
#1478 = CARTESIAN_POINT ( 'NONE',  ( 16.59999999999998721, 3.500000000000000444, -4.000000000000000000 ) ) ;
#1479 = LINE ( 'NONE', #1469, #1470 ) ;
#1480 = ORIENTED_EDGE ( 'NONE', *, *, #1945, .T. ) ;
#1481 = VERTEX_POINT ( 'NONE', #48 ) ;
#1482 = CARTESIAN_POINT ( 'NONE',  ( 37.00000000000000711, 3.500000000000000444, -101.5999999999999943 ) ) ;
#1483 = CARTESIAN_POINT ( 'NONE',  ( 3.399999999999986589, 3.500000000000000444, -4.000000000000000000 ) ) ;
#1484 = EDGE_CURVE ( 'NONE', #511, #1256, #222, .T. ) ;
#1485 = DIRECTION ( 'NONE',  ( 0.000000000000000000, 0.000000000000000000, 1.000000000000000000 ) ) ;
#1486 = LINE ( 'NONE', #409, #1024 ) ;
#1487 = EDGE_CURVE ( 'NONE', #1733, #69, #1607, .T. ) ;
#1488 = CARTESIAN_POINT ( 'NONE',  ( 41.00000000000021316, 10.00000000000000000, -81.60000000000000853 ) ) ;
#1489 = EDGE_LOOP ( 'NONE', ( #73, #1992, #463, #1932 ) ) ;
#1490 = VERTEX_POINT ( 'NONE', #1981 ) ;
#1491 = DIRECTION ( 'NONE',  ( -0.000000000000000000, 0.000000000000000000, -1.000000000000000000 ) ) ;
#1492 = ORIENTED_EDGE ( 'NONE', *, *, #1222, .F. ) ;
#1493 = CARTESIAN_POINT ( 'NONE',  ( 0.000000000000000000, 0.000000000000000000, 0.000000000000000000 ) ) ;
#1494 = AXIS2_PLACEMENT_3D ( 'NONE', #584, #1681, #1303 ) ;
#1495 = LINE ( 'NONE', #285, #2021 ) ;
#1496 = DIRECTION ( 'NONE',  ( 1.000000000000000000, 0.000000000000000000, 0.000000000000000000 ) ) ;
#1497 = FACE_OUTER_BOUND ( 'NONE', #549, .T. ) ;
#1498 = DIRECTION ( 'NONE',  ( -0.000000000000000000, 1.000000000000000000, -0.000000000000000000 ) ) ;
#1499 = ORIENTED_EDGE ( 'NONE', *, *, #72, .F. ) ;
#1500 = ORIENTED_EDGE ( 'NONE', *, *, #613, .F. ) ;
#1501 = LINE ( 'NONE', #1143, #2207 ) ;
#1502 = VECTOR ( 'NONE', #935, 1000.000000000000000 ) ;
#1503 = VECTOR ( 'NONE', #1505, 1000.000000000000000 ) ;
#1504 = ADVANCED_FACE ( 'NONE', ( #1961 ), #1803, .F. ) ;
#1505 = DIRECTION ( 'NONE',  ( -0.000000000000000000, 1.000000000000000000, -0.000000000000000000 ) ) ;
#1506 = VECTOR ( 'NONE', #1069, 1000.000000000000000 ) ;
#1507 = PLANE ( 'NONE',  #1426 ) ;
#1508 = CARTESIAN_POINT ( 'NONE',  ( 13.39999999999998259, 3.500000000000000444, -4.000000000000000000 ) ) ;
#1509 = VERTEX_POINT ( 'NONE', #10 ) ;
#1510 = LINE ( 'NONE', #99, #1315 ) ;
#1511 = CARTESIAN_POINT ( 'NONE',  ( 37.00000000000021316, 3.500000000000000444, -81.60000000000000853 ) ) ;
#1512 = VERTEX_POINT ( 'NONE', #1423 ) ;
#1513 = ORIENTED_EDGE ( 'NONE', *, *, #438, .T. ) ;
#1514 = ADVANCED_FACE ( 'NONE', ( #1078 ), #211, .F. ) ;
#1515 = DIRECTION ( 'NONE',  ( -1.000000000000000000, 0.000000000000000000, 0.000000000000000000 ) ) ;
#1516 = CARTESIAN_POINT ( 'NONE',  ( 14.99999999999999822, 0.000000000000000000, -15.00000000000000178 ) ) ;
#1517 = EDGE_CURVE ( 'NONE', #2109, #2136, #1997, .T. ) ;
#1518 = DIRECTION ( 'NONE',  ( -0.000000000000000000, 0.000000000000000000, 1.000000000000000000 ) ) ;
#1519 = LINE ( 'NONE', #1886, #1169 ) ;
#1520 = CARTESIAN_POINT ( 'NONE',  ( 33.99999999999997868, -6.500000000000000888, -96.99999999999998579 ) ) ;
#1521 = ORIENTED_EDGE ( 'NONE', *, *, #217, .F. ) ;
#1522 = ORIENTED_EDGE ( 'NONE', *, *, #2302, .T. ) ;
#1523 = PLANE ( 'NONE',  #1005 ) ;
#1524 = LINE ( 'NONE', #2272, #946 ) ;
#1525 = CARTESIAN_POINT ( 'NONE',  ( 11.99999999999999645, -6.000000000000000000, -15.00000000000000178 ) ) ;
#1526 = DIRECTION ( 'NONE',  ( -0.000000000000000000, 1.000000000000000000, -0.000000000000000000 ) ) ;
#1527 = CARTESIAN_POINT ( 'NONE',  ( 41.00000000000000000, 3.500000000000000444, -101.5999999999999943 ) ) ;
#1528 = CIRCLE ( 'NONE', #2131, 15.00000000000000000 ) ;
#1529 = VERTEX_POINT ( 'NONE', #1123 ) ;
#1530 = DIRECTION ( 'NONE',  ( -0.000000000000000000, 1.000000000000000000, -0.000000000000000000 ) ) ;
#1531 = CARTESIAN_POINT ( 'NONE',  ( 50.00000000000000000, 10.00000000000000000, -34.99999999999999289 ) ) ;
#1532 = EDGE_CURVE ( 'NONE', #771, #56, #22, .T. ) ;
#1533 = VERTEX_POINT ( 'NONE', #2163 ) ;
#1534 = ORIENTED_EDGE ( 'NONE', *, *, #1918, .F. ) ;
#1535 = LINE ( 'NONE', #1197, #2014 ) ;
#1536 = ORIENTED_EDGE ( 'NONE', *, *, #751, .T. ) ;
#1537 = LINE ( 'NONE', #2263, #156 ) ;
#1538 = AXIS2_PLACEMENT_3D ( 'NONE', #1949, #312, #122 ) ;
#1539 = VECTOR ( 'NONE', #1621, 1000.000000000000000 ) ;
#1540 = DIRECTION ( 'NONE',  ( 1.000000000000000000, 0.000000000000000000, 0.000000000000000000 ) ) ;
#1541 = ADVANCED_FACE ( 'NONE', ( #388 ), #753, .F. ) ;
#1542 = VECTOR ( 'NONE', #335, 1000.000000000000000 ) ;
#1543 = FACE_OUTER_BOUND ( 'NONE', #762, .T. ) ;
#1544 = ORIENTED_EDGE ( 'NONE', *, *, #1560, .F. ) ;
#1545 = ORIENTED_EDGE ( 'NONE', *, *, #735, .F. ) ;
#1546 = EDGE_CURVE ( 'NONE', #2050, #1266, #38, .T. ) ;
#1547 = CARTESIAN_POINT ( 'NONE',  ( 5.161151470326606155E-15, 10.00000000000000000, -105.3599999999999994 ) ) ;
#1548 = DIRECTION ( 'NONE',  ( -4.336808689942017736E-16, 0.000000000000000000, -1.000000000000000000 ) ) ;
#1549 = EDGE_LOOP ( 'NONE', ( #83, #620, #1977, #2287 ) ) ;
#1550 = CARTESIAN_POINT ( 'NONE',  ( 37.00000000000000711, 3.500000000000000444, -101.5999999999999943 ) ) ;
#1551 = DIRECTION ( 'NONE',  ( 0.000000000000000000, -0.000000000000000000, -1.000000000000000000 ) ) ;
#1552 = EDGE_CURVE ( 'NONE', #1753, #941, #1471, .T. ) ;
#1553 = LINE ( 'NONE', #711, #1946 ) ;
#1554 = LINE ( 'NONE', #1208, #1021 ) ;
#1555 = ORIENTED_EDGE ( 'NONE', *, *, #801, .T. ) ;
#1556 = VERTEX_POINT ( 'NONE', #544 ) ;
#1557 = DIRECTION ( 'NONE',  ( -0.000000000000000000, 1.000000000000000000, -0.000000000000000000 ) ) ;
#1558 = ORIENTED_EDGE ( 'NONE', *, *, #171, .T. ) ;
#1559 = LINE ( 'NONE', #1385, #870 ) ;
#1560 = EDGE_CURVE ( 'NONE', #1481, #2049, #203, .T. ) ;
#1561 = LINE ( 'NONE', #861, #11 ) ;
#1562 = FACE_OUTER_BOUND ( 'NONE', #1167, .T. ) ;
#1563 = ORIENTED_EDGE ( 'NONE', *, *, #920, .F. ) ;
#1564 = ORIENTED_EDGE ( 'NONE', *, *, #87, .T. ) ;
#1565 = CARTESIAN_POINT ( 'NONE',  ( 8.000000000000000000, 10.00000000000000000, -7.000000000000000000 ) ) ;
#1566 = CARTESIAN_POINT ( 'NONE',  ( 41.00000000000010658, 3.500000000000000444, -88.40000000000000568 ) ) ;
#1567 = FACE_OUTER_BOUND ( 'NONE', #821, .T. ) ;
#1568 = VERTEX_POINT ( 'NONE', #721 ) ;
#1569 = ORIENTED_EDGE ( 'NONE', *, *, #1262, .T. ) ;
#1570 = DIRECTION ( 'NONE',  ( -0.000000000000000000, 1.000000000000000000, -0.000000000000000000 ) ) ;
#1571 = ADVANCED_FACE ( 'NONE', ( #1632 ), #31, .F. ) ;
#1572 = VECTOR ( 'NONE', #1609, 1000.000000000000000 ) ;
#1573 = DIRECTION ( 'NONE',  ( 0.000000000000000000, 0.000000000000000000, -1.000000000000000000 ) ) ;
#1574 = VECTOR ( 'NONE', #1540, 1000.000000000000000 ) ;
#1575 = CARTESIAN_POINT ( 'NONE',  ( 0.000000000000000000, 10.00000000000000000, 0.000000000000000000 ) ) ;
#1576 = CIRCLE ( 'NONE', #451, 3.000000000000002665 ) ;
#1577 = CIRCLE ( 'NONE', #2144, 20.00000000000000355 ) ;
#1578 = LINE ( 'NONE', #183, #604 ) ;
#1579 = ORIENTED_EDGE ( 'NONE', *, *, #1954, .T. ) ;
#1580 = AXIS2_PLACEMENT_3D ( 'NONE', #2009, #1667, #1291 ) ;
#1581 = ORIENTED_EDGE ( 'NONE', *, *, #899, .T. ) ;
#1582 = FACE_BOUND ( 'NONE', #207, .T. ) ;
#1583 = ORIENTED_EDGE ( 'NONE', *, *, #751, .F. ) ;
#1584 = EDGE_LOOP ( 'NONE', ( #152, #1347, #1590, #1782 ) ) ;
#1585 = EDGE_CURVE ( 'NONE', #2090, #1694, #943, .T. ) ;
#1586 = FACE_OUTER_BOUND ( 'NONE', #2088, .T. ) ;
#1587 = LINE ( 'NONE', #482, #602 ) ;
#1588 = CARTESIAN_POINT ( 'NONE',  ( 41.00000000000010658, 3.500000000000000444, -91.59999999999999432 ) ) ;
#1589 = LINE ( 'NONE', #161, #1542 ) ;
#1590 = ORIENTED_EDGE ( 'NONE', *, *, #475, .T. ) ;
#1591 = ORIENTED_EDGE ( 'NONE', *, *, #1710, .T. ) ;
#1592 = DIRECTION ( 'NONE',  ( -1.000000000000000000, 0.000000000000000000, -0.000000000000000000 ) ) ;
#1593 = VERTEX_POINT ( 'NONE', #2156 ) ;
#1594 = CARTESIAN_POINT ( 'NONE',  ( 3.399999999999986589, 3.500000000000000444, -4.000000000000000000 ) ) ;
#1595 = SURFACE_STYLE_USAGE ( .BOTH. , #1434 ) ;
#1596 = ORIENTED_EDGE ( 'NONE', *, *, #1475, .F. ) ;
#1597 = LINE ( 'NONE', #170, #1613 ) ;
#1598 = LINE ( 'NONE', #1042, #2061 ) ;
#1599 = PRODUCT_DEFINITION_CONTEXT ( 'detailed design', #1313, 'design' ) ;
#1600 = FACE_OUTER_BOUND ( 'NONE', #288, .T. ) ;
#1601 = ORIENTED_EDGE ( 'NONE', *, *, #1812, .F. ) ;
#1602 = ORIENTED_EDGE ( 'NONE', *, *, #1262, .F. ) ;
#1603 = EDGE_CURVE ( 'NONE', #2139, #857, #1261, .T. ) ;
#1604 = VECTOR ( 'NONE', #1890, 1000.000000000000000 ) ;
#1605 = ORIENTED_EDGE ( 'NONE', *, *, #885, .F. ) ;
#1606 = ORIENTED_EDGE ( 'NONE', *, *, #822, .F. ) ;
#1607 = LINE ( 'NONE', #1786, #2247 ) ;
#1608 = EDGE_CURVE ( 'NONE', #27, #1952, #1706, .T. ) ;
#1609 = DIRECTION ( 'NONE',  ( 0.000000000000000000, 0.000000000000000000, -1.000000000000000000 ) ) ;
#1610 = CARTESIAN_POINT ( 'NONE',  ( 36.99999999999999289, -6.500000000000000888, -96.99999999999998579 ) ) ;
#1611 = VECTOR ( 'NONE', #2130, 1000.000000000000000 ) ;
#1612 = ORIENTED_EDGE ( 'NONE', *, *, #608, .T. ) ;
#1613 = VECTOR ( 'NONE', #2081, 1000.000000000000000 ) ;
#1614 = VECTOR ( 'NONE', #1277, 1000.000000000000000 ) ;
#1615 = EDGE_CURVE ( 'NONE', #433, #548, #424, .T. ) ;
#1616 = ORIENTED_EDGE ( 'NONE', *, *, #1079, .T. ) ;
#1617 = ORIENTED_EDGE ( 'NONE', *, *, #858, .T. ) ;
#1618 = DIRECTION ( 'NONE',  ( -0.000000000000000000, 0.000000000000000000, -1.000000000000000000 ) ) ;
#1619 = DIRECTION ( 'NONE',  ( 1.000000000000000000, -0.000000000000000000, -0.000000000000000000 ) ) ;
#1620 = EDGE_CURVE ( 'NONE', #1726, #2090, #1342, .T. ) ;
#1621 = DIRECTION ( 'NONE',  ( 1.000000000000000000, 0.000000000000000000, 0.000000000000000000 ) ) ;
#1622 = DIRECTION ( 'NONE',  ( 1.000000000000000000, 0.000000000000000000, -0.000000000000000000 ) ) ;
#1623 = UNCERTAINTY_MEASURE_WITH_UNIT (LENGTH_MEASURE( 1.000000000000000082E-05 ), #529, 'distance_accuracy_value', 'NONE');
#1624 = DIRECTION ( 'NONE',  ( 0.000000000000000000, 0.000000000000000000, 1.000000000000000000 ) ) ;
#1625 = CARTESIAN_POINT ( 'NONE',  ( 41.00000000000000000, 10.00000000000000000, -101.5999999999999943 ) ) ;
#1626 = ORIENTED_EDGE ( 'NONE', *, *, #808, .T. ) ;
#1627 = CARTESIAN_POINT ( 'NONE',  ( 40.99999999999999289, 50.00000000000000000, -128.3600000000000136 ) ) ;
#1628 = DIRECTION ( 'NONE',  ( -0.000000000000000000, 1.000000000000000000, -0.000000000000000000 ) ) ;
#1629 = EDGE_CURVE ( 'NONE', #1533, #16, #587, .T. ) ;
#1630 = FACE_OUTER_BOUND ( 'NONE', #865, .T. ) ;
#1631 = EDGE_CURVE ( 'NONE', #692, #70, #612, .T. ) ;
#1632 = FACE_OUTER_BOUND ( 'NONE', #1152, .T. ) ;
#1633 = CARTESIAN_POINT ( 'NONE',  ( 41.00000000000021316, 10.00000000000000000, -78.40000000000000568 ) ) ;
#1634 = PLANE ( 'NONE',  #1898 ) ;
#1635 = PLANE ( 'NONE',  #756 ) ;
#1636 = ORIENTED_EDGE ( 'NONE', *, *, #2147, .T. ) ;
#1637 = ORIENTED_EDGE ( 'NONE', *, *, #1875, .T. ) ;
#1638 = ADVANCED_FACE ( 'NONE', ( #1869 ), #2054, .F. ) ;
#1639 = DIRECTION ( 'NONE',  ( 0.000000000000000000, 0.000000000000000000, -1.000000000000000000 ) ) ;
#1640 = EDGE_CURVE ( 'NONE', #627, #107, #1135, .T. ) ;
#1641 = CARTESIAN_POINT ( 'NONE',  ( 23.39999999999998082, 3.500000000000000444, -4.000000000000000000 ) ) ;
#1642 = EDGE_CURVE ( 'NONE', #740, #1922, #988, .T. ) ;
#1643 = DIRECTION ( 'NONE',  ( -0.000000000000000000, -1.000000000000000000, -0.000000000000000000 ) ) ;
#1644 = CARTESIAN_POINT ( 'NONE',  ( 11.99999999999999822, 10.00000000000000000, -4.000000000000000000 ) ) ;
#1645 = AXIS2_PLACEMENT_3D ( 'NONE', #1402, #1424, #2143 ) ;
#1646 = EDGE_LOOP ( 'NONE', ( #1780, #2258, #1369, #695 ) ) ;
#1647 = VECTOR ( 'NONE', #1067, 1000.000000000000000 ) ;
#1648 = ORIENTED_EDGE ( 'NONE', *, *, #1629, .F. ) ;
#1649 = PLANE ( 'NONE',  #1953 ) ;
#1650 = LINE ( 'NONE', #952, #2317 ) ;
#1651 = ADVANCED_FACE ( 'NONE', ( #412, #283, #1695, #1834, #772, #97, #435, #954 ), #235, .T. ) ;
#1652 = VECTOR ( 'NONE', #793, 1000.000000000000000 ) ;
#1653 = CARTESIAN_POINT ( 'NONE',  ( 37.00000000000009237, 10.00000000000000000, -88.40000000000000568 ) ) ;
#1654 = DIRECTION ( 'NONE',  ( -8.673617379884037444E-16, 0.000000000000000000, -1.000000000000000000 ) ) ;
#1655 = FACE_OUTER_BOUND ( 'NONE', #2202, .T. ) ;
#1656 = EDGE_CURVE ( 'NONE', #1753, #1533, #2204, .T. ) ;
#1657 = DIRECTION ( 'NONE',  ( -0.000000000000000000, 1.000000000000000000, -0.000000000000000000 ) ) ;
#1658 = CARTESIAN_POINT ( 'NONE',  ( 2.000000000000000000, -6.500000000000000888, -4.000000000000000000 ) ) ;
#1659 = ORIENTED_EDGE ( 'NONE', *, *, #1894, .T. ) ;
#1660 = PLANE ( 'NONE',  #1796 ) ;
#1661 = LINE ( 'NONE', #807, #105 ) ;
#1662 = ORIENTED_EDGE ( 'NONE', *, *, #933, .F. ) ;
#1663 = ORIENTED_EDGE ( 'NONE', *, *, #1875, .F. ) ;
#1664 = DIRECTION ( 'NONE',  ( 1.000000000000000000, 0.000000000000000000, 0.000000000000000000 ) ) ;
#1665 = CARTESIAN_POINT ( 'NONE',  ( 37.00000000000009237, 10.00000000000000000, -91.59999999999999432 ) ) ;
#1666 = LINE ( 'NONE', #1644, #742 ) ;
#1667 = DIRECTION ( 'NONE',  ( -1.000000000000000000, 0.000000000000000000, -0.000000000000000000 ) ) ;
#1668 = ORIENTED_EDGE ( 'NONE', *, *, #1293, .F. ) ;
#1669 = VERTEX_POINT ( 'NONE', #598 ) ;
#1670 = EDGE_CURVE ( 'NONE', #2049, #666, #1320, .T. ) ;
#1671 = CARTESIAN_POINT ( 'NONE',  ( 13.39999999999998259, 10.00000000000000000, -4.000000000000000000 ) ) ;
#1672 = ORIENTED_EDGE ( 'NONE', *, *, #626, .T. ) ;
#1673 =( GEOMETRIC_REPRESENTATION_CONTEXT ( 3 ) GLOBAL_UNCERTAINTY_ASSIGNED_CONTEXT ( ( #2166 ) ) GLOBAL_UNIT_ASSIGNED_CONTEXT ( ( #1698, #76, #426 ) ) REPRESENTATION_CONTEXT ( 'NONE', 'WORKASPACE' ) );
#1674 = DIRECTION ( 'NONE',  ( 0.000000000000000000, -1.000000000000000000, 0.000000000000000000 ) ) ;
#1675 = DIRECTION ( 'NONE',  ( -0.000000000000000000, -0.000000000000000000, 1.000000000000000000 ) ) ;
#1676 = EDGE_CURVE ( 'NONE', #1733, #819, #1794, .T. ) ;
#1677 = CARTESIAN_POINT ( 'NONE',  ( 22.00000000000000000, 10.00000000000000000, -4.000000000000000000 ) ) ;
#1678 = CARTESIAN_POINT ( 'NONE',  ( 0.000000000000000000, 10.00000000000000000, 0.000000000000000000 ) ) ;
#1679 = EDGE_LOOP ( 'NONE', ( #749, #537, #1391, #1431 ) ) ;
#1680 = VERTEX_POINT ( 'NONE', #976 ) ;
#1681 = DIRECTION ( 'NONE',  ( -0.000000000000000000, -0.000000000000000000, -1.000000000000000000 ) ) ;
#1682 = ADVANCED_FACE ( 'NONE', ( #1844 ), #1685, .F. ) ;
#1683 = VECTOR ( 'NONE', #448, 1000.000000000000000 ) ;
#1684 = VECTOR ( 'NONE', #1675, 1000.000000000000000 ) ;
#1685 = PLANE ( 'NONE',  #2103 ) ;
#1686 = AXIS2_PLACEMENT_3D ( 'NONE', #371, #1969, #1436 ) ;
#1687 = EDGE_CURVE ( 'NONE', #1593, #1568, #633, .T. ) ;
#1688 = PLANE ( 'NONE',  #864 ) ;
#1689 = CARTESIAN_POINT ( 'NONE',  ( 18.00000000000000000, -6.000000000000000000, -15.00000000000000178 ) ) ;
#1690 = DIRECTION ( 'NONE',  ( -1.000000000000000000, -0.000000000000000000, -0.000000000000000000 ) ) ;
#1691 = ORIENTED_EDGE ( 'NONE', *, *, #177, .T. ) ;
#1692 = ORIENTED_EDGE ( 'NONE', *, *, #1620, .F. ) ;
#1693 = DIRECTION ( 'NONE',  ( -1.000000000000000000, 0.000000000000000000, 0.000000000000000000 ) ) ;
#1694 = VERTEX_POINT ( 'NONE', #1352 ) ;
#1695 = FACE_BOUND ( 'NONE', #1419, .T. ) ;
#1696 = EDGE_CURVE ( 'NONE', #1509, #2134, #2066, .T. ) ;
#1697 = DIRECTION ( 'NONE',  ( -0.000000000000000000, 0.000000000000000000, 1.000000000000000000 ) ) ;
#1698 =( LENGTH_UNIT ( ) NAMED_UNIT ( * ) SI_UNIT ( .MILLI., .METRE. ) );
#1699 = DIRECTION ( 'NONE',  ( -0.000000000000000000, 1.000000000000000000, -0.000000000000000000 ) ) ;
#1700 = CARTESIAN_POINT ( 'NONE',  ( 36.50000000000000711, 5.000000000000000000, 0.000000000000000000 ) ) ;
#1701 = ORIENTED_EDGE ( 'NONE', *, *, #436, .T. ) ;
#1702 = ORIENTED_EDGE ( 'NONE', *, *, #550, .F. ) ;
#1703 = CARTESIAN_POINT ( 'NONE',  ( 11.99999999999999645, 0.000000000000000000, 0.000000000000000000 ) ) ;
#1704 = ADVANCED_FACE ( 'NONE', ( #1181 ), #1881, .F. ) ;
#1705 = ORIENTED_EDGE ( 'NONE', *, *, #1075, .T. ) ;
#1706 = LINE ( 'NONE', #88, #828 ) ;
#1707 = CARTESIAN_POINT ( 'NONE',  ( 38.00000000000000000, 0.000000000000000000, -8.000000000000000000 ) ) ;
#1708 = LINE ( 'NONE', #260, #1380 ) ;
#1709 = VECTOR ( 'NONE', #116, 1000.000000000000000 ) ;
#1710 = EDGE_CURVE ( 'NONE', #1593, #941, #1375, .T. ) ;
#1711 = DIRECTION ( 'NONE',  ( 0.000000000000000000, 0.000000000000000000, -1.000000000000000000 ) ) ;
#1712 = EDGE_LOOP ( 'NONE', ( #1564, #472, #1893, #713 ) ) ;
#1713 = ORIENTED_EDGE ( 'NONE', *, *, #1163, .F. ) ;
#1714 = CARTESIAN_POINT ( 'NONE',  ( 37.00000000000021316, 3.500000000000000444, -78.40000000000000568 ) ) ;
#1715 = ORIENTED_EDGE ( 'NONE', *, *, #193, .T. ) ;
#1716 = DIRECTION ( 'NONE',  ( 1.000000000000000000, 0.000000000000000000, -1.224646799147353454E-16 ) ) ;
#1717 = AXIS2_PLACEMENT_3D ( 'NONE', #460, #471, #625 ) ;
#1718 = ORIENTED_EDGE ( 'NONE', *, *, #876, .T. ) ;
#1719 = EDGE_CURVE ( 'NONE', #1384, #1186, #517, .T. ) ;
#1720 = VECTOR ( 'NONE', #62, 1000.000000000000000 ) ;
#1721 = DIRECTION ( 'NONE',  ( 1.000000000000000000, 0.000000000000000000, 0.000000000000000000 ) ) ;
#1722 = ADVANCED_FACE ( 'NONE', ( #1586 ), #651, .F. ) ;
#1723 = AXIS2_PLACEMENT_3D ( 'NONE', #2289, #1051, #1392 ) ;
#1724 = CARTESIAN_POINT ( 'NONE',  ( 33.99999999999997868, 10.00000000000000000, -96.99999999999998579 ) ) ;
#1725 = VERTEX_POINT ( 'NONE', #1909 ) ;
#1726 = VERTEX_POINT ( 'NONE', #1933 ) ;
#1727 = CARTESIAN_POINT ( 'NONE',  ( 8.000000000000000000, 0.000000000000000000, 0.000000000000000000 ) ) ;
#1728 = ORIENTED_EDGE ( 'NONE', *, *, #889, .T. ) ;
#1729 = DIRECTION ( 'NONE',  ( 0.000000000000000000, 0.000000000000000000, 1.000000000000000000 ) ) ;
#1730 = LINE ( 'NONE', #345, #1913 ) ;
#1731 = PLANE ( 'NONE',  #1754 ) ;
#1732 = LINE ( 'NONE', #814, #1989 ) ;
#1733 = VERTEX_POINT ( 'NONE', #2114 ) ;
#1734 = ORIENTED_EDGE ( 'NONE', *, *, #1552, .F. ) ;
#1735 = DIRECTION ( 'NONE',  ( -0.000000000000000000, 1.000000000000000000, -0.000000000000000000 ) ) ;
#1736 = LINE ( 'NONE', #137, #1745 ) ;
#1737 = ADVANCED_FACE ( 'NONE', ( #467 ), #1011, .T. ) ;
#1738 = ORIENTED_EDGE ( 'NONE', *, *, #546, .F. ) ;
#1739 = ORIENTED_EDGE ( 'NONE', *, *, #1475, .T. ) ;
#1740 = DIRECTION ( 'NONE',  ( 0.000000000000000000, 0.000000000000000000, 1.000000000000000000 ) ) ;
#1741 = EDGE_LOOP ( 'NONE', ( #937, #986, #1432, #1246 ) ) ;
#1742 = DIRECTION ( 'NONE',  ( 0.000000000000000000, 0.000000000000000000, -1.000000000000000000 ) ) ;
#1743 = CARTESIAN_POINT ( 'NONE',  ( 30.00000000000000000, 9.999999999999996447, -8.000000000000000000 ) ) ;
#1744 = DIRECTION ( 'NONE',  ( 0.000000000000000000, 0.000000000000000000, -1.000000000000000000 ) ) ;
#1745 = VECTOR ( 'NONE', #818, 1000.000000000000000 ) ;
#1746 = ORIENTED_EDGE ( 'NONE', *, *, #812, .T. ) ;
#1747 = CARTESIAN_POINT ( 'NONE',  ( 41.00000000000021316, 3.500000000000000444, -78.40000000000000568 ) ) ;
#1748 = DIRECTION ( 'NONE',  ( 0.000000000000000000, 0.000000000000000000, -1.000000000000000000 ) ) ;
#1749 = VERTEX_POINT ( 'NONE', #661 ) ;
#1750 = ORIENTED_EDGE ( 'NONE', *, *, #311, .F. ) ;
#1751 = EDGE_CURVE ( 'NONE', #644, #500, #307, .T. ) ;
#1752 = DIRECTION ( 'NONE',  ( -0.000000000000000000, 0.000000000000000000, -1.000000000000000000 ) ) ;
#1753 = VERTEX_POINT ( 'NONE', #1399 ) ;
#1754 = AXIS2_PLACEMENT_3D ( 'NONE', #1916, #347, #850 ) ;
#1755 = DIRECTION ( 'NONE',  ( 0.000000000000000000, 0.000000000000000000, -1.000000000000000000 ) ) ;
#1756 = VECTOR ( 'NONE', #496, 1000.000000000000000 ) ;
#1757 = PLANE ( 'NONE',  #1538 ) ;
#1758 = VECTOR ( 'NONE', #671, 1000.000000000000000 ) ;
#1759 = LINE ( 'NONE', #1264, #309 ) ;
#1760 = VERTEX_POINT ( 'NONE', #331 ) ;
#1761 = VECTOR ( 'NONE', #400, 1000.000000000000000 ) ;
#1762 = ORIENTED_EDGE ( 'NONE', *, *, #2211, .F. ) ;
#1763 = VERTEX_POINT ( 'NONE', #153 ) ;
#1764 = DIRECTION ( 'NONE',  ( -0.000000000000000000, 1.000000000000000000, -0.000000000000000000 ) ) ;
#1765 = FILL_AREA_STYLE_COLOUR ( '', #599 ) ;
#1766 = VERTEX_POINT ( 'NONE', #1238 ) ;
#1767 = CARTESIAN_POINT ( 'NONE',  ( 30.00000000000000355, 10.00000000000000000, -75.00000000000000000 ) ) ;
#1768 = ADVANCED_FACE ( 'NONE', ( #874 ), #1189, .F. ) ;
#1769 = DIRECTION ( 'NONE',  ( -0.000000000000000000, -0.000000000000000000, -1.000000000000000000 ) ) ;
#1770 = DIRECTION ( 'NONE',  ( -0.000000000000000000, 1.000000000000000000, -0.000000000000000000 ) ) ;
#1771 = ORIENTED_EDGE ( 'NONE', *, *, #1007, .T. ) ;
#1772 = ORIENTED_EDGE ( 'NONE', *, *, #1029, .F. ) ;
#1773 = EDGE_LOOP ( 'NONE', ( #592, #440, #1373, #667, #1302, #124, #1317, #2108 ) ) ;
#1774 = ORIENTED_EDGE ( 'NONE', *, *, #2302, .F. ) ;
#1775 = EDGE_CURVE ( 'NONE', #740, #716, #1537, .T. ) ;
#1776 = CARTESIAN_POINT ( 'NONE',  ( 11.99999999999999822, 10.00000000000000000, -4.000000000000000000 ) ) ;
#1777 = CARTESIAN_POINT ( 'NONE',  ( 0.000000000000000000, 0.000000000000000000, -83.00000000000000000 ) ) ;
#1778 = LINE ( 'NONE', #1439, #15 ) ;
#1779 = EDGE_CURVE ( 'NONE', #1466, #1178, #1895, .T. ) ;
#1780 = ORIENTED_EDGE ( 'NONE', *, *, #710, .T. ) ;
#1781 = VECTOR ( 'NONE', #1985, 1000.000000000000000 ) ;
#1782 = ORIENTED_EDGE ( 'NONE', *, *, #1304, .T. ) ;
#1783 = PLANE ( 'NONE',  #1795 ) ;
#1784 = CARTESIAN_POINT ( 'NONE',  ( 37.00000000000000711, 3.500000000000000444, -98.40000000000000568 ) ) ;
#1785 = CARTESIAN_POINT ( 'NONE',  ( 11.99999999999999645, 0.000000000000000000, -76.76156825954063834 ) ) ;
#1786 = CARTESIAN_POINT ( 'NONE',  ( 18.00000000000000000, -6.000000000000000000, -15.00000000000000178 ) ) ;
#1787 = PRODUCT_DEFINITION ( 'æœ', '', #252, #1599 ) ;
#1788 = STYLED_ITEM ( 'NONE', ( #1421 ), #1912 ) ;
#1789 = LINE ( 'NONE', #1973, #1572 ) ;
#1790 = CARTESIAN_POINT ( 'NONE',  ( 33.99999999999998579, 0.000000000000000000, 3.932039878880757909E-14 ) ) ;
#1791 = EDGE_CURVE ( 'NONE', #2038, #1725, #1468, .T. ) ;
#1792 = DIRECTION ( 'NONE',  ( 0.000000000000000000, 0.000000000000000000, -1.000000000000000000 ) ) ;
#1793 = VECTOR ( 'NONE', #2018, 1000.000000000000000 ) ;
#1794 = CIRCLE ( 'NONE', #788, 3.000000000000000888 ) ;
#1795 = AXIS2_PLACEMENT_3D ( 'NONE', #28, #187, #2300 ) ;
#1796 = AXIS2_PLACEMENT_3D ( 'NONE', #2012, #2051, #769 ) ;
#1797 = ORIENTED_EDGE ( 'NONE', *, *, #1603, .F. ) ;
#1798 = ORIENTED_EDGE ( 'NONE', *, *, #2, .F. ) ;
#1799 = AXIS2_PLACEMENT_3D ( 'NONE', #639, #2036, #91 ) ;
#1800 = LINE ( 'NONE', #201, #2020 ) ;
#1801 = LINE ( 'NONE', #189, #722 ) ;
#1802 = CARTESIAN_POINT ( 'NONE',  ( 34.00000000000019895, 0.000000000000000000, -83.00000000000000000 ) ) ;
#1803 = CYLINDRICAL_SURFACE ( 'NONE', #2180, 15.00000000000000000 ) ;
#1804 = LINE ( 'NONE', #1114, #1502 ) ;
#1805 = PLANE ( 'NONE',  #967 ) ;
#1806 = CARTESIAN_POINT ( 'NONE',  ( 13.39999999999998259, 3.500000000000000444, -4.000000000000000000 ) ) ;
#1807 = CARTESIAN_POINT ( 'NONE',  ( 0.000000000000000000, 0.000000000000000000, -7.000000000000000000 ) ) ;
#1808 = EDGE_CURVE ( 'NONE', #1162, #1110, #141, .T. ) ;
#1809 = VERTEX_POINT ( 'NONE', #1064 ) ;
#1810 = CARTESIAN_POINT ( 'NONE',  ( 6.599999999999987210, 3.500000000000000444, -4.000000000000000000 ) ) ;
#1811 = DIRECTION ( 'NONE',  ( 1.000000000000000000, 0.000000000000000000, 0.000000000000000000 ) ) ;
#1812 = EDGE_CURVE ( 'NONE', #2151, #301, #1576, .T. ) ;
#1813 = DIRECTION ( 'NONE',  ( 0.000000000000000000, 0.000000000000000000, -1.000000000000000000 ) ) ;
#1814 = LINE ( 'NONE', #914, #9 ) ;
#1815 = CARTESIAN_POINT ( 'NONE',  ( 40.99999999999999289, 50.00000000000000000, -120.3599999999999994 ) ) ;
#1816 = VERTEX_POINT ( 'NONE', #859 ) ;
#1817 = ORIENTED_EDGE ( 'NONE', *, *, #383, .F. ) ;
#1818 = LINE ( 'NONE', #781, #903 ) ;
#1819 = VECTOR ( 'NONE', #1853, 1000.000000000000000 ) ;
#1820 = DIRECTION ( 'NONE',  ( -1.000000000000000000, 0.000000000000000000, 0.000000000000000000 ) ) ;
#1821 = ORIENTED_EDGE ( 'NONE', *, *, #414, .F. ) ;
#1822 = LINE ( 'NONE', #364, #942 ) ;
#1823 = DIRECTION ( 'NONE',  ( 0.000000000000000000, 1.000000000000000000, 0.000000000000000000 ) ) ;
#1824 = LINE ( 'NONE', #1790, #628 ) ;
#1825 = VECTOR ( 'NONE', #2186, 1000.000000000000000 ) ;
#1826 = CARTESIAN_POINT ( 'NONE',  ( 41.00000000000021316, 10.00000000000000000, -78.40000000000000568 ) ) ;
#1827 = ORIENTED_EDGE ( 'NONE', *, *, #2179, .F. ) ;
#1828 = VECTOR ( 'NONE', #533, 1000.000000000000000 ) ;
#1829 = ORIENTED_EDGE ( 'NONE', *, *, #1271, .T. ) ;
#1830 = DIRECTION ( 'NONE',  ( -0.000000000000000000, 0.000000000000000000, -1.000000000000000000 ) ) ;
#1831 = VECTOR ( 'NONE', #882, 1000.000000000000000 ) ;
#1832 = VECTOR ( 'NONE', #958, 1000.000000000000000 ) ;
#1833 = ORIENTED_EDGE ( 'NONE', *, *, #1960, .T. ) ;
#1834 = FACE_BOUND ( 'NONE', #2133, .T. ) ;
#1835 = CARTESIAN_POINT ( 'NONE',  ( 6.599999999999988987, 10.00000000000000000, 0.000000000000000000 ) ) ;
#1836 = DIRECTION ( 'NONE',  ( -0.000000000000000000, 0.000000000000000000, 1.000000000000000000 ) ) ;
#1837 = ADVANCED_FACE ( 'NONE', ( #106 ), #1410, .F. ) ;
#1838 = EDGE_LOOP ( 'NONE', ( #611, #139, #221, #1057 ) ) ;
#1839 = ORIENTED_EDGE ( 'NONE', *, *, #185, .T. ) ;
#1840 = EDGE_CURVE ( 'NONE', #692, #1874, #118, .T. ) ;
#1841 = CARTESIAN_POINT ( 'NONE',  ( 0.000000000000000000, -0.000000000000000000, -4.000000000000000000 ) ) ;
#1842 = ORIENTED_EDGE ( 'NONE', *, *, #1894, .F. ) ;
#1843 = ORIENTED_EDGE ( 'NONE', *, *, #554, .T. ) ;
#1844 = FACE_OUTER_BOUND ( 'NONE', #78, .T. ) ;
#1845 = EDGE_CURVE ( 'NONE', #2010, #1133, #1201, .T. ) ;
#1846 = DIRECTION ( 'NONE',  ( 0.000000000000000000, 0.000000000000000000, -1.000000000000000000 ) ) ;
#1847 = ORIENTED_EDGE ( 'NONE', *, *, #1222, .T. ) ;
#1848 = EDGE_CURVE ( 'NONE', #1766, #574, #1559, .T. ) ;
#1849 = CARTESIAN_POINT ( 'NONE',  ( -4.408728476930467330E-17, 25.00000000000000000, -105.3599999999999994 ) ) ;
#1850 = ORIENTED_EDGE ( 'NONE', *, *, #4, .T. ) ;
#1851 = ORIENTED_EDGE ( 'NONE', *, *, #20, .T. ) ;
#1852 = DIRECTION ( 'NONE',  ( 1.000000000000000000, 0.000000000000000000, -0.000000000000000000 ) ) ;
#1853 = DIRECTION ( 'NONE',  ( -0.000000000000000000, 1.000000000000000000, -0.000000000000000000 ) ) ;
#1854 = ORIENTED_EDGE ( 'NONE', *, *, #579, .F. ) ;
#1855 = CARTESIAN_POINT ( 'NONE',  ( 0.000000000000000000, 10.00000000000000000, 0.000000000000000000 ) ) ;
#1856 = LINE ( 'NONE', #2055, #413 ) ;
#1857 = PLANE ( 'NONE',  #1088 ) ;
#1858 = LINE ( 'NONE', #980, #190 ) ;
#1859 = CARTESIAN_POINT ( 'NONE',  ( 34.00000000000009948, 0.000000000000000000, 3.932039878880771162E-14 ) ) ;
#1860 = VECTOR ( 'NONE', #1294, 1000.000000000000000 ) ;
#1861 = EDGE_LOOP ( 'NONE', ( #1920, #1142, #1194, #1668 ) ) ;
#1862 = ORIENTED_EDGE ( 'NONE', *, *, #1019, .F. ) ;
#1863 = VECTOR ( 'NONE', #2255, 1000.000000000000000 ) ;
#1864 = LINE ( 'NONE', #2027, #1982 ) ;
#1865 = AXIS2_PLACEMENT_3D ( 'NONE', #673, #1387, #1551 ) ;
#1866 = ADVANCED_FACE ( 'NONE', ( #738 ), #1968, .F. ) ;
#1867 = ADVANCED_FACE ( 'NONE', ( #1453 ), #352, .F. ) ;
#1868 = AXIS2_PLACEMENT_3D ( 'NONE', #2301, #697, #1729 ) ;
#1869 = FACE_OUTER_BOUND ( 'NONE', #1861, .T. ) ;
#1870 = AXIS2_PLACEMENT_3D ( 'NONE', #2111, #2260, #476 ) ;
#1871 = DIRECTION ( 'NONE',  ( 1.000000000000000000, 0.000000000000000000, 0.000000000000000000 ) ) ;
#1872 = CARTESIAN_POINT ( 'NONE',  ( 14.99999999999999822, 0.000000000000000000, -12.00000000000000000 ) ) ;
#1873 = FACE_OUTER_BOUND ( 'NONE', #1838, .T. ) ;
#1874 = VERTEX_POINT ( 'NONE', #1784 ) ;
#1875 = EDGE_CURVE ( 'NONE', #619, #1726, #1467, .T. ) ;
#1876 = ORIENTED_EDGE ( 'NONE', *, *, #2164, .F. ) ;
#1877 = CARTESIAN_POINT ( 'NONE',  ( 36.99999999999999289, -6.500000000000000888, -96.99999999999998579 ) ) ;
#1878 = DIRECTION ( 'NONE',  ( -0.000000000000000000, 1.000000000000000000, -0.000000000000000000 ) ) ;
#1879 = VERTEX_POINT ( 'NONE', #1099 ) ;
#1880 = ADVANCED_FACE ( 'NONE', ( #179 ), #385, .T. ) ;
#1881 = PLANE ( 'NONE',  #376 ) ;
#1882 = VERTEX_POINT ( 'NONE', #2312 ) ;
#1883 = ADVANCED_FACE ( 'NONE', ( #2138 ), #1958, .F. ) ;
#1884 = CARTESIAN_POINT ( 'NONE',  ( 0.000000000000000000, 0.000000000000000000, -93.00000000000000000 ) ) ;
#1885 = CARTESIAN_POINT ( 'NONE',  ( 0.000000000000000000, 0.000000000000000000, 0.000000000000000000 ) ) ;
#1886 = CARTESIAN_POINT ( 'NONE',  ( 30.00000000000000000, 0.000000000000000000, -54.99999999999999289 ) ) ;
#1887 = LINE ( 'NONE', #1378, #831 ) ;
#1888 = ORIENTED_EDGE ( 'NONE', *, *, #2238, .F. ) ;
#1889 = ORIENTED_EDGE ( 'NONE', *, *, #1472, .T. ) ;
#1890 = DIRECTION ( 'NONE',  ( -1.000000000000000000, 0.000000000000000000, 0.000000000000000000 ) ) ;
#1891 = EDGE_CURVE ( 'NONE', #524, #164, #188, .T. ) ;
#1892 = DIRECTION ( 'NONE',  ( 0.000000000000000000, -1.000000000000000000, 0.000000000000000000 ) ) ;
#1893 = ORIENTED_EDGE ( 'NONE', *, *, #394, .T. ) ;
#1894 = EDGE_CURVE ( 'NONE', #574, #1281, #908, .T. ) ;
#1895 = LINE ( 'NONE', #319, #2181 ) ;
#1896 = ADVANCED_FACE ( 'NONE', ( #19 ), #930, .F. ) ;
#1897 = CARTESIAN_POINT ( 'NONE',  ( 31.50000000000000000, 5.000000000000000000, 1.999999999999996669 ) ) ;
#1898 = AXIS2_PLACEMENT_3D ( 'NONE', #580, #557, #390 ) ;
#1899 = EDGE_CURVE ( 'NONE', #1749, #2224, #729, .T. ) ;
#1900 = ORIENTED_EDGE ( 'NONE', *, *, #1970, .F. ) ;
#1901 = CARTESIAN_POINT ( 'NONE',  ( 37.00000000000010658, 3.500000000000000444, -88.40000000000000568 ) ) ;
#1902 = DIRECTION ( 'NONE',  ( -1.156482317317870344E-15, 0.000000000000000000, 1.000000000000000000 ) ) ;
#1903 = ORIENTED_EDGE ( 'NONE', *, *, #1670, .T. ) ;
#1904 = VERTEX_POINT ( 'NONE', #2161 ) ;
#1905 = CARTESIAN_POINT ( 'NONE',  ( 30.00000000000000000, 10.00000000000000000, -34.99999999999999289 ) ) ;
#1906 = DIRECTION ( 'NONE',  ( 1.000000000000000000, -0.000000000000000000, -0.000000000000000000 ) ) ;
#1907 =( GEOMETRIC_REPRESENTATION_CONTEXT ( 3 ) GLOBAL_UNCERTAINTY_ASSIGNED_CONTEXT ( ( #1623 ) ) GLOBAL_UNIT_ASSIGNED_CONTEXT ( ( #529, #896, #1251 ) ) REPRESENTATION_CONTEXT ( 'NONE', 'WORKASPACE' ) );
#1908 = ORIENTED_EDGE ( 'NONE', *, *, #1517, .T. ) ;
#1909 = CARTESIAN_POINT ( 'NONE',  ( 14.99999999999999822, 10.00000000000000000, -12.00000000000000000 ) ) ;
#1910 = AXIS2_PLACEMENT_3D ( 'NONE', #1015, #1151, #68 ) ;
#1911 = ORIENTED_EDGE ( 'NONE', *, *, #297, .F. ) ;
#1912 = MANIFOLD_SOLID_BREP ( 'Ô²½Ç2', #681 ) ;
#1913 = VECTOR ( 'NONE', #333, 1000.000000000000000 ) ;
#1914 = DIRECTION ( 'NONE',  ( 0.000000000000000000, -1.000000000000000000, 0.000000000000000000 ) ) ;
#1915 = VECTOR ( 'NONE', #2145, 1000.000000000000000 ) ;
#1916 = CARTESIAN_POINT ( 'NONE',  ( 0.000000000000000000, 3.500000000000000444, 0.000000000000000000 ) ) ;
#1917 = PLANE ( 'NONE',  #1430 ) ;
#1918 = EDGE_CURVE ( 'NONE', #970, #16, #1800, .T. ) ;
#1919 = ORIENTED_EDGE ( 'NONE', *, *, #1918, .T. ) ;
#1920 = ORIENTED_EDGE ( 'NONE', *, *, #1374, .T. ) ;
#1921 = FACE_OUTER_BOUND ( 'NONE', #503, .T. ) ;
#1922 = VERTEX_POINT ( 'NONE', #2002 ) ;
#1923 = CARTESIAN_POINT ( 'NONE',  ( 23.39999999999998082, 10.00000000000000000, 0.000000000000000000 ) ) ;
#1924 = ORIENTED_EDGE ( 'NONE', *, *, #688, .F. ) ;
#1925 = LINE ( 'NONE', #1897, #640 ) ;
#1926 = EDGE_CURVE ( 'NONE', #1046, #2050, #1864, .T. ) ;
#1927 = CARTESIAN_POINT ( 'NONE',  ( 41.00000000000000000, 3.500000000000000444, -101.5999999999999943 ) ) ;
#1928 = ORIENTED_EDGE ( 'NONE', *, *, #54, .T. ) ;
#1929 = EDGE_CURVE ( 'NONE', #1083, #1224, #1818, .T. ) ;
#1930 = PLANE ( 'NONE',  #1975 ) ;
#1931 = ORIENTED_EDGE ( 'NONE', *, *, #239, .F. ) ;
#1932 = ORIENTED_EDGE ( 'NONE', *, *, #193, .F. ) ;
#1933 = CARTESIAN_POINT ( 'NONE',  ( 41.00000000000021316, 3.500000000000000444, -81.60000000000000853 ) ) ;
#1934 = DIRECTION ( 'NONE',  ( -0.000000000000000000, 1.000000000000000000, -0.000000000000000000 ) ) ;
#1935 = CARTESIAN_POINT ( 'NONE',  ( 41.00000000000021316, 3.500000000000000444, -78.40000000000000568 ) ) ;
#1936 = VECTOR ( 'NONE', #1115, 1000.000000000000000 ) ;
#1937 = PLANE ( 'NONE',  #1321 ) ;
#1938 = VERTEX_POINT ( 'NONE', #71 ) ;
#1939 = ORIENTED_EDGE ( 'NONE', *, *, #198, .F. ) ;
#1940 = CARTESIAN_POINT ( 'NONE',  ( 38.00000000000000000, 9.999999999999996447, -8.000000000000000000 ) ) ;
#1941 = ORIENTED_EDGE ( 'NONE', *, *, #462, .F. ) ;
#1942 = DIRECTION ( 'NONE',  ( -0.000000000000000000, 1.000000000000000000, -0.000000000000000000 ) ) ;
#1943 = CARTESIAN_POINT ( 'NONE',  ( 37.00000000000009237, -6.500000000000000888, -87.00000000000000000 ) ) ;
#1944 = ORIENTED_EDGE ( 'NONE', *, *, #2164, .T. ) ;
#1945 = EDGE_CURVE ( 'NONE', #2095, #395, #1501, .T. ) ;
#1946 = VECTOR ( 'NONE', #877, 1000.000000000000000 ) ;
#1947 = LINE ( 'NONE', #1767, #1948 ) ;
#1948 = VECTOR ( 'NONE', #886, 1000.000000000000000 ) ;
#1949 = CARTESIAN_POINT ( 'NONE',  ( 37.00000000000019895, -6.500000000000000888, -83.00000000000000000 ) ) ;
#1950 = VECTOR ( 'NONE', #665, 1000.000000000000000 ) ;
#1951 = LINE ( 'NONE', #1231, #1319 ) ;
#1952 = VERTEX_POINT ( 'NONE', #1478 ) ;
#1953 = AXIS2_PLACEMENT_3D ( 'NONE', #806, #760, #1852 ) ;
#1954 = EDGE_CURVE ( 'NONE', #1749, #487, #1314, .T. ) ;
#1955 = EDGE_LOOP ( 'NONE', ( #2159, #1833, #488, #268 ) ) ;
#1956 = VERTEX_POINT ( 'NONE', #1330 ) ;
#1957 = EDGE_CURVE ( 'NONE', #1127, #1335, #85, .T. ) ;
#1958 = PLANE ( 'NONE',  #1166 ) ;
#1959 = VERTEX_POINT ( 'NONE', #1671 ) ;
#1960 = EDGE_CURVE ( 'NONE', #819, #1725, #432, .T. ) ;
#1961 = FACE_OUTER_BOUND ( 'NONE', #1033, .T. ) ;
#1962 = DIRECTION ( 'NONE',  ( -0.000000000000000000, 1.000000000000000000, -0.000000000000000000 ) ) ;
#1963 = CARTESIAN_POINT ( 'NONE',  ( 9.797174393178825657E-16, 50.00000000000000000, -120.3599999999999994 ) ) ;
#1964 = ORIENTED_EDGE ( 'NONE', *, *, #2078, .F. ) ;
#1965 = EDGE_LOOP ( 'NONE', ( #1014, #815, #1602, #1209 ) ) ;
#1966 = CARTESIAN_POINT ( 'NONE',  ( 16.59999999999998721, 3.500000000000000444, 0.000000000000000000 ) ) ;
#1967 = ADVANCED_FACE ( 'NONE', ( #1154 ), #797, .T. ) ;
#1968 = PLANE ( 'NONE',  #823 ) ;
#1969 = DIRECTION ( 'NONE',  ( -1.000000000000000000, 0.000000000000000000, -1.156482317317870344E-15 ) ) ;
#1970 = EDGE_CURVE ( 'NONE', #1108, #2010, #761, .T. ) ;
#1971 = CARTESIAN_POINT ( 'NONE',  ( 22.00000000000000000, 10.00000000000000000, -4.000000000000000000 ) ) ;
#1972 = EDGE_CURVE ( 'NONE', #929, #1132, #1650, .T. ) ;
#1973 = CARTESIAN_POINT ( 'NONE',  ( 18.00000000000000000, 10.00000000000000000, -15.00000000000000178 ) ) ;
#1974 = CARTESIAN_POINT ( 'NONE',  ( 37.00000000000010658, 3.500000000000000444, -91.59999999999999432 ) ) ;
#1975 = AXIS2_PLACEMENT_3D ( 'NONE', #2298, #1407, #1179 ) ;
#1976 = ORIENTED_EDGE ( 'NONE', *, *, #1615, .F. ) ;
#1977 = ORIENTED_EDGE ( 'NONE', *, *, #735, .T. ) ;
#1978 = FILL_AREA_STYLE ('',( #1765 ) ) ;
#1979 = CARTESIAN_POINT ( 'NONE',  ( 3.399999999999986589, 10.00000000000000000, -4.000000000000000000 ) ) ;
#1980 = CARTESIAN_POINT ( 'NONE',  ( 34.00000000000019895, 10.00000000000000000, -83.00000000000000000 ) ) ;
#1981 = CARTESIAN_POINT ( 'NONE',  ( 22.00000000000000000, 0.000000000000000000, -7.000000000000000000 ) ) ;
#1982 = VECTOR ( 'NONE', #610, 1000.000000000000000 ) ;
#1983 = AXIS2_PLACEMENT_3D ( 'NONE', #1030, #664, #1241 ) ;
#1984 = DIRECTION ( 'NONE',  ( 1.000000000000000000, -0.000000000000000000, -0.000000000000000000 ) ) ;
#1985 = DIRECTION ( 'NONE',  ( -0.000000000000000000, -1.000000000000000000, -0.000000000000000000 ) ) ;
#1986 = DIRECTION ( 'NONE',  ( -1.000000000000000000, 0.000000000000000000, 0.000000000000000000 ) ) ;
#1987 = CIRCLE ( 'NONE', #564, 2.500000000000002220 ) ;
#1988 = VECTOR ( 'NONE', #507, 1000.000000000000000 ) ;
#1989 = VECTOR ( 'NONE', #840, 1000.000000000000000 ) ;
#1990 = ADVANCED_FACE ( 'NONE', ( #1119 ), #47, .F. ) ;
#1991 = VECTOR ( 'NONE', #645, 1000.000000000000000 ) ;
#1992 = ORIENTED_EDGE ( 'NONE', *, *, #608, .F. ) ;
#1993 = LINE ( 'NONE', #351, #789 ) ;
#1994 = DIRECTION ( 'NONE',  ( 1.000000000000000000, 0.000000000000000000, -0.000000000000000000 ) ) ;
#1995 = PLANE ( 'NONE',  #2105 ) ;
#1996 = ORIENTED_EDGE ( 'NONE', *, *, #121, .T. ) ;
#1997 = LINE ( 'NONE', #2174, #1539 ) ;
#1998 = CARTESIAN_POINT ( 'NONE',  ( 41.00000000000010658, 3.500000000000000444, -91.59999999999999432 ) ) ;
#1999 = ADVANCED_FACE ( 'NONE', ( #2199 ), #2192, .F. ) ;
#2000 = CARTESIAN_POINT ( 'NONE',  ( 37.00000000000019895, 10.00000000000000000, -77.00000000000000000 ) ) ;
#2001 = ORIENTED_EDGE ( 'NONE', *, *, #391, .F. ) ;
#2002 = CARTESIAN_POINT ( 'NONE',  ( 11.99999999999999822, 10.00000000000000000, -7.000000000000000000 ) ) ;
#2003 = FACE_OUTER_BOUND ( 'NONE', #938, .T. ) ;
#2004 = ORIENTED_EDGE ( 'NONE', *, *, #582, .F. ) ;
#2005 = ORIENTED_EDGE ( 'NONE', *, *, #971, .F. ) ;
#2006 = LINE ( 'NONE', #1287, #909 ) ;
#2007 = FACE_OUTER_BOUND ( 'NONE', #410, .T. ) ;
#2008 = CARTESIAN_POINT ( 'NONE',  ( 27.99999999999999645, -6.500000000000000888, -4.000000000000000000 ) ) ;
#2009 = CARTESIAN_POINT ( 'NONE',  ( 13.39999999999998259, 3.500000000000000444, 0.000000000000000000 ) ) ;
#2010 = VERTEX_POINT ( 'NONE', #2040 ) ;
#2011 = ORIENTED_EDGE ( 'NONE', *, *, #26, .F. ) ;
#2012 = CARTESIAN_POINT ( 'NONE',  ( 30.00000000000000355, 10.00000000000000000, -75.00000000000000000 ) ) ;
#2013 = LINE ( 'NONE', #2226, #1819 ) ;
#2014 = VECTOR ( 'NONE', #474, 1000.000000000000000 ) ;
#2015 = ORIENTED_EDGE ( 'NONE', *, *, #1050, .T. ) ;
#2016 = EDGE_CURVE ( 'NONE', #273, #395, #2013, .T. ) ;
#2017 = CARTESIAN_POINT ( 'NONE',  ( 41.00000000000010658, 3.500000000000000444, -91.59999999999999432 ) ) ;
#2018 = DIRECTION ( 'NONE',  ( -0.000000000000000000, 1.000000000000000000, -0.000000000000000000 ) ) ;
#2019 = CARTESIAN_POINT ( 'NONE',  ( 0.000000000000000000, 0.000000000000000000, -128.3600000000000136 ) ) ;
#2020 = VECTOR ( 'NONE', #919, 1000.000000000000000 ) ;
#2021 = VECTOR ( 'NONE', #2221, 1000.000000000000000 ) ;
#2022 = LINE ( 'NONE', #1488, #1652 ) ;
#2023 = ORIENTED_EDGE ( 'NONE', *, *, #1696, .F. ) ;
#2024 = AXIS2_PLACEMENT_3D ( 'NONE', #2253, #652, #1365 ) ;
#2025 = ORIENTED_EDGE ( 'NONE', *, *, #1374, .F. ) ;
#2026 = EDGE_CURVE ( 'NONE', #405, #1956, #255, .T. ) ;
#2027 = CARTESIAN_POINT ( 'NONE',  ( 16.59999999999998721, 10.00000000000000000, 0.000000000000000000 ) ) ;
#2028 = VECTOR ( 'NONE', #1764, 1000.000000000000000 ) ;
#2029 = VECTOR ( 'NONE', #2172, 1000.000000000000000 ) ;
#2030 = VERTEX_POINT ( 'NONE', #2062 ) ;
#2031 = DIRECTION ( 'NONE',  ( 0.000000000000000000, -1.000000000000000000, 0.000000000000000000 ) ) ;
#2032 = ADVANCED_FACE ( 'NONE', ( #1165 ), #270, .F. ) ;
#2033 = CARTESIAN_POINT ( 'NONE',  ( 6.599999999999988987, 3.500000000000000444, -4.000000000000000000 ) ) ;
#2034 = DIRECTION ( 'NONE',  ( -0.000000000000000000, 0.000000000000000000, 1.000000000000000000 ) ) ;
#2035 = CARTESIAN_POINT ( 'NONE',  ( 11.99999999999999822, 10.00000000000000000, -7.000000000000000000 ) ) ;
#2036 = DIRECTION ( 'NONE',  ( 0.000000000000000000, -1.000000000000000000, 0.000000000000000000 ) ) ;
#2037 = ORIENTED_EDGE ( 'NONE', *, *, #1310, .T. ) ;
#2038 = VERTEX_POINT ( 'NONE', #230 ) ;
#2039 = CARTESIAN_POINT ( 'NONE',  ( 11.99999999999999645, 10.00000000000000000, -76.76156825954063834 ) ) ;
#2040 = CARTESIAN_POINT ( 'NONE',  ( 22.00000000000000000, 0.000000000000000000, -4.000000000000000000 ) ) ;
#2041 = EDGE_CURVE ( 'NONE', #666, #650, #1661, .T. ) ;
#2042 = ORIENTED_EDGE ( 'NONE', *, *, #1546, .F. ) ;
#2043 = DIRECTION ( 'NONE',  ( 0.000000000000000000, -1.000000000000000000, 0.000000000000000000 ) ) ;
#2044 = CARTESIAN_POINT ( 'NONE',  ( 37.00000000000021316, 3.500000000000000444, -78.40000000000000568 ) ) ;
#2045 = ADVANCED_FACE ( 'NONE', ( #94 ), #1523, .F. ) ;
#2046 = ORIENTED_EDGE ( 'NONE', *, *, #1532, .F. ) ;
#2047 = LINE ( 'NONE', #429, #1683 ) ;
#2048 = LINE ( 'NONE', #1859, #271 ) ;
#2049 = VERTEX_POINT ( 'NONE', #660 ) ;
#2050 = VERTEX_POINT ( 'NONE', #1035 ) ;
#2051 = DIRECTION ( 'NONE',  ( 0.000000000000000000, 0.000000000000000000, -1.000000000000000000 ) ) ;
#2052 = CARTESIAN_POINT ( 'NONE',  ( 70.00000000000000000, 10.00000000000000000, -75.00000000000000000 ) ) ;
#2053 = VECTOR ( 'NONE', #2082, 1000.000000000000000 ) ;
#2054 = PLANE ( 'NONE',  #192 ) ;
#2055 = CARTESIAN_POINT ( 'NONE',  ( 36.99999999999999289, 0.000000000000000000, 0.000000000000000000 ) ) ;
#2056 = EDGE_CURVE ( 'NONE', #982, #315, #1736, .T. ) ;
#2057 = PLANE ( 'NONE',  #1717 ) ;
#2058 = LINE ( 'NONE', #1184, #944 ) ;
#2059 = EDGE_LOOP ( 'NONE', ( #350, #975 ) ) ;
#2060 = EDGE_CURVE ( 'NONE', #1956, #1509, #1528, .T. ) ;
#2061 = VECTOR ( 'NONE', #144, 1000.000000000000000 ) ;
#2062 = CARTESIAN_POINT ( 'NONE',  ( 8.000000000000000000, -0.000000000000000000, -4.000000000000000000 ) ) ;
#2063 = VECTOR ( 'NONE', #2043, 1000.000000000000000 ) ;
#2064 = ORIENTED_EDGE ( 'NONE', *, *, #2091, .T. ) ;
#2065 = ADVANCED_FACE ( 'NONE', ( #1008 ), #2110, .F. ) ;
#2066 = LINE ( 'NONE', #2229, #82 ) ;
#2067 = CIRCLE ( 'NONE', #119, 20.00000000000000355 ) ;
#2068 = CARTESIAN_POINT ( 'NONE',  ( 34.00000000000019185, 0.000000000000000000, -77.00000000000000000 ) ) ;
#2069 = FACE_OUTER_BOUND ( 'NONE', #102, .T. ) ;
#2070 = LINE ( 'NONE', #1508, #685 ) ;
#2071 = EDGE_CURVE ( 'NONE', #1809, #1509, #1045, .T. ) ;
#2072 = DIRECTION ( 'NONE',  ( -1.000000000000000000, -0.000000000000000000, -0.000000000000000000 ) ) ;
#2073 = PLANE ( 'NONE',  #2250 ) ;
#2074 = ORIENTED_EDGE ( 'NONE', *, *, #1779, .T. ) ;
#2075 = VERTEX_POINT ( 'NONE', #647 ) ;
#2076 = CARTESIAN_POINT ( 'NONE',  ( 37.00000000000009237, 10.00000000000000000, -87.00000000000000000 ) ) ;
#2077 = CARTESIAN_POINT ( 'NONE',  ( 0.000000000000000000, 3.500000000000000444, 0.000000000000000000 ) ) ;
#2078 = EDGE_CURVE ( 'NONE', #701, #2269, #2271, .T. ) ;
#2079 = ORIENTED_EDGE ( 'NONE', *, *, #157, .F. ) ;
#2080 = CARTESIAN_POINT ( 'NONE',  ( 3.399999999999986144, 3.500000000000000444, 0.000000000000000000 ) ) ;
#2081 = DIRECTION ( 'NONE',  ( -0.000000000000000000, 1.000000000000000000, -0.000000000000000000 ) ) ;
#2082 = DIRECTION ( 'NONE',  ( 0.000000000000000000, -1.000000000000000000, 0.000000000000000000 ) ) ;
#2083 = ORIENTED_EDGE ( 'NONE', *, *, #983, .T. ) ;
#2084 = CARTESIAN_POINT ( 'NONE',  ( 23.39999999999998082, 3.500000000000000444, 0.000000000000000000 ) ) ;
#2085 = ORIENTED_EDGE ( 'NONE', *, *, #1656, .T. ) ;
#2086 = ORIENTED_EDGE ( 'NONE', *, *, #177, .F. ) ;
#2087 = CARTESIAN_POINT ( 'NONE',  ( 26.59999999999998010, 10.00000000000000000, -4.000000000000000000 ) ) ;
#2088 = EDGE_LOOP ( 'NONE', ( #972, #1903, #359, #1146 ) ) ;
#2089 = CARTESIAN_POINT ( 'NONE',  ( 0.000000000000000000, 10.00000000000000000, -105.0000000000000000 ) ) ;
#2090 = VERTEX_POINT ( 'NONE', #303 ) ;
#2091 = EDGE_CURVE ( 'NONE', #1178, #563, #1213, .T. ) ;
#2092 = DIRECTION ( 'NONE',  ( -0.000000000000000000, 0.000000000000000000, 1.000000000000000000 ) ) ;
#2093 = CARTESIAN_POINT ( 'NONE',  ( 0.000000000000000000, 50.00000000000000000, -128.3600000000000136 ) ) ;
#2094 = DIRECTION ( 'NONE',  ( -0.000000000000000000, 0.000000000000000000, 1.000000000000000000 ) ) ;
#2095 = VERTEX_POINT ( 'NONE', #280 ) ;
#2096 = VERTEX_POINT ( 'NONE', #843 ) ;
#2097 = PLANE ( 'NONE',  #708 ) ;
#2098 = DIRECTION ( 'NONE',  ( -0.000000000000000000, 1.000000000000000000, -0.000000000000000000 ) ) ;
#2099 = ADVANCED_FACE ( 'NONE', ( #1921 ), #2245, .F. ) ;
#2100 = ORIENTED_EDGE ( 'NONE', *, *, #43, .F. ) ;
#2101 = DIRECTION ( 'NONE',  ( -1.000000000000000000, 0.000000000000000000, 2.312964634635742957E-16 ) ) ;
#2102 = VECTOR ( 'NONE', #204, 1000.000000000000000 ) ;
#2103 = AXIS2_PLACEMENT_3D ( 'NONE', #965, #1674, #2237 ) ;
#2104 = CARTESIAN_POINT ( 'NONE',  ( 2.000000000000000000, 10.00000000000000000, -7.000000000000000000 ) ) ;
#2105 = AXIS2_PLACEMENT_3D ( 'NONE', #244, #953, #59 ) ;
#2106 = EDGE_CURVE ( 'NONE', #1185, #1132, #668, .T. ) ;
#2107 = CARTESIAN_POINT ( 'NONE',  ( 37.00000000000019895, -6.500000000000000888, -83.00000000000000000 ) ) ;
#2108 = ORIENTED_EDGE ( 'NONE', *, *, #1670, .F. ) ;
#2109 = VERTEX_POINT ( 'NONE', #502 ) ;
#2110 = PLANE ( 'NONE',  #816 ) ;
#2111 = CARTESIAN_POINT ( 'NONE',  ( 0.000000000000000000, 3.500000000000000444, 0.000000000000000000 ) ) ;
#2112 = VERTEX_POINT ( 'NONE', #869 ) ;
#2113 = ORIENTED_EDGE ( 'NONE', *, *, #1060, .T. ) ;
#2114 = CARTESIAN_POINT ( 'NONE',  ( 18.00000000000000000, 0.000000000000000000, -15.00000000000000178 ) ) ;
#2115 = ORIENTED_EDGE ( 'NONE', *, *, #566, .T. ) ;
#2116 = CARTESIAN_POINT ( 'NONE',  ( 0.000000000000000000, -0.000000000000000000, -96.99999999999998579 ) ) ;
#2117 = CARTESIAN_POINT ( 'NONE',  ( 3.399999999999986144, 10.00000000000000000, 0.000000000000000000 ) ) ;
#2118 = DIRECTION ( 'NONE',  ( 1.000000000000000000, -0.000000000000000000, -0.000000000000000000 ) ) ;
#2119 = ORIENTED_EDGE ( 'NONE', *, *, #2154, .T. ) ;
#2120 = ORIENTED_EDGE ( 'NONE', *, *, #1642, .F. ) ;
#2121 = PLANE ( 'NONE',  #2217 ) ;
#2122 = EDGE_CURVE ( 'NONE', #1248, #1680, #1383, .T. ) ;
#2123 = DIRECTION ( 'NONE',  ( -0.000000000000000000, -0.000000000000000000, 1.000000000000000000 ) ) ;
#2124 = ORIENTED_EDGE ( 'NONE', *, *, #1334, .T. ) ;
#2125 = LINE ( 'NONE', #516, #1831 ) ;
#2126 = DIRECTION ( 'NONE',  ( -0.000000000000000000, 1.000000000000000000, -0.000000000000000000 ) ) ;
#2127 = ORIENTED_EDGE ( 'NONE', *, *, #394, .F. ) ;
#2128 = LINE ( 'NONE', #2264, #1390 ) ;
#2129 = ADVANCED_FACE ( 'NONE', ( #1395 ), #2097, .F. ) ;
#2130 = DIRECTION ( 'NONE',  ( -1.000000000000000000, 0.000000000000000000, 0.000000000000000000 ) ) ;
#2131 = AXIS2_PLACEMENT_3D ( 'NONE', #855, #327, #2281 ) ;
#2132 = DIRECTION ( 'NONE',  ( 0.000000000000000000, 0.000000000000000000, -1.000000000000000000 ) ) ;
#2133 = EDGE_LOOP ( 'NONE', ( #320, #240, #678, #1037 ) ) ;
#2134 = VERTEX_POINT ( 'NONE', #1547 ) ;
#2135 = EDGE_CURVE ( 'NONE', #1451, #405, #1535, .T. ) ;
#2136 = VERTEX_POINT ( 'NONE', #316 ) ;
#2137 = ORIENTED_EDGE ( 'NONE', *, *, #2071, .T. ) ;
#2138 = FACE_OUTER_BOUND ( 'NONE', #682, .T. ) ;
#2139 = VERTEX_POINT ( 'NONE', #2087 ) ;
#2140 = VECTOR ( 'NONE', #1744, 1000.000000000000000 ) ;
#2141 = DIRECTION ( 'NONE',  ( -0.000000000000000000, 0.000000000000000000, -1.000000000000000000 ) ) ;
#2142 = VECTOR ( 'NONE', #180, 1000.000000000000000 ) ;
#2143 = DIRECTION ( 'NONE',  ( -1.000000000000000000, 0.000000000000000000, 0.000000000000000000 ) ) ;
#2144 = AXIS2_PLACEMENT_3D ( 'NONE', #1531, #641, #111 ) ;
#2145 = DIRECTION ( 'NONE',  ( -1.000000000000000000, -0.000000000000000000, -0.000000000000000000 ) ) ;
#2146 = ORIENTED_EDGE ( 'NONE', *, *, #4, .F. ) ;
#2147 = EDGE_CURVE ( 'NONE', #1351, #2030, #1023, .T. ) ;
#2148 = AXIS2_PLACEMENT_3D ( 'NONE', #921, #1444, #7 ) ;
#2149 = ORIENTED_EDGE ( 'NONE', *, *, #1484, .F. ) ;
#2150 = ADVANCED_FACE ( 'NONE', ( #1582, #1360 ), #1930, .F. ) ;
#2151 = VERTEX_POINT ( 'NONE', #995 ) ;
#2152 = ORIENTED_EDGE ( 'NONE', *, *, #1019, .T. ) ;
#2153 = DIRECTION ( 'NONE',  ( -0.000000000000000000, 0.000000000000000000, 1.000000000000000000 ) ) ;
#2154 = EDGE_CURVE ( 'NONE', #2096, #539, #464, .T. ) ;
#2155 = EDGE_CURVE ( 'NONE', #1281, #2112, #1474, .T. ) ;
#2156 = CARTESIAN_POINT ( 'NONE',  ( 3.399999999999986144, 3.500000000000000444, 0.000000000000000000 ) ) ;
#2157 = CARTESIAN_POINT ( 'NONE',  ( 3.399999999999986144, 10.00000000000000000, 0.000000000000000000 ) ) ;
#2158 = LINE ( 'NONE', #1974, #12 ) ;
#2159 = ORIENTED_EDGE ( 'NONE', *, *, #1676, .T. ) ;
#2160 = ORIENTED_EDGE ( 'NONE', *, *, #383, .T. ) ;
#2161 = CARTESIAN_POINT ( 'NONE',  ( 50.00000000000000000, 0.000000000000000000, -54.99999999999999289 ) ) ;
#2162 = CARTESIAN_POINT ( 'NONE',  ( 27.99999999999999645, 0.000000000000000000, -7.000000000000000000 ) ) ;
#2163 = CARTESIAN_POINT ( 'NONE',  ( 0.000000000000000000, 0.000000000000000000, 0.000000000000000000 ) ) ;
#2164 = EDGE_CURVE ( 'NONE', #1922, #1556, #1666, .T. ) ;
#2165 = FACE_OUTER_BOUND ( 'NONE', #1549, .T. ) ;
#2166 = UNCERTAINTY_MEASURE_WITH_UNIT (LENGTH_MEASURE( 1.000000000000000082E-05 ), #1698, 'distance_accuracy_value', 'NONE');
#2167 = FACE_OUTER_BOUND ( 'NONE', #1128, .T. ) ;
#2168 = CARTESIAN_POINT ( 'NONE',  ( 37.00000000000019895, 10.00000000000000000, -83.00000000000000000 ) ) ;
#2169 = EDGE_LOOP ( 'NONE', ( #653, #1900, #96, #2025 ) ) ;
#2170 = LINE ( 'NONE', #384, #418 ) ;
#2171 = DIRECTION ( 'NONE',  ( -0.000000000000000000, 1.000000000000000000, -0.000000000000000000 ) ) ;
#2172 = DIRECTION ( 'NONE',  ( -1.000000000000000000, 0.000000000000000000, 0.000000000000000000 ) ) ;
#2173 = ORIENTED_EDGE ( 'NONE', *, *, #1696, .T. ) ;
#2174 = CARTESIAN_POINT ( 'NONE',  ( 2.000000000000000000, 10.00000000000000000, -4.000000000000000000 ) ) ;
#2175 = VECTOR ( 'NONE', #1530, 1000.000000000000000 ) ;
#2176 = CARTESIAN_POINT ( 'NONE',  ( 11.99999999999999645, 10.00000000000000000, -15.00000000000000178 ) ) ;
#2177 = LINE ( 'NONE', #379, #777 ) ;
#2178 = FACE_OUTER_BOUND ( 'NONE', #104, .T. ) ;
#2179 = EDGE_CURVE ( 'NONE', #1879, #524, #1824, .T. ) ;
#2180 = AXIS2_PLACEMENT_3D ( 'NONE', #191, #731, #898 ) ;
#2181 = VECTOR ( 'NONE', #1740, 1000.000000000000000 ) ;
#2182 = VECTOR ( 'NONE', #1350, 1000.000000000000000 ) ;
#2183 = ORIENTED_EDGE ( 'NONE', *, *, #512, .T. ) ;
#2184 = DIRECTION ( 'NONE',  ( 1.000000000000000000, 0.000000000000000000, 0.000000000000000000 ) ) ;
#2185 = DIRECTION ( 'NONE',  ( 1.000000000000000000, 0.000000000000000000, 0.000000000000000000 ) ) ;
#2186 = DIRECTION ( 'NONE',  ( 1.000000000000000000, 0.000000000000000000, 0.000000000000000000 ) ) ;
#2187 = DIRECTION ( 'NONE',  ( -0.000000000000000000, -0.000000000000000000, 1.000000000000000000 ) ) ;
#2188 = CARTESIAN_POINT ( 'NONE',  ( 18.00000000000000000, -6.500000000000000888, -7.000000000000000000 ) ) ;
#2189 = PLANE ( 'NONE',  #1580 ) ;
#2190 = ORIENTED_EDGE ( 'NONE', *, *, #236, .T. ) ;
#2191 = EDGE_CURVE ( 'NONE', #1161, #1481, #33, .T. ) ;
#2192 = CYLINDRICAL_SURFACE ( 'NONE', #1494, 2.500000000000002220 ) ;
#2193 = DIRECTION ( 'NONE',  ( -1.000000000000000000, 0.000000000000000000, 0.000000000000000000 ) ) ;
#2194 = DIRECTION ( 'NONE',  ( 0.000000000000000000, -1.000000000000000000, 0.000000000000000000 ) ) ;
#2195 = CARTESIAN_POINT ( 'NONE',  ( 18.00000000000000000, -0.000000000000000000, -4.000000000000000000 ) ) ;
#2196 = DIRECTION ( 'NONE',  ( -0.000000000000000000, 0.000000000000000000, 1.000000000000000000 ) ) ;
#2197 = ADVANCED_FACE ( 'NONE', ( #196 ), #1805, .F. ) ;
#2198 = ORIENTED_EDGE ( 'NONE', *, *, #1075, .F. ) ;
#2199 = FACE_OUTER_BOUND ( 'NONE', #993, .T. ) ;
#2200 = AXIS2_PLACEMENT_3D ( 'NONE', #2052, #58, #1491 ) ;
#2201 = EDGE_CURVE ( 'NONE', #1694, #256, #1091, .T. ) ;
#2202 = EDGE_LOOP ( 'NONE', ( #1558, #809, #2183, #470, #559, #1850, #1908, #1821 ) ) ;
#2203 = ORIENTED_EDGE ( 'NONE', *, *, #546, .T. ) ;
#2204 = LINE ( 'NONE', #1855, #1318 ) ;
#2205 = CARTESIAN_POINT ( 'NONE',  ( 34.00000000000000000, 5.000000000000000000, -8.000000000000000000 ) ) ;
#2206 = FACE_OUTER_BOUND ( 'NONE', #506, .T. ) ;
#2207 = VECTOR ( 'NONE', #973, 1000.000000000000000 ) ;
#2208 = DIRECTION ( 'NONE',  ( -1.084202172485504434E-16, -0.000000000000000000, 1.000000000000000000 ) ) ;
#2209 = AXIS2_PLACEMENT_3D ( 'NONE', #40, #1473, #1273 ) ;
#2210 = ORIENTED_EDGE ( 'NONE', *, *, #2056, .T. ) ;
#2211 = EDGE_CURVE ( 'NONE', #2313, #273, #947, .T. ) ;
#2212 = VECTOR ( 'NONE', #1813, 1000.000000000000000 ) ;
#2213 = VECTOR ( 'NONE', #1107, 1000.000000000000000 ) ;
#2214 = VERTEX_POINT ( 'NONE', #915 ) ;
#2215 = DIRECTION ( 'NONE',  ( -1.156482317317870344E-15, 0.000000000000000000, 1.000000000000000000 ) ) ;
#2216 = CARTESIAN_POINT ( 'NONE',  ( 14.99999999999999822, -6.000000000000000000, -12.00000000000000000 ) ) ;
#2217 = AXIS2_PLACEMENT_3D ( 'NONE', #513, #1592, #525 ) ;
#2218 = ADVANCED_FACE ( 'NONE', ( #2167 ), #1634, .F. ) ;
#2219 = VERTEX_POINT ( 'NONE', #1274 ) ;
#2220 = DIRECTION ( 'NONE',  ( 1.000000000000000000, 0.000000000000000000, 0.000000000000000000 ) ) ;
#2221 = DIRECTION ( 'NONE',  ( -0.000000000000000000, 1.000000000000000000, -0.000000000000000000 ) ) ;
#2222 = ORIENTED_EDGE ( 'NONE', *, *, #1204, .F. ) ;
#2223 = LINE ( 'NONE', #1336, #151 ) ;
#2224 = VERTEX_POINT ( 'NONE', #1126 ) ;
#2225 = EDGE_LOOP ( 'NONE', ( #1637, #353, #2278, #1843 ) ) ;
#2226 = CARTESIAN_POINT ( 'NONE',  ( 37.00000000000009237, -6.500000000000000888, -87.00000000000000000 ) ) ;
#2227 = ADVANCED_FACE ( 'NONE', ( #41 ), #514, .F. ) ;
#2228 = VERTEX_POINT ( 'NONE', #733 ) ;
#2229 = CARTESIAN_POINT ( 'NONE',  ( 9.797174393178825657E-16, 10.00000000000000000, -105.3599999999999994 ) ) ;
#2230 = CARTESIAN_POINT ( 'NONE',  ( 33.99999999999997868, 0.000000000000000000, -96.99999999999998579 ) ) ;
#2231 = ADVANCED_FACE ( 'NONE', ( #238 ), #399, .F. ) ;
#2232 = DIRECTION ( 'NONE',  ( -1.224646799147352961E-16, 0.000000000000000000, -1.000000000000000000 ) ) ;
#2233 = ORIENTED_EDGE ( 'NONE', *, *, #2122, .F. ) ;
#2234 = ORIENTED_EDGE ( 'NONE', *, *, #959, .F. ) ;
#2235 = CARTESIAN_POINT ( 'NONE',  ( 37.00000000000019895, -6.500000000000000888, -77.00000000000000000 ) ) ;
#2236 = LINE ( 'NONE', #127, #2182 ) ;
#2237 = DIRECTION ( 'NONE',  ( 0.000000000000000000, -0.000000000000000000, -1.000000000000000000 ) ) ;
#2238 = EDGE_CURVE ( 'NONE', #1083, #701, #1106, .T. ) ;
#2239 = CARTESIAN_POINT ( 'NONE',  ( 26.59999999999998010, 10.00000000000000000, 0.000000000000000000 ) ) ;
#2240 = APPLICATION_PROTOCOL_DEFINITION ( 'draft international standard', 'automotive_design', 1998, #1313 ) ;
#2241 = CARTESIAN_POINT ( 'NONE',  ( 41.00000000000000000, 3.500000000000000444, -101.5999999999999943 ) ) ;
#2242 = ORIENTED_EDGE ( 'NONE', *, *, #49, .F. ) ;
#2243 = ORIENTED_EDGE ( 'NONE', *, *, #782, .F. ) ;
#2244 = VECTOR ( 'NONE', #508, 1000.000000000000000 ) ;
#2245 = CYLINDRICAL_SURFACE ( 'NONE', #1124, 3.000000000000002665 ) ;
#2246 = DIRECTION ( 'NONE',  ( -2.312964634635742957E-16, -0.000000000000000000, -1.000000000000000000 ) ) ;
#2247 = VECTOR ( 'NONE', #375, 1000.000000000000000 ) ;
#2248 = LINE ( 'NONE', #1525, #1210 ) ;
#2249 = ORIENTED_EDGE ( 'NONE', *, *, #1173, .T. ) ;
#2250 = AXIS2_PLACEMENT_3D ( 'NONE', #2266, #992, #1902 ) ;
#2251 = CARTESIAN_POINT ( 'NONE',  ( 14.99999999999999822, 10.00000000000000000, -76.76156825954063834 ) ) ;
#2252 = VECTOR ( 'NONE', #53, 1000.000000000000000 ) ;
#2253 = CARTESIAN_POINT ( 'NONE',  ( 34.00000000000000000, 5.000000000000000000, -8.000000000000000000 ) ) ;
#2254 = CARTESIAN_POINT ( 'NONE',  ( 37.00000000000009237, 0.000000000000000000, -93.00000000000000000 ) ) ;
#2255 = DIRECTION ( 'NONE',  ( -0.000000000000000000, 1.000000000000000000, -0.000000000000000000 ) ) ;
#2256 = CARTESIAN_POINT ( 'NONE',  ( 11.99999999999999822, 0.000000000000000000, 0.000000000000000000 ) ) ;
#2257 = ORIENTED_EDGE ( 'NONE', *, *, #1891, .F. ) ;
#2258 = ORIENTED_EDGE ( 'NONE', *, *, #1687, .T. ) ;
#2259 = DIRECTION ( 'NONE',  ( 1.000000000000000000, 0.000000000000000000, 0.000000000000000000 ) ) ;
#2260 = DIRECTION ( 'NONE',  ( 0.000000000000000000, -1.000000000000000000, 0.000000000000000000 ) ) ;
#2261 = EDGE_CURVE ( 'NONE', #66, #1956, #1459, .T. ) ;
#2262 = ORIENTED_EDGE ( 'NONE', *, *, #1929, .T. ) ;
#2263 = CARTESIAN_POINT ( 'NONE',  ( 0.000000000000000000, 0.000000000000000000, -7.000000000000000000 ) ) ;
#2264 = CARTESIAN_POINT ( 'NONE',  ( 70.00000000000000000, 10.00000000000000000, -54.99999999999999289 ) ) ;
#2265 = LINE ( 'NONE', #699, #2140 ) ;
#2266 = CARTESIAN_POINT ( 'NONE',  ( 34.00000000000008527, -6.500000000000000888, -87.00000000000000000 ) ) ;
#2267 = EDGE_LOOP ( 'NONE', ( #473, #1659, #3, #515 ) ) ;
#2268 = EDGE_CURVE ( 'NONE', #2219, #1733, #2177, .T. ) ;
#2269 = VERTEX_POINT ( 'NONE', #2019 ) ;
#2270 = DIRECTION ( 'NONE',  ( -1.000000000000000000, -0.000000000000000000, -0.000000000000000000 ) ) ;
#2271 = LINE ( 'NONE', #149, #1604 ) ;
#2272 = CARTESIAN_POINT ( 'NONE',  ( 41.00000000000000000, 3.500000000000000444, -98.40000000000000568 ) ) ;
#2273 = EDGE_LOOP ( 'NONE', ( #1839, #2079, #1605, #1296 ) ) ;
#2274 = ADVANCED_FACE ( 'NONE', ( #1655 ), #51, .F. ) ;
#2275 = DIRECTION ( 'NONE',  ( 0.000000000000000000, 0.000000000000000000, 1.000000000000000000 ) ) ;
#2276 = CARTESIAN_POINT ( 'NONE',  ( 34.00000000000008527, -6.500000000000000888, -87.00000000000000000 ) ) ;
#2277 = LINE ( 'NONE', #839, #2282 ) ;
#2278 = ORIENTED_EDGE ( 'NONE', *, *, #363, .T. ) ;
#2279 = EDGE_LOOP ( 'NONE', ( #60, #2243, #531, #1441 ) ) ;
#2280 = CARTESIAN_POINT ( 'NONE',  ( 13.39999999999998259, 3.500000000000000444, 0.000000000000000000 ) ) ;
#2281 = DIRECTION ( 'NONE',  ( 0.000000000000000000, 0.000000000000000000, 1.000000000000000000 ) ) ;
#2282 = VECTOR ( 'NONE', #498, 1000.000000000000000 ) ;
#2283 = ORIENTED_EDGE ( 'NONE', *, *, #2122, .T. ) ;
#2284 = VERTEX_POINT ( 'NONE', #1234 ) ;
#2285 = DIRECTION ( 'NONE',  ( 0.000000000000000000, 1.000000000000000000, 0.000000000000000000 ) ) ;
#2286 = VECTOR ( 'NONE', #1156, 1000.000000000000000 ) ;
#2287 = ORIENTED_EDGE ( 'NONE', *, *, #1845, .F. ) ;
#2288 = VECTOR ( 'NONE', #425, 1000.000000000000000 ) ;
#2289 = CARTESIAN_POINT ( 'NONE',  ( 2.000000000000000000, -6.500000000000000888, -4.000000000000000000 ) ) ;
#2290 = CARTESIAN_POINT ( 'NONE',  ( 30.00000000000000000, 0.000000000000000000, -34.99999999999999289 ) ) ;
#2291 = VECTOR ( 'NONE', #969, 1000.000000000000000 ) ;
#2292 = EDGE_CURVE ( 'NONE', #1186, #2139, #1289, .T. ) ;
#2293 = FACE_OUTER_BOUND ( 'NONE', #1420, .T. ) ;
#2294 = CARTESIAN_POINT ( 'NONE',  ( 50.00000000000000000, 10.00000000000000000, -54.99999999999999289 ) ) ;
#2295 = VERTEX_POINT ( 'NONE', #957 ) ;
#2296 = ORIENTED_EDGE ( 'NONE', *, *, #236, .F. ) ;
#2297 = DIRECTION ( 'NONE',  ( 0.000000000000000000, 0.000000000000000000, -1.000000000000000000 ) ) ;
#2298 = CARTESIAN_POINT ( 'NONE',  ( 0.000000000000000000, 10.00000000000000000, 0.000000000000000000 ) ) ;
#2299 = ORIENTED_EDGE ( 'NONE', *, *, #368, .F. ) ;
#2300 = DIRECTION ( 'NONE',  ( -4.625929269271485791E-17, 0.000000000000000000, 1.000000000000000000 ) ) ;
#2301 = CARTESIAN_POINT ( 'NONE',  ( 14.99999999999999822, 10.00000000000000000, -15.00000000000000178 ) ) ;
#2302 = EDGE_CURVE ( 'NONE', #2224, #1211, #774, .T. ) ;
#2303 = CARTESIAN_POINT ( 'NONE',  ( 0.000000000000000000, 0.000000000000000000, -128.3600000000000136 ) ) ;
#2304 = PLANE ( 'NONE',  #1723 ) ;
#2305 = CARTESIAN_POINT ( 'NONE',  ( 27.99999999999999645, 10.00000000000000000, -4.000000000000000000 ) ) ;
#2306 = CARTESIAN_POINT ( 'NONE',  ( 30.00000000000000000, 0.000000000000000000, 0.000000000000000000 ) ) ;
#2307 = ADVANCED_FACE ( 'NONE', ( #2069 ), #1857, .F. ) ;
#2308 = ORIENTED_EDGE ( 'NONE', *, *, #597, .T. ) ;
#2309 = EDGE_CURVE ( 'NONE', #17, #929, #1708, .T. ) ;
#2310 = ORIENTED_EDGE ( 'NONE', *, *, #168, .F. ) ;
#2311 = CARTESIAN_POINT ( 'NONE',  ( 23.39999999999998082, 3.500000000000000444, -4.000000000000000000 ) ) ;
#2312 = CARTESIAN_POINT ( 'NONE',  ( 22.00000000000000000, 10.00000000000000000, -7.000000000000000000 ) ) ;
#2313 = VERTEX_POINT ( 'NONE', #2254 ) ;
#2314 = DIRECTION ( 'NONE',  ( -1.000000000000000000, 0.000000000000000000, -0.000000000000000000 ) ) ;
#2315 = ADVANCED_FACE ( 'NONE', ( #2206 ), #459, .F. ) ;
#2316 = LINE ( 'NONE', #1588, #1611 ) ;
#2317 = VECTOR ( 'NONE', #1349, 1000.000000000000000 ) ;
#2318 = PLANE ( 'NONE',  #45 ) ;
ENDSEC;
END-ISO-10303-21;
