ISO-10303-21;
HEADER;
FILE_DESCRIPTION (( 'STEP AP214' ),
    '1' );
FILE_NAME ('j5.STEP',
    '2026-08-29T12:07:35',
    ( '' ),
    ( '' ),
    'SwSTEP 2.0',
    'SolidWorks 2024',
    '' );
FILE_SCHEMA (( 'AUTOMOTIVE_DESIGN' ));
ENDSEC;

DATA;
#1 = ORIENTED_EDGE ( 'NONE', *, *, #1765, .T. ) ;
#2 = DIRECTION ( 'NONE',  ( 0.000000000000000000, 0.000000000000000000, 1.000000000000000000 ) ) ;
#3 = CARTESIAN_POINT ( 'NONE',  ( 63.92503786197111282, 7.720087475578428560, -10.00000000000000178 ) ) ;
#4 = VERTEX_POINT ( 'NONE', #399 ) ;
#5 = CARTESIAN_POINT ( 'NONE',  ( 79.00000000000000000, 9.000000000000000000, 2.694222958124176020E-15 ) ) ;
#6 = EDGE_CURVE ( 'NONE', #1319, #1190, #521, .T. ) ;
#7 = ORIENTED_EDGE ( 'NONE', *, *, #447, .F. ) ;
#8 = CARTESIAN_POINT ( 'NONE',  ( 101.0000000000001279, 5.999999999999999112, 3.999999999999891642 ) ) ;
#9 = CARTESIAN_POINT ( 'NONE',  ( 79.00000000000015632, 5.999999999999999112, 4.000000000000049738 ) ) ;
#10 = ORIENTED_EDGE ( 'NONE', *, *, #1734, .F. ) ;
#11 = LINE ( 'NONE', #1107, #1300 ) ;
#12 = DIRECTION ( 'NONE',  ( 0.000000000000000000, -1.000000000000000000, 0.000000000000000000 ) ) ;
#13 = CARTESIAN_POINT ( 'NONE',  ( 90.00000000000000000, 0.000000000000000000, 11.00000000000000000 ) ) ;
#14 = CYLINDRICAL_SURFACE ( 'NONE', #1099, 1.500000000000001332 ) ;
#15 = VECTOR ( 'NONE', #2061, 1000.000000000000000 ) ;
#16 = VERTEX_POINT ( 'NONE', #757 ) ;
#17 = CIRCLE ( 'NONE', #59, 1.600000000000019851 ) ;
#18 = CARTESIAN_POINT ( 'NONE',  ( 68.12315587390013150, 9.000000000000000000, -5.000000000000000888 ) ) ;
#19 = DIRECTION ( 'NONE',  ( 0.000000000000000000, 0.000000000000000000, -1.000000000000000000 ) ) ;
#20 = ORIENTED_EDGE ( 'NONE', *, *, #653, .F. ) ;
#21 = ORIENTED_EDGE ( 'NONE', *, *, #985, .T. ) ;
#22 = ADVANCED_FACE ( 'NONE', ( #1055 ), #249, .F. ) ;
#23 = DIRECTION ( 'NONE',  ( 0.000000000000000000, 0.000000000000000000, 1.000000000000000000 ) ) ;
#24 = DIRECTION ( 'NONE',  ( 0.000000000000000000, 1.000000000000000000, 0.000000000000000000 ) ) ;
#25 = VERTEX_POINT ( 'NONE', #1373 ) ;
#26 = VECTOR ( 'NONE', #1603, 1000.000000000000000 ) ;
#27 = CARTESIAN_POINT ( 'NONE',  ( 63.92503786197111282, 7.720087475578424119, -5.000000000000001776 ) ) ;
#28 = ORIENTED_EDGE ( 'NONE', *, *, #1657, .T. ) ;
#29 = AXIS2_PLACEMENT_3D ( 'NONE', #540, #1862, #24 ) ;
#30 = CYLINDRICAL_SURFACE ( 'NONE', #1843, 12.00000000000000355 ) ;
#31 = CARTESIAN_POINT ( 'NONE',  ( 68.12315587390013150, 9.000000000000000000, 10.00000000000000178 ) ) ;
#32 = ORIENTED_EDGE ( 'NONE', *, *, #931, .F. ) ;
#33 = DIRECTION ( 'NONE',  ( 0.000000000000000000, 0.000000000000000000, 1.000000000000000000 ) ) ;
#34 = ADVANCED_FACE ( 'NONE', ( #1402 ), #420, .T. ) ;
#35 = EDGE_CURVE ( 'NONE', #520, #598, #1556, .T. ) ;
#36 = CARTESIAN_POINT ( 'NONE',  ( 79.00000000000000000, 9.000000000000000000, 2.694222958124176020E-15 ) ) ;
#37 = ORIENTED_EDGE ( 'NONE', *, *, #871, .F. ) ;
#38 = CIRCLE ( 'NONE', #1246, 1.500000000000001332 ) ;
#39 = CARTESIAN_POINT ( 'NONE',  ( 0.000000000000000000, 0.000000000000000000, 17.00000000000000000 ) ) ;
#40 = VERTEX_POINT ( 'NONE', #912 ) ;
#41 = ORIENTED_EDGE ( 'NONE', *, *, #349, .F. ) ;
#42 = CIRCLE ( 'NONE', #1149, 1.600000000000019851 ) ;
#43 = DIRECTION ( 'NONE',  ( -0.000000000000000000, -1.000000000000000000, 0.000000000000000000 ) ) ;
#44 = CIRCLE ( 'NONE', #1912, 1.500000000000001332 ) ;
#45 = DIRECTION ( 'NONE',  ( 0.000000000000000000, 1.000000000000000000, -0.000000000000000000 ) ) ;
#46 = EDGE_LOOP ( 'NONE', ( #1363, #1699, #742, #318 ) ) ;
#47 = CARTESIAN_POINT ( 'NONE',  ( 90.00000000000000000, 9.000000000000000000, -11.00000000000000000 ) ) ;
#48 = PLANE ( 'NONE',  #1076 ) ;
#49 = VERTEX_POINT ( 'NONE', #1903 ) ;
#50 = EDGE_CURVE ( 'NONE', #905, #733, #2072, .T. ) ;
#51 = LINE ( 'NONE', #1864, #307 ) ;
#52 = DIRECTION ( 'NONE',  ( 0.000000000000000000, 1.000000000000000000, 0.000000000000000000 ) ) ;
#53 = EDGE_CURVE ( 'NONE', #2038, #1141, #1447, .T. ) ;
#54 = DIRECTION ( 'NONE',  ( 8.442312426737689054E-18, 4.802082557735244492E-18, 1.000000000000000000 ) ) ;
#55 = CARTESIAN_POINT ( 'NONE',  ( 90.00000000000000000, 5.999999999999999112, -12.60000000000000320 ) ) ;
#56 = VECTOR ( 'NONE', #1917, 1000.000000000000000 ) ;
#57 = CIRCLE ( 'NONE', #96, 1.600000000000004086 ) ;
#58 = AXIS2_PLACEMENT_3D ( 'NONE', #484, #631, #1475 ) ;
#59 = AXIS2_PLACEMENT_3D ( 'NONE', #856, #45, #706 ) ;
#60 = LINE ( 'NONE', #1044, #1199 ) ;
#61 = ORIENTED_EDGE ( 'NONE', *, *, #615, .T. ) ;
#62 = VERTEX_POINT ( 'NONE', #238 ) ;
#63 = DIRECTION ( 'NONE',  ( 1.000000000000000000, 3.985880010631508243E-17, -0.000000000000000000 ) ) ;
#64 = DIRECTION ( 'NONE',  ( -8.442312426737689054E-18, -4.802082557735244492E-18, -1.000000000000000000 ) ) ;
#65 = ORIENTED_EDGE ( 'NONE', *, *, #1815, .T. ) ;
#66 = ADVANCED_BREP_SHAPE_REPRESENTATION ( 'j5', ( #345, #1399 ), #2092 ) ;
#67 = EDGE_CURVE ( 'NONE', #1101, #1771, #1169, .T. ) ;
#68 = DIRECTION ( 'NONE',  ( 0.000000000000000000, 1.000000000000000000, 0.000000000000000000 ) ) ;
#69 = DIRECTION ( 'NONE',  ( -1.688462485347537811E-17, -9.604165115470488985E-18, -1.000000000000000000 ) ) ;
#70 = EDGE_CURVE ( 'NONE', #1956, #1805, #1582, .T. ) ;
#71 = DIRECTION ( 'NONE',  ( 0.000000000000000000, 0.000000000000000000, 1.000000000000000000 ) ) ;
#72 = CYLINDRICAL_SURFACE ( 'NONE', #1098, 10.00000000000000000 ) ;
#73 = AXIS2_PLACEMENT_3D ( 'NONE', #727, #1413, #259 ) ;
#74 = ADVANCED_FACE ( 'NONE', ( #1084 ), #894, .T. ) ;
#75 = ORIENTED_EDGE ( 'NONE', *, *, #419, .F. ) ;
#76 = CARTESIAN_POINT ( 'NONE',  ( 100.9999999999999858, 0.000000000000000000, 0.000000000000000000 ) ) ;
#77 = CARTESIAN_POINT ( 'NONE',  ( 90.00000000000000000, 9.000000000000000000, -10.99999999999999645 ) ) ;
#78 = ORIENTED_EDGE ( 'NONE', *, *, #1810, .F. ) ;
#79 = DIRECTION ( 'NONE',  ( 0.000000000000000000, 0.000000000000000000, 1.000000000000000000 ) ) ;
#80 = DIRECTION ( 'NONE',  ( 0.000000000000000000, 1.000000000000000000, 0.000000000000000000 ) ) ;
#81 = AXIS2_PLACEMENT_3D ( 'NONE', #440, #1291, #1952 ) ;
#82 = CARTESIAN_POINT ( 'NONE',  ( -7.999999999999996447, -77.50000000000000000, 15.50000000000000000 ) ) ;
#83 = CARTESIAN_POINT ( 'NONE',  ( 68.12315587390013150, 9.000000000000000000, 17.00000000000000000 ) ) ;
#84 = EDGE_CURVE ( 'NONE', #733, #456, #927, .T. ) ;
#85 = ORIENTED_EDGE ( 'NONE', *, *, #1286, .F. ) ;
#86 = FACE_BOUND ( 'NONE', #1214, .T. ) ;
#87 = AXIS2_PLACEMENT_3D ( 'NONE', #1692, #525, #683 ) ;
#88 = CARTESIAN_POINT ( 'NONE',  ( -7.999999999999661604, 3.029616713763419976E-14, 17.00000000000000000 ) ) ;
#89 = VERTEX_POINT ( 'NONE', #559 ) ;
#90 = FACE_OUTER_BOUND ( 'NONE', #1183, .T. ) ;
#91 = CARTESIAN_POINT ( 'NONE',  ( -7.999999999999998224, -74.00000000000591172, 1.469576158976824736E-15 ) ) ;
#92 = DIRECTION ( 'NONE',  ( -0.000000000000000000, 1.000000000000000000, -0.000000000000000000 ) ) ;
#93 = VECTOR ( 'NONE', #283, 1000.000000000000000 ) ;
#94 = ORIENTED_EDGE ( 'NONE', *, *, #985, .F. ) ;
#95 = LINE ( 'NONE', #1245, #703 ) ;
#96 = AXIS2_PLACEMENT_3D ( 'NONE', #1928, #1559, #79 ) ;
#97 = VECTOR ( 'NONE', #922, 1000.000000000000114 ) ;
#98 = FACE_BOUND ( 'NONE', #264, .T. ) ;
#99 = ORIENTED_EDGE ( 'NONE', *, *, #660, .T. ) ;
#100 = ADVANCED_FACE ( 'NONE', ( #1212 ), #267, .F. ) ;
#101 = DIRECTION ( 'NONE',  ( 0.8692214499653501125, 0.4944229676300794241, -1.942499791525905825E-17 ) ) ;
#102 = CARTESIAN_POINT ( 'NONE',  ( 69.78099016131881172, -1.307785500346495766, -17.00000000000000000 ) ) ;
#103 = DIRECTION ( 'NONE',  ( -1.000000000000000000, 0.000000000000000000, -0.000000000000000000 ) ) ;
#104 = CARTESIAN_POINT ( 'NONE',  ( -7.999999999999805489, -37.79350479506619820, -18.00000000000000355 ) ) ;
#105 = LINE ( 'NONE', #760, #808 ) ;
#106 = ORIENTED_EDGE ( 'NONE', *, *, #535, .F. ) ;
#107 = DIRECTION ( 'NONE',  ( 0.000000000000000000, 0.000000000000000000, 1.000000000000000000 ) ) ;
#108 = ORIENTED_EDGE ( 'NONE', *, *, #1421, .T. ) ;
#109 = EDGE_CURVE ( 'NONE', #40, #1684, #1875, .T. ) ;
#110 = CARTESIAN_POINT ( 'NONE',  ( -7.999999999999805489, -37.79350479506619820, -10.00000000000000178 ) ) ;
#111 = DIRECTION ( 'NONE',  ( 1.000000000000000000, 3.985880010631508243E-17, -0.000000000000000000 ) ) ;
#112 = DIRECTION ( 'NONE',  ( 1.000000000000000000, -0.000000000000000000, -6.256603853068252107E-31 ) ) ;
#113 = CARTESIAN_POINT ( 'NONE',  ( 17.62028500160318956, -30.97738309227457165, 17.00000000000000000 ) ) ;
#114 = ORIENTED_EDGE ( 'NONE', *, *, #1892, .F. ) ;
#115 = CARTESIAN_POINT ( 'NONE',  ( 68.12315587390013150, 9.000000000000000000, -10.00000000000000178 ) ) ;
#116 = DIRECTION ( 'NONE',  ( 0.000000000000000000, 0.000000000000000000, 1.000000000000000000 ) ) ;
#117 = ORIENTED_EDGE ( 'NONE', *, *, #1201, .T. ) ;
#118 = AXIS2_PLACEMENT_3D ( 'NONE', #2078, #605, #1762 ) ;
#119 = FACE_OUTER_BOUND ( 'NONE', #1576, .T. ) ;
#120 = EDGE_CURVE ( 'NONE', #355, #862, #377, .T. ) ;
#121 = CARTESIAN_POINT ( 'NONE',  ( 90.00000000000000000, 9.000000000000000000, 11.00000000000000000 ) ) ;
#122 = VERTEX_POINT ( 'NONE', #1382 ) ;
#123 = CARTESIAN_POINT ( 'NONE',  ( 90.00000000000000000, 5.999999999999999112, -10.99999999999999645 ) ) ;
#124 = ADVANCED_FACE ( 'NONE', ( #1702 ), #223, .F. ) ;
#125 = ORIENTED_EDGE ( 'NONE', *, *, #1533, .F. ) ;
#126 = DIRECTION ( 'NONE',  ( 3.985880010631515022E-17, -1.000000000000000000, 0.000000000000000000 ) ) ;
#127 = AXIS2_PLACEMENT_3D ( 'NONE', #1542, #1377, #696 ) ;
#128 = CYLINDRICAL_SURFACE ( 'NONE', #893, 4.000000000000007994 ) ;
#129 = VERTEX_POINT ( 'NONE', #634 ) ;
#130 = PRODUCT_DEFINITION_FORMATION_WITH_SPECIFIED_SOURCE ( 'ä»', '', #1607, .NOT_KNOWN. ) ;
#131 = VECTOR ( 'NONE', #2043, 1000.000000000000000 ) ;
#132 = CIRCLE ( 'NONE', #2127, 2.100000000000004530 ) ;
#133 =( LENGTH_UNIT ( ) NAMED_UNIT ( * ) SI_UNIT ( .MILLI., .METRE. ) );
#134 = VECTOR ( 'NONE', #213, 1000.000000000000114 ) ;
#135 = EDGE_CURVE ( 'NONE', #340, #682, #909, .T. ) ;
#136 = DIRECTION ( 'NONE',  ( 1.000000000000000000, -0.000000000000000000, -9.384905779602380350E-31 ) ) ;
#137 = ORIENTED_EDGE ( 'NONE', *, *, #1657, .F. ) ;
#138 = CARTESIAN_POINT ( 'NONE',  ( -7.999999999999998224, -46.50000000000000000, 15.50000000000000000 ) ) ;
#139 = DIRECTION ( 'NONE',  ( 0.000000000000000000, 0.000000000000000000, 1.000000000000000000 ) ) ;
#140 = EDGE_CURVE ( 'NONE', #1628, #831, #1287, .T. ) ;
#141 = ORIENTED_EDGE ( 'NONE', *, *, #1440, .T. ) ;
#142 = ORIENTED_EDGE ( 'NONE', *, *, #1466, .F. ) ;
#143 = CARTESIAN_POINT ( 'NONE',  ( 90.00000000000000000, 0.000000000000000000, -17.00000000000000000 ) ) ;
#144 = CARTESIAN_POINT ( 'NONE',  ( -7.999999999999996447, -76.00000000000000000, -15.50000000000000000 ) ) ;
#145 = ORIENTED_EDGE ( 'NONE', *, *, #1408, .T. ) ;
#146 = ORIENTED_EDGE ( 'NONE', *, *, #1375, .T. ) ;
#147 = FACE_OUTER_BOUND ( 'NONE', #1510, .T. ) ;
#148 = COLOUR_RGB ( '',0.7921568627450980005, 0.8196078431372548767, 0.9333333333333333481 ) ;
#149 = CARTESIAN_POINT ( 'NONE',  ( 90.00000000000021316, 5.999999999999999112, 10.99999999999999645 ) ) ;
#150 = ORIENTED_EDGE ( 'NONE', *, *, #686, .F. ) ;
#151 = LINE ( 'NONE', #1827, #26 ) ;
#152 = VECTOR ( 'NONE', #184, 1000.000000000000000 ) ;
#153 = ORIENTED_EDGE ( 'NONE', *, *, #1517, .T. ) ;
#154 = CYLINDRICAL_SURFACE ( 'NONE', #1489, 2.999999999999999112 ) ;
#155 = CARTESIAN_POINT ( 'NONE',  ( 90.00000000000000000, 5.999999999999999112, 12.60000000000000320 ) ) ;
#156 = ORIENTED_EDGE ( 'NONE', *, *, #202, .T. ) ;
#157 = VECTOR ( 'NONE', #254, 999.9999999999998863 ) ;
#158 = DIRECTION ( 'NONE',  ( 0.000000000000000000, 1.000000000000000000, 0.000000000000000000 ) ) ;
#159 = VECTOR ( 'NONE', #1271, 1000.000000000000000 ) ;
#160 = ORIENTED_EDGE ( 'NONE', *, *, #1421, .F. ) ;
#161 = LINE ( 'NONE', #330, #433 ) ;
#162 = CARTESIAN_POINT ( 'NONE',  ( 79.00000000000015632, 5.999999999999999112, 4.163336342344337027E-14 ) ) ;
#163 = VERTEX_POINT ( 'NONE', #457 ) ;
#164 = AXIS2_PLACEMENT_3D ( 'NONE', #346, #1662, #183 ) ;
#165 = EDGE_CURVE ( 'NONE', #1137, #835, #1757, .T. ) ;
#166 = CARTESIAN_POINT ( 'NONE',  ( 1.821459649775647449E-13, -41.00000000000000711, -20.99999999999999645 ) ) ;
#167 = EDGE_CURVE ( 'NONE', #2041, #886, #1839, .T. ) ;
#168 = AXIS2_PLACEMENT_3D ( 'NONE', #1383, #250, #268 ) ;
#169 = AXIS2_PLACEMENT_3D ( 'NONE', #1410, #2068, #933 ) ;
#170 = CIRCLE ( 'NONE', #1369, 4.000000000000007994 ) ;
#171 = ORIENTED_EDGE ( 'NONE', *, *, #829, .F. ) ;
#172 = ORIENTED_EDGE ( 'NONE', *, *, #298, .F. ) ;
#173 = DIRECTION ( 'NONE',  ( 1.000000000000000000, 3.985880010631508243E-17, 0.000000000000000000 ) ) ;
#174 = CYLINDRICAL_SURFACE ( 'NONE', #785, 10.00000000000000000 ) ;
#175 = ORIENTED_EDGE ( 'NONE', *, *, #766, .F. ) ;
#176 = ORIENTED_EDGE ( 'NONE', *, *, #1102, .T. ) ;
#177 = LINE ( 'NONE', #2126, #1819 ) ;
#178 = EDGE_CURVE ( 'NONE', #1465, #1648, #610, .T. ) ;
#179 = EDGE_LOOP ( 'NONE', ( #182, #1668, #2079, #277 ) ) ;
#180 = CARTESIAN_POINT ( 'NONE',  ( -7.999999999999817923, -40.99999999999997868, 21.00000000000000711 ) ) ;
#181 = CARTESIAN_POINT ( 'NONE',  ( 101.0000000000001279, 9.000000000000000000, 3.999999999999891642 ) ) ;
#182 = ORIENTED_EDGE ( 'NONE', *, *, #964, .F. ) ;
#183 = DIRECTION ( 'NONE',  ( 0.000000000000000000, 0.000000000000000000, -1.000000000000000000 ) ) ;
#184 = DIRECTION ( 'NONE',  ( -0.000000000000000000, 1.000000000000000000, -0.000000000000000000 ) ) ;
#185 = DIRECTION ( 'NONE',  ( -0.7692299302879958001, -0.6389720763453792252, 0.000000000000000000 ) ) ;
#186 = EDGE_CURVE ( 'NONE', #944, #987, #635, .T. ) ;
#187 = CARTESIAN_POINT ( 'NONE',  ( -9.977691870520123629, -34.31661899520481285, 5.000000000000002665 ) ) ;
#188 = CIRCLE ( 'NONE', #1388, 4.000000000000002665 ) ;
#189 = EDGE_CURVE ( 'NONE', #2027, #40, #1278, .T. ) ;
#190 = ORIENTED_EDGE ( 'NONE', *, *, #1088, .T. ) ;
#191 = DIRECTION ( 'NONE',  ( 0.000000000000000000, 0.000000000000000000, 1.000000000000000000 ) ) ;
#192 = CARTESIAN_POINT ( 'NONE',  ( 12.30892740842406496, -21.63973850315462855, 0.000000000000000000 ) ) ;
#193 = ORIENTED_EDGE ( 'NONE', *, *, #1384, .T. ) ;
#194 = EDGE_LOOP ( 'NONE', ( #344, #1315, #1598, #1257 ) ) ;
#195 = DIRECTION ( 'NONE',  ( 0.000000000000000000, 0.000000000000000000, 1.000000000000000000 ) ) ;
#196 = DIRECTION ( 'NONE',  ( -3.758567531283080986E-15, -1.000000000000000000, 2.478176394252581141E-16 ) ) ;
#197 = ORIENTED_EDGE ( 'NONE', *, *, #979, .F. ) ;
#198 = CARTESIAN_POINT ( 'NONE',  ( 100.9999999999999858, 0.000000000000000000, 2.100000000000004530 ) ) ;
#199 = VECTOR ( 'NONE', #101, 999.9999999999998863 ) ;
#200 = ORIENTED_EDGE ( 'NONE', *, *, #1601, .F. ) ;
#201 = DIRECTION ( 'NONE',  ( 1.000000000000000000, 3.985880010631508243E-17, -0.000000000000000000 ) ) ;
#202 = EDGE_CURVE ( 'NONE', #439, #957, #1942, .T. ) ;
#203 = DIRECTION ( 'NONE',  ( 1.000000000000000000, 3.985880010631508243E-17, -0.000000000000000000 ) ) ;
#204 = EDGE_LOOP ( 'NONE', ( #125, #1859, #1297, #1537 ) ) ;
#205 = EDGE_LOOP ( 'NONE', ( #1050, #2109, #824, #1151 ) ) ;
#206 = DIRECTION ( 'NONE',  ( 0.000000000000000000, 1.000000000000000000, 0.000000000000000000 ) ) ;
#207 = DIRECTION ( 'NONE',  ( -1.000000000000000000, 3.787020892204435109E-15, 0.000000000000000000 ) ) ;
#208 = VERTEX_POINT ( 'NONE', #291 ) ;
#209 = AXIS2_PLACEMENT_3D ( 'NONE', #838, #1495, #280 ) ;
#210 = PLANE ( 'NONE',  #992 ) ;
#211 = EDGE_LOOP ( 'NONE', ( #973, #312, #1492, #2123 ) ) ;
#212 = FACE_OUTER_BOUND ( 'NONE', #1260, .T. ) ;
#213 = DIRECTION ( 'NONE',  ( 0.7692299302879958001, 0.6389720763453792252, 0.000000000000000000 ) ) ;
#214 = EDGE_LOOP ( 'NONE', ( #1541, #644, #1985, #481 ) ) ;
#215 = EDGE_CURVE ( 'NONE', #340, #987, #151, .T. ) ;
#216 = LINE ( 'NONE', #393, #1060 ) ;
#217 = CARTESIAN_POINT ( 'NONE',  ( 90.00000000000000000, 0.000000000000000000, -1.600000000000019851 ) ) ;
#218 = ORIENTED_EDGE ( 'NONE', *, *, #349, .T. ) ;
#219 = EDGE_CURVE ( 'NONE', #1137, #1891, #2097, .T. ) ;
#220 = VECTOR ( 'NONE', #1208, 1000.000000000000000 ) ;
#221 = LINE ( 'NONE', #27, #1927 ) ;
#222 = CARTESIAN_POINT ( 'NONE',  ( 68.86926753827191305, -0.9721270240750758962, -10.00000000000000178 ) ) ;
#223 = PLANE ( 'NONE',  #749 ) ;
#224 = VECTOR ( 'NONE', #948, 1000.000000000000000 ) ;
#225 = CARTESIAN_POINT ( 'NONE',  ( 3.089057008239418944E-15, -77.50000000000000000, 15.50000000000000000 ) ) ;
#226 = AXIS2_PLACEMENT_3D ( 'NONE', #1811, #478, #341 ) ;
#227 = DIRECTION ( 'NONE',  ( -0.000000000000000000, -0.000000000000000000, 1.000000000000000000 ) ) ;
#228 = VERTEX_POINT ( 'NONE', #348 ) ;
#229 = ORIENTED_EDGE ( 'NONE', *, *, #1217, .T. ) ;
#230 = FACE_OUTER_BOUND ( 'NONE', #1429, .T. ) ;
#231 = FACE_OUTER_BOUND ( 'NONE', #1675, .T. ) ;
#232 = ORIENTED_EDGE ( 'NONE', *, *, #1307, .F. ) ;
#233 = ADVANCED_FACE ( 'NONE', ( #1005 ), #1769, .T. ) ;
#234 = DIRECTION ( 'NONE',  ( 0.8692214499653501125, 0.4944229676300794241, -1.942499791525905825E-17 ) ) ;
#235 = EDGE_CURVE ( 'NONE', #1046, #1274, #588, .T. ) ;
#236 = AXIS2_PLACEMENT_3D ( 'NONE', #121, #1331, #1276 ) ;
#237 = CARTESIAN_POINT ( 'NONE',  ( -7.999999999999965361, -80.00000000000000000, 18.00000000000001421 ) ) ;
#238 = CARTESIAN_POINT ( 'NONE',  ( 90.00000000000000000, 9.000000000000000000, 1.600000000000019851 ) ) ;
#239 = DIRECTION ( 'NONE',  ( 1.000000000000000000, 3.985880010631508243E-17, -0.000000000000000000 ) ) ;
#240 = CIRCLE ( 'NONE', #891, 12.00000000000000355 ) ;
#241 = AXIS2_PLACEMENT_3D ( 'NONE', #880, #1540, #2031 ) ;
#242 = ORIENTED_EDGE ( 'NONE', *, *, #1695, .F. ) ;
#243 = LINE ( 'NONE', #1218, #1610 ) ;
#244 = DIRECTION ( 'NONE',  ( -1.000000000000000000, 0.000000000000000000, 0.000000000000000000 ) ) ;
#245 = ORIENTED_EDGE ( 'NONE', *, *, #997, .F. ) ;
#246 = DIRECTION ( 'NONE',  ( -1.000000000000000000, 0.000000000000000000, -0.000000000000000000 ) ) ;
#247 = EDGE_CURVE ( 'NONE', #969, #1419, #2064, .T. ) ;
#248 = CARTESIAN_POINT ( 'NONE',  ( 90.00000000000021316, 5.999999999999999112, 10.99999999999999645 ) ) ;
#249 = CYLINDRICAL_SURFACE ( 'NONE', #625, 1.500000000000001332 ) ;
#250 = DIRECTION ( 'NONE',  ( 0.000000000000000000, 1.000000000000000000, 0.000000000000000000 ) ) ;
#251 = AXIS2_PLACEMENT_3D ( 'NONE', #2034, #1068, #2063 ) ;
#252 = AXIS2_PLACEMENT_3D ( 'NONE', #1136, #642, #986 ) ;
#253 = CARTESIAN_POINT ( 'NONE',  ( 90.00000000000021316, 5.999999999999999112, 10.99999999999999645 ) ) ;
#254 = DIRECTION ( 'NONE',  ( -0.8692214499653501125, -0.4944229676300794241, 9.712498957629529127E-18 ) ) ;
#255 = ORIENTED_EDGE ( 'NONE', *, *, #2084, .T. ) ;
#256 = CARTESIAN_POINT ( 'NONE',  ( -7.999999999999805489, -37.79350479506621241, 17.00000000000000000 ) ) ;
#257 = DIRECTION ( 'NONE',  ( 3.985880010631515022E-17, -1.000000000000000000, 0.000000000000000000 ) ) ;
#258 = AXIS2_PLACEMENT_3D ( 'NONE', #138, #467, #311 ) ;
#259 = DIRECTION ( 'NONE',  ( 0.000000000000000000, -1.000000000000000000, 0.000000000000000000 ) ) ;
#260 = EDGE_CURVE ( 'NONE', #624, #1328, #679, .T. ) ;
#261 = CARTESIAN_POINT ( 'NONE',  ( 79.00000000000000000, 5.999999999999999112, 2.694222958124176020E-15 ) ) ;
#262 = CIRCLE ( 'NONE', #1085, 2.100000000000004530 ) ;
#263 = DIRECTION ( 'NONE',  ( 0.000000000000000000, 1.000000000000000000, 0.000000000000000000 ) ) ;
#264 = EDGE_LOOP ( 'NONE', ( #1293, #160 ) ) ;
#265 = PLANE ( 'NONE',  #1960 ) ;
#266 = DIRECTION ( 'NONE',  ( 1.000000000000000000, 3.985880010631508243E-17, -0.000000000000000000 ) ) ;
#267 = CYLINDRICAL_SURFACE ( 'NONE', #1685, 4.000000000000002665 ) ;
#268 = DIRECTION ( 'NONE',  ( 0.000000000000000000, 0.000000000000000000, 1.000000000000000000 ) ) ;
#269 = AXIS2_PLACEMENT_3D ( 'NONE', #1686, #63, #206 ) ;
#270 = EDGE_CURVE ( 'NONE', #1479, #1975, #488, .T. ) ;
#271 = EDGE_CURVE ( 'NONE', #698, #800, #1799, .T. ) ;
#272 = CARTESIAN_POINT ( 'NONE',  ( 3.148845208398891574E-15, -79.00000000000000000, 15.50000000000000000 ) ) ;
#273 = VECTOR ( 'NONE', #1514, 1000.000000000000000 ) ;
#274 = AXIS2_PLACEMENT_3D ( 'NONE', #438, #69, #587 ) ;
#275 = AXIS2_PLACEMENT_3D ( 'NONE', #1665, #1200, #840 ) ;
#276 = CARTESIAN_POINT ( 'NONE',  ( 90.00000000000000000, 5.999999999999999112, -10.99999999999999645 ) ) ;
#277 = ORIENTED_EDGE ( 'NONE', *, *, #1397, .F. ) ;
#278 = CARTESIAN_POINT ( 'NONE',  ( -7.999999999999805489, -37.79350479506621241, 5.000000000000002665 ) ) ;
#279 = FACE_OUTER_BOUND ( 'NONE', #1881, .T. ) ;
#280 = DIRECTION ( 'NONE',  ( 0.000000000000000000, 0.000000000000000000, 1.000000000000000000 ) ) ;
#281 = PLANE ( 'NONE',  #1987 ) ;
#282 = ORIENTED_EDGE ( 'NONE', *, *, #1252, .F. ) ;
#283 = DIRECTION ( 'NONE',  ( -0.000000000000000000, 0.000000000000000000, -1.000000000000000000 ) ) ;
#284 = EDGE_CURVE ( 'NONE', #1648, #1081, #1651, .T. ) ;
#285 = DIRECTION ( 'NONE',  ( 0.000000000000000000, 1.000000000000000000, 0.000000000000000000 ) ) ;
#286 = EDGE_LOOP ( 'NONE', ( #28, #1455 ) ) ;
#287 = EDGE_CURVE ( 'NONE', #831, #1628, #993, .T. ) ;
#288 = CARTESIAN_POINT ( 'NONE',  ( 90.00000000000000000, 9.000000000000000000, 0.000000000000000000 ) ) ;
#289 = FACE_OUTER_BOUND ( 'NONE', #1925, .T. ) ;
#290 = EDGE_LOOP ( 'NONE', ( #142, #1337, #2130, #1138 ) ) ;
#291 = CARTESIAN_POINT ( 'NONE',  ( 1.872894799055378778E-13, -83.00000000000000000, 18.00000000000001421 ) ) ;
#292 = ORIENTED_EDGE ( 'NONE', *, *, #964, .T. ) ;
#293 = CARTESIAN_POINT ( 'NONE',  ( -7.999999999999805489, -37.79350479506619820, -18.00000000000000355 ) ) ;
#294 = DIRECTION ( 'NONE',  ( 1.000000000000000000, 3.985880010631508243E-17, -0.000000000000000000 ) ) ;
#295 = ORIENTED_EDGE ( 'NONE', *, *, #333, .F. ) ;
#296 = PLANE ( 'NONE',  #522 ) ;
#297 = CARTESIAN_POINT ( 'NONE',  ( -7.999999999999998224, -45.00000000000000000, -15.50000000000000000 ) ) ;
#298 = EDGE_CURVE ( 'NONE', #1230, #439, #617, .T. ) ;
#299 = ORIENTED_EDGE ( 'NONE', *, *, #2084, .F. ) ;
#300 = CARTESIAN_POINT ( 'NONE',  ( -7.999999999999998224, -46.50000000000000000, 15.50000000000000000 ) ) ;
#301 = EDGE_LOOP ( 'NONE', ( #584, #364 ) ) ;
#302 = CARTESIAN_POINT ( 'NONE',  ( 101.0000000000001279, 9.000000000000000000, -4.000000000000113687 ) ) ;
#303 = AXIS2_PLACEMENT_3D ( 'NONE', #1767, #965, #621 ) ;
#304 = CARTESIAN_POINT ( 'NONE',  ( 1.857349883298373028E-13, -44.00000000000001421, -18.00000000000000000 ) ) ;
#305 = ORIENTED_EDGE ( 'NONE', *, *, #968, .F. ) ;
#306 = AXIS2_PLACEMENT_3D ( 'NONE', #1371, #266, #257 ) ;
#307 = VECTOR ( 'NONE', #1358, 999.9999999999998863 ) ;
#308 = LINE ( 'NONE', #297, #1364 ) ;
#309 = EDGE_CURVE ( 'NONE', #1981, #1404, #967, .T. ) ;
#310 = ORIENTED_EDGE ( 'NONE', *, *, #736, .F. ) ;
#311 = DIRECTION ( 'NONE',  ( 0.000000000000000000, 1.000000000000000000, 0.000000000000000000 ) ) ;
#312 = ORIENTED_EDGE ( 'NONE', *, *, #309, .T. ) ;
#313 = DIRECTION ( 'NONE',  ( -0.8692214499653501125, -0.4944229676300794241, 9.712498957629529127E-18 ) ) ;
#314 = AXIS2_PLACEMENT_3D ( 'NONE', #767, #1334, #1097 ) ;
#315 = LINE ( 'NONE', #814, #224 ) ;
#316 = EDGE_LOOP ( 'NONE', ( #630, #1813, #1202, #1019, #75, #1062, #720, #21, #2026, #790 ) ) ;
#317 = DIRECTION ( 'NONE',  ( -0.000000000000000000, -1.000000000000000000, -0.000000000000000000 ) ) ;
#318 = ORIENTED_EDGE ( 'NONE', *, *, #120, .T. ) ;
#319 = AXIS2_PLACEMENT_3D ( 'NONE', #1071, #1719, #1080 ) ;
#320 = ORIENTED_EDGE ( 'NONE', *, *, #1709, .F. ) ;
#321 = DIRECTION ( 'NONE',  ( 0.000000000000000000, 1.000000000000000000, -0.000000000000000000 ) ) ;
#322 = EDGE_CURVE ( 'NONE', #664, #490, #337, .T. ) ;
#323 = CARTESIAN_POINT ( 'NONE',  ( -3.023920270797324950, -30.36123525416418190, 0.000000000000000000 ) ) ;
#324 = ORIENTED_EDGE ( 'NONE', *, *, #1018, .F. ) ;
#325 = EDGE_CURVE ( 'NONE', #1785, #869, #449, .T. ) ;
#326 = AXIS2_PLACEMENT_3D ( 'NONE', #618, #1134, #1796 ) ;
#327 = SURFACE_STYLE_USAGE ( .BOTH. , #1117 ) ;
#328 = VECTOR ( 'NONE', #1606, 1000.000000000000000 ) ;
#329 = ORIENTED_EDGE ( 'NONE', *, *, #403, .F. ) ;
#330 = CARTESIAN_POINT ( 'NONE',  ( -7.999999999999805489, -37.79350479506621241, 10.00000000000000178 ) ) ;
#331 = FACE_OUTER_BOUND ( 'NONE', #1711, .T. ) ;
#332 = VERTEX_POINT ( 'NONE', #2104 ) ;
#333 = EDGE_CURVE ( 'NONE', #675, #698, #177, .T. ) ;
#334 =( NAMED_UNIT ( * ) PLANE_ANGLE_UNIT ( ) SI_UNIT ( $, .RADIAN. ) );
#335 = AXIS2_PLACEMENT_3D ( 'NONE', #1524, #379, #1876 ) ;
#336 = AXIS2_PLACEMENT_3D ( 'NONE', #1106, #2060, #899 ) ;
#337 = CIRCLE ( 'NONE', #58, 1.500000000000001332 ) ;
#338 = VECTOR ( 'NONE', #1210, 1000.000000000000000 ) ;
#339 = ORIENTED_EDGE ( 'NONE', *, *, #1979, .F. ) ;
#340 = VERTEX_POINT ( 'NONE', #798 ) ;
#341 = DIRECTION ( 'NONE',  ( 0.000000000000000000, 0.000000000000000000, 1.000000000000000000 ) ) ;
#342 = LINE ( 'NONE', #1001, #650 ) ;
#343 = UNCERTAINTY_MEASURE_WITH_UNIT (LENGTH_MEASURE( 1.000000000000000082E-05 ), #133, 'distance_accuracy_value', 'NONE');
#344 = ORIENTED_EDGE ( 'NONE', *, *, #807, .F. ) ;
#345 = MANIFOLD_SOLID_BREP ( 'Ô²½Ç3', #2009 ) ;
#346 = CARTESIAN_POINT ( 'NONE',  ( 90.00000000000000000, 9.000000000000000000, -11.00000000000000000 ) ) ;
#347 = DIRECTION ( 'NONE',  ( 3.787020892204435109E-15, 1.000000000000000000, -0.000000000000000000 ) ) ;
#348 = CARTESIAN_POINT ( 'NONE',  ( 63.92503786197111282, 7.720087475578428560, -17.00000000000000000 ) ) ;
#349 = EDGE_CURVE ( 'NONE', #1996, #1391, #795, .T. ) ;
#350 = CIRCLE ( 'NONE', #252, 10.00000000000000000 ) ;
#351 = EDGE_LOOP ( 'NONE', ( #2098, #850 ) ) ;
#352 = ORIENTED_EDGE ( 'NONE', *, *, #726, .F. ) ;
#353 = FACE_OUTER_BOUND ( 'NONE', #1198, .T. ) ;
#354 = CARTESIAN_POINT ( 'NONE',  ( 1.853434204943651130E-15, -46.50000000000000000, 15.50000000000000000 ) ) ;
#355 = VERTEX_POINT ( 'NONE', #963 ) ;
#356 = VECTOR ( 'NONE', #1129, 1000.000000000000000 ) ;
#357 = CARTESIAN_POINT ( 'NONE',  ( 68.86926753827191305, -0.9721270240750758962, 10.00000000000000178 ) ) ;
#358 = EDGE_CURVE ( 'NONE', #456, #733, #1243, .T. ) ;
#359 = CARTESIAN_POINT ( 'NONE',  ( -7.999999999999996447, -77.50000000000000000, 15.50000000000000000 ) ) ;
#360 = ORIENTED_EDGE ( 'NONE', *, *, #1375, .F. ) ;
#361 = CYLINDRICAL_SURFACE ( 'NONE', #1028, 3.999999999999996447 ) ;
#362 = ADVANCED_FACE ( 'NONE', ( #147 ), #491, .F. ) ;
#363 = AXIS2_PLACEMENT_3D ( 'NONE', #692, #1866, #1020 ) ;
#364 = ORIENTED_EDGE ( 'NONE', *, *, #1601, .T. ) ;
#365 = DIRECTION ( 'NONE',  ( 1.000000000000000000, 3.985880010631508243E-17, 0.000000000000000000 ) ) ;
#366 = DIRECTION ( 'NONE',  ( -0.8692214499653500015, -0.4944229676300793686, 0.000000000000000000 ) ) ;
#367 = ORIENTED_EDGE ( 'NONE', *, *, #1485, .T. ) ;
#368 = PRODUCT_DEFINITION_CONTEXT ( 'detailed design', #1906, 'design' ) ;
#369 = VERTEX_POINT ( 'NONE', #1154 ) ;
#370 = LINE ( 'NONE', #1518, #1986 ) ;
#371 = DIRECTION ( 'NONE',  ( 0.000000000000000000, 0.000000000000000000, 1.000000000000000000 ) ) ;
#372 = ORIENTED_EDGE ( 'NONE', *, *, #322, .F. ) ;
#373 = AXIS2_PLACEMENT_3D ( 'NONE', #554, #1025, #1861 ) ;
#374 = FACE_OUTER_BOUND ( 'NONE', #548, .T. ) ;
#375 = VECTOR ( 'NONE', #597, 1000.000000000000000 ) ;
#376 = ADVANCED_FACE ( 'NONE', ( #788 ), #1456, .T. ) ;
#377 = CIRCLE ( 'NONE', #483, 4.000000000000007994 ) ;
#378 = ORIENTED_EDGE ( 'NONE', *, *, #1148, .T. ) ;
#379 = DIRECTION ( 'NONE',  ( -0.000000000000000000, -1.000000000000000000, -0.000000000000000000 ) ) ;
#380 = EDGE_CURVE ( 'NONE', #2118, #416, #350, .T. ) ;
#381 = CARTESIAN_POINT ( 'NONE',  ( 90.00000000000000000, 9.000000000000000000, -1.600000000000019851 ) ) ;
#382 = ORIENTED_EDGE ( 'NONE', *, *, #1697, .F. ) ;
#383 = CARTESIAN_POINT ( 'NONE',  ( 90.00000000000000000, 9.000000000000000000, 17.00000000000000000 ) ) ;
#384 = CARTESIAN_POINT ( 'NONE',  ( 1.821459649775647449E-13, -41.00000000000000711, -20.99999999999999645 ) ) ;
#385 = ORIENTED_EDGE ( 'NONE', *, *, #485, .T. ) ;
#386 = LINE ( 'NONE', #39, #1439 ) ;
#387 = VERTEX_POINT ( 'NONE', #1146 ) ;
#388 = DIRECTION ( 'NONE',  ( 0.000000000000000000, 1.000000000000000000, 0.000000000000000000 ) ) ;
#389 = DIRECTION ( 'NONE',  ( 3.758567531283080986E-15, 1.000000000000000000, -1.652117596168387263E-16 ) ) ;
#390 = ORIENTED_EDGE ( 'NONE', *, *, #615, .F. ) ;
#391 = ORIENTED_EDGE ( 'NONE', *, *, #6, .F. ) ;
#392 = EDGE_CURVE ( 'NONE', #62, #1797, #1298, .T. ) ;
#393 = CARTESIAN_POINT ( 'NONE',  ( -1.893510446102218107E-13, -41.00000000000000711, 17.00000000000000000 ) ) ;
#394 = ADVANCED_FACE ( 'NONE', ( #974 ), #296, .T. ) ;
#395 = DIRECTION ( 'NONE',  ( 1.000000000000000000, 3.985880010631508243E-17, -0.000000000000000000 ) ) ;
#396 = ORIENTED_EDGE ( 'NONE', *, *, #1286, .T. ) ;
#397 = LINE ( 'NONE', #1840, #338 ) ;
#398 = DIRECTION ( 'NONE',  ( -0.000000000000000000, -1.000000000000000000, -0.000000000000000000 ) ) ;
#399 = CARTESIAN_POINT ( 'NONE',  ( 68.12315587390013150, 9.000000000000000000, -10.00000000000000178 ) ) ;
#400 = CARTESIAN_POINT ( 'NONE',  ( 100.9999999999999858, 9.000000000000000000, 2.100000000000004530 ) ) ;
#401 = EDGE_LOOP ( 'NONE', ( #1615, #1444 ) ) ;
#402 = DIRECTION ( 'NONE',  ( -0.8692214499653501125, -0.4944229676300794241, -0.000000000000000000 ) ) ;
#403 = EDGE_CURVE ( 'NONE', #1046, #1190, #2135, .T. ) ;
#404 = DIRECTION ( 'NONE',  ( 0.000000000000000000, 1.000000000000000000, -0.000000000000000000 ) ) ;
#405 = ORIENTED_EDGE ( 'NONE', *, *, #1314, .T. ) ;
#406 = CYLINDRICAL_SURFACE ( 'NONE', #1326, 2.100000000000004530 ) ;
#407 = AXIS2_PLACEMENT_3D ( 'NONE', #721, #2047, #2003 ) ;
#408 = DIRECTION ( 'NONE',  ( -0.000000000000000000, 1.000000000000000000, -0.000000000000000000 ) ) ;
#409 = DIRECTION ( 'NONE',  ( 0.000000000000000000, -0.000000000000000000, 1.000000000000000000 ) ) ;
#410 = CIRCLE ( 'NONE', #169, 3.000000000000002665 ) ;
#411 = FACE_OUTER_BOUND ( 'NONE', #940, .T. ) ;
#412 = VECTOR ( 'NONE', #1562, 1000.000000000000000 ) ;
#413 = CIRCLE ( 'NONE', #241, 10.00000000000000000 ) ;
#414 = DIRECTION ( 'NONE',  ( -0.7692299302879958001, -0.6389720763453792252, 0.000000000000000000 ) ) ;
#415 = FACE_OUTER_BOUND ( 'NONE', #1602, .T. ) ;
#416 = VERTEX_POINT ( 'NONE', #1164 ) ;
#417 = LINE ( 'NONE', #919, #924 ) ;
#418 = CARTESIAN_POINT ( 'NONE',  ( 68.12315587390013150, 9.000000000000000000, -17.00000000000000000 ) ) ;
#419 = EDGE_CURVE ( 'NONE', #16, #1805, #1519, .T. ) ;
#420 = CYLINDRICAL_SURFACE ( 'NONE', #1829, 10.00000000000000000 ) ;
#421 = CARTESIAN_POINT ( 'NONE',  ( 90.00000000000000000, 0.000000000000000000, 0.000000000000000000 ) ) ;
#422 = STYLED_ITEM ( 'NONE', ( #809 ), #345 ) ;
#423 = DIRECTION ( 'NONE',  ( 1.000000000000000000, 3.985880010631508243E-17, -0.000000000000000000 ) ) ;
#424 = DIRECTION ( 'NONE',  ( 0.000000000000000000, 1.000000000000000000, 0.000000000000000000 ) ) ;
#425 = ORIENTED_EDGE ( 'NONE', *, *, #699, .T. ) ;
#426 = CARTESIAN_POINT ( 'NONE',  ( -3.023920270797324950, -30.36123525416418190, 5.000000000000002665 ) ) ;
#427 = AXIS2_PLACEMENT_3D ( 'NONE', #1061, #916, #2049 ) ;
#428 = DIRECTION ( 'NONE',  ( -4.047688110612546206E-15, -1.000000000000000000, 0.000000000000000000 ) ) ;
#429 = ADVANCED_FACE ( 'NONE', ( #1530 ), #48, .T. ) ;
#430 = CARTESIAN_POINT ( 'NONE',  ( 1.920309405503471289, -39.05344975381768791, 5.000000000000002665 ) ) ;
#431 = VECTOR ( 'NONE', #1464, 1000.000000000000000 ) ;
#432 = DIRECTION ( 'NONE',  ( 1.000000000000000000, 3.985880010631508243E-17, -0.000000000000000000 ) ) ;
#433 = VECTOR ( 'NONE', #970, 999.9999999999998863 ) ;
#434 = ORIENTED_EDGE ( 'NONE', *, *, #626, .T. ) ;
#435 = CYLINDRICAL_SURFACE ( 'NONE', #1974, 1.600000000000004086 ) ;
#436 = ORIENTED_EDGE ( 'NONE', *, *, #392, .F. ) ;
#437 = CARTESIAN_POINT ( 'NONE',  ( 54.78059124319786832, -2.083196181225465793, -5.000000000000002665 ) ) ;
#438 = CARTESIAN_POINT ( 'NONE',  ( -9.977691870520123629, -34.31661899520481285, 5.000000000000002665 ) ) ;
#439 = VERTEX_POINT ( 'NONE', #1197 ) ;
#440 = CARTESIAN_POINT ( 'NONE',  ( 90.00000000000000000, 5.999999999999999112, 11.00000000000000000 ) ) ;
#441 = ADVANCED_FACE ( 'NONE', ( #849 ), #1509, .F. ) ;
#442 = AXIS2_PLACEMENT_3D ( 'NONE', #677, #1931, #455 ) ;
#443 = EDGE_LOOP ( 'NONE', ( #282, #1654, #2058, #1336 ) ) ;
#444 = ORIENTED_EDGE ( 'NONE', *, *, #1102, .F. ) ;
#445 = CARTESIAN_POINT ( 'NONE',  ( -7.999999999999998224, -48.00000000000000000, -15.50000000000000000 ) ) ;
#446 = CIRCLE ( 'NONE', #714, 1.500000000000001332 ) ;
#447 = EDGE_CURVE ( 'NONE', #1964, #2071, #1831, .T. ) ;
#448 = VECTOR ( 'NONE', #1581, 1000.000000000000000 ) ;
#449 = CIRCLE ( 'NONE', #1546, 4.000000000000002665 ) ;
#450 = CIRCLE ( 'NONE', #2094, 3.000000000000002665 ) ;
#451 = DIRECTION ( 'NONE',  ( 1.000000000000000000, 3.985880010631508243E-17, 0.000000000000000000 ) ) ;
#452 = ORIENTED_EDGE ( 'NONE', *, *, #670, .T. ) ;
#453 = ADVANCED_FACE ( 'NONE', ( #1345 ), #678, .F. ) ;
#454 = DIRECTION ( 'NONE',  ( 0.000000000000000000, 0.000000000000000000, -1.000000000000000000 ) ) ;
#455 = DIRECTION ( 'NONE',  ( 0.000000000000000000, 0.000000000000000000, 1.000000000000000000 ) ) ;
#456 = VERTEX_POINT ( 'NONE', #555 ) ;
#457 = CARTESIAN_POINT ( 'NONE',  ( 63.92503786197111282, 7.720087475578428560, 10.00000000000000178 ) ) ;
#458 = ORIENTED_EDGE ( 'NONE', *, *, #1252, .T. ) ;
#459 = VERTEX_POINT ( 'NONE', #217 ) ;
#460 = CARTESIAN_POINT ( 'NONE',  ( 54.78059124319786832, -2.083196181225465793, 5.000000000000000888 ) ) ;
#461 = DIRECTION ( 'NONE',  ( 0.000000000000000000, 0.000000000000000000, 1.000000000000000000 ) ) ;
#462 = VERTEX_POINT ( 'NONE', #1710 ) ;
#463 = ADVANCED_FACE ( 'NONE', ( #231 ), #1049, .F. ) ;
#464 = EDGE_CURVE ( 'NONE', #1404, #1823, #1320, .T. ) ;
#465 = DIRECTION ( 'NONE',  ( 0.000000000000000000, 0.000000000000000000, -1.000000000000000000 ) ) ;
#466 = DIRECTION ( 'NONE',  ( -3.787020892204435109E-15, -1.000000000000000000, 0.000000000000000000 ) ) ;
#467 = DIRECTION ( 'NONE',  ( 1.000000000000000000, 3.985880010631508243E-17, 0.000000000000000000 ) ) ;
#468 = ORIENTED_EDGE ( 'NONE', *, *, #2124, .T. ) ;
#469 = ORIENTED_EDGE ( 'NONE', *, *, #2019, .F. ) ;
#470 = DIRECTION ( 'NONE',  ( -1.000000000000000000, 0.000000000000000000, 6.256603853068252107E-31 ) ) ;
#471 = LINE ( 'NONE', #1273, #1808 ) ;
#472 = ORIENTED_EDGE ( 'NONE', *, *, #260, .F. ) ;
#473 = CIRCLE ( 'NONE', #2117, 10.00000000000000178 ) ;
#474 = ADVANCED_FACE ( 'NONE', ( #1543 ), #1366, .F. ) ;
#475 = CARTESIAN_POINT ( 'NONE',  ( 1.821459649775647449E-13, -80.00000000000000000, -20.99999999999998579 ) ) ;
#476 = CARTESIAN_POINT ( 'NONE',  ( -1.893510446102218107E-13, -41.00000000000000711, -17.00000000000000000 ) ) ;
#477 = EDGE_LOOP ( 'NONE', ( #367, #1135 ) ) ;
#478 = DIRECTION ( 'NONE',  ( -0.000000000000000000, -1.000000000000000000, 0.000000000000000000 ) ) ;
#479 = CIRCLE ( 'NONE', #1195, 1.500000000000001332 ) ;
#480 = DIRECTION ( 'NONE',  ( 1.000000000000000000, 3.985880010631508243E-17, 0.000000000000000000 ) ) ;
#481 = ORIENTED_EDGE ( 'NONE', *, *, #271, .T. ) ;
#482 = VECTOR ( 'NONE', #1073, 1000.000000000000000 ) ;
#483 = AXIS2_PLACEMENT_3D ( 'NONE', #1916, #1041, #71 ) ;
#484 = CARTESIAN_POINT ( 'NONE',  ( 1.853434204943651130E-15, -46.50000000000000000, -15.50000000000000000 ) ) ;
#485 = EDGE_CURVE ( 'NONE', #1684, #387, #861, .T. ) ;
#486 = ORIENTED_EDGE ( 'NONE', *, *, #1227, .T. ) ;
#487 = PLANE ( 'NONE',  #1712 ) ;
#488 = CIRCLE ( 'NONE', #314, 17.00000000000000000 ) ;
#489 = CARTESIAN_POINT ( 'NONE',  ( 1.707849023009514388E-13, -44.00000000000001421, -20.99999999999999645 ) ) ;
#490 = VERTEX_POINT ( 'NONE', #1871 ) ;
#491 = CYLINDRICAL_SURFACE ( 'NONE', #1450, 2.100000000000004530 ) ;
#492 = EDGE_CURVE ( 'NONE', #1650, #2027, #1417, .T. ) ;
#493 = AXIS2_PLACEMENT_3D ( 'NONE', #1014, #1674, #688 ) ;
#494 = CARTESIAN_POINT ( 'NONE',  ( -7.999999999999805489, -37.79350479506621241, -5.000000000000000888 ) ) ;
#495 = DIRECTION ( 'NONE',  ( 0.000000000000000000, 0.000000000000000000, 1.000000000000000000 ) ) ;
#496 = VERTEX_POINT ( 'NONE', #1983 ) ;
#497 = ORIENTED_EDGE ( 'NONE', *, *, #1051, .T. ) ;
#498 = AXIS2_PLACEMENT_3D ( 'NONE', #1386, #907, #1566 ) ;
#499 = VECTOR ( 'NONE', #1309, 1000.000000000000000 ) ;
#500 = EDGE_LOOP ( 'NONE', ( #41, #310 ) ) ;
#501 = EDGE_CURVE ( 'NONE', #496, #1785, #508, .T. ) ;
#502 = FACE_OUTER_BOUND ( 'NONE', #1920, .T. ) ;
#503 = CARTESIAN_POINT ( 'NONE',  ( 74.72521983761957642, -10.00000000000000178, -17.00000000000000000 ) ) ;
#504 = ORIENTED_EDGE ( 'NONE', *, *, #67, .F. ) ;
#505 = ADVANCED_FACE ( 'NONE', ( #837, #1494, #1333, #519, #2004, #1175 ), #1836, .T. ) ;
#506 = DIRECTION ( 'NONE',  ( -1.000000000000000000, 3.787020892204435109E-15, -1.751623080406021339E-46 ) ) ;
#507 = EDGE_CURVE ( 'NONE', #533, #1771, #529, .T. ) ;
#508 = LINE ( 'NONE', #1004, #152 ) ;
#509 = CARTESIAN_POINT ( 'NONE',  ( 1.857349883298373028E-13, -44.00000000000001421, 18.00000000000001066 ) ) ;
#510 = CIRCLE ( 'NONE', #1721, 17.00000000000000000 ) ;
#511 = VECTOR ( 'NONE', #515, 1000.000000000000000 ) ;
#512 = ORIENTED_EDGE ( 'NONE', *, *, #612, .F. ) ;
#513 = CARTESIAN_POINT ( 'NONE',  ( 100.9999999999999858, 0.000000000000000000, 0.000000000000000000 ) ) ;
#514 = PRODUCT_DEFINITION ( 'æœ', '', #130, #368 ) ;
#515 = DIRECTION ( 'NONE',  ( -0.000000000000000000, -0.000000000000000000, 1.000000000000000000 ) ) ;
#516 = ORIENTED_EDGE ( 'NONE', *, *, #1476, .T. ) ;
#517 = FACE_BOUND ( 'NONE', #1589, .T. ) ;
#518 = ADVANCED_FACE ( 'NONE', ( #1026, #1588 ), #1229, .T. ) ;
#519 = FACE_BOUND ( 'NONE', #2106, .T. ) ;
#520 = VERTEX_POINT ( 'NONE', #564 ) ;
#521 = CIRCLE ( 'NONE', #251, 4.000000000000006217 ) ;
#522 = AXIS2_PLACEMENT_3D ( 'NONE', #166, #1635, #1467 ) ;
#523 = DIRECTION ( 'NONE',  ( -4.047688110612546206E-15, -1.000000000000000000, 0.000000000000000000 ) ) ;
#524 = ORIENTED_EDGE ( 'NONE', *, *, #247, .F. ) ;
#525 = DIRECTION ( 'NONE',  ( 0.000000000000000000, 1.000000000000000000, 0.000000000000000000 ) ) ;
#526 = DIRECTION ( 'NONE',  ( 0.000000000000000000, 1.000000000000000000, 0.000000000000000000 ) ) ;
#527 = ORIENTED_EDGE ( 'NONE', *, *, #1517, .F. ) ;
#528 = CYLINDRICAL_SURFACE ( 'NONE', #127, 2.999999999999999112 ) ;
#529 = LINE ( 'NONE', #1847, #595 ) ;
#530 = ORIENTED_EDGE ( 'NONE', *, *, #178, .T. ) ;
#531 = DIRECTION ( 'NONE',  ( 0.000000000000000000, 0.000000000000000000, -1.000000000000000000 ) ) ;
#532 = VECTOR ( 'NONE', #1133, 1000.000000000000000 ) ;
#533 = VERTEX_POINT ( 'NONE', #1898 ) ;
#534 = ORIENTED_EDGE ( 'NONE', *, *, #492, .F. ) ;
#535 = EDGE_CURVE ( 'NONE', #827, #62, #764, .T. ) ;
#536 = DIRECTION ( 'NONE',  ( 0.000000000000000000, 1.000000000000000000, 0.000000000000000000 ) ) ;
#537 = CARTESIAN_POINT ( 'NONE',  ( 1.708702623837154988E-13, -44.00000000000001421, 21.00000000000000711 ) ) ;
#538 = ORIENTED_EDGE ( 'NONE', *, *, #380, .T. ) ;
#539 = FACE_OUTER_BOUND ( 'NONE', #887, .T. ) ;
#540 = CARTESIAN_POINT ( 'NONE',  ( -7.999999999999998224, -46.50000000000000000, -15.50000000000000000 ) ) ;
#541 = VERTEX_POINT ( 'NONE', #761 ) ;
#542 = VECTOR ( 'NONE', #1835, 1000.000000000000000 ) ;
#543 = CARTESIAN_POINT ( 'NONE',  ( 90.00000000000000000, 0.000000000000000000, 9.399999999999995026 ) ) ;
#544 = AXIS2_PLACEMENT_3D ( 'NONE', #1669, #1032, #191 ) ;
#545 = AXIS2_PLACEMENT_3D ( 'NONE', #911, #80, #1054 ) ;
#546 = CIRCLE ( 'NONE', #1547, 3.000000000000002665 ) ;
#547 = ADVANCED_FACE ( 'NONE', ( #1749, #1418, #98, #1237, #1909, #897 ), #1578, .F. ) ;
#548 = EDGE_LOOP ( 'NONE', ( #1108, #1072, #1520, #609 ) ) ;
#549 = DIRECTION ( 'NONE',  ( 1.000000000000000000, 3.985880010631508243E-17, -0.000000000000000000 ) ) ;
#550 = EDGE_CURVE ( 'NONE', #228, #1800, #1634, .T. ) ;
#551 = CARTESIAN_POINT ( 'NONE',  ( 1.821459649775647449E-13, -41.00000000000000711, 21.00000000000000711 ) ) ;
#552 = ORIENTED_EDGE ( 'NONE', *, *, #1921, .F. ) ;
#553 = ORIENTED_EDGE ( 'NONE', *, *, #287, .F. ) ;
#554 = CARTESIAN_POINT ( 'NONE',  ( 101.0000000000001279, 5.999999999999999112, -1.110223024625156540E-13 ) ) ;
#555 = CARTESIAN_POINT ( 'NONE',  ( 90.00000000000021316, 9.000000000000000000, 14.99999999999999289 ) ) ;
#556 = ORIENTED_EDGE ( 'NONE', *, *, #1384, .F. ) ;
#557 = CARTESIAN_POINT ( 'NONE',  ( 90.00000000000000000, 0.000000000000000000, 12.60000000000000320 ) ) ;
#558 = CARTESIAN_POINT ( 'NONE',  ( 54.78059124319786832, -2.083196181225465793, -17.00000000000000000 ) ) ;
#559 = CARTESIAN_POINT ( 'NONE',  ( -7.999999999999817923, -40.99999999999997868, 17.00000000000000000 ) ) ;
#560 = DIRECTION ( 'NONE',  ( 0.000000000000000000, 0.000000000000000000, 1.000000000000000000 ) ) ;
#561 = ADVANCED_FACE ( 'NONE', ( #415 ), #1405, .F. ) ;
#562 = EDGE_LOOP ( 'NONE', ( #654, #1739, #1640, #1015 ) ) ;
#563 = DIRECTION ( 'NONE',  ( 1.000000000000000000, -3.787020892204435109E-15, 0.000000000000000000 ) ) ;
#564 = CARTESIAN_POINT ( 'NONE',  ( -7.999999999999998224, -45.00000000000000000, -15.50000000000000000 ) ) ;
#565 = ORIENTED_EDGE ( 'NONE', *, *, #766, .T. ) ;
#566 = ORIENTED_EDGE ( 'NONE', *, *, #1440, .F. ) ;
#567 = DIRECTION ( 'NONE',  ( 1.000000000000000000, -3.787020892204435109E-15, 8.758115402030106693E-47 ) ) ;
#568 = DIRECTION ( 'NONE',  ( -1.000000000000000000, 3.787020892204435109E-15, -1.751623080406021339E-46 ) ) ;
#569 = CARTESIAN_POINT ( 'NONE',  ( 1.871699051336646522E-13, -80.00000000000000000, -17.99999999999998934 ) ) ;
#570 = AXIS2_PLACEMENT_3D ( 'NONE', #616, #1565, #928 ) ;
#571 = CARTESIAN_POINT ( 'NONE',  ( 90.00000000000000000, 5.999999999999999112, 11.00000000000000000 ) ) ;
#572 = CARTESIAN_POINT ( 'NONE',  ( -7.999999999999817923, -40.99999999999997868, -20.99999999999999645 ) ) ;
#573 = CARTESIAN_POINT ( 'NONE',  ( 90.00000000000000000, 9.000000000000000000, 11.00000000000000000 ) ) ;
#574 = ORIENTED_EDGE ( 'NONE', *, *, #53, .T. ) ;
#575 = EDGE_CURVE ( 'NONE', #1705, #675, #38, .T. ) ;
#576 = CARTESIAN_POINT ( 'NONE',  ( 100.9999999999999858, 9.000000000000000000, 0.000000000000000000 ) ) ;
#577 = VECTOR ( 'NONE', #1446, 1000.000000000000000 ) ;
#578 = CARTESIAN_POINT ( 'NONE',  ( 90.00000000000000000, 9.000000000000000000, 12.60000000000000320 ) ) ;
#579 = CARTESIAN_POINT ( 'NONE',  ( 101.0000000000001279, 5.999999999999999112, -1.110223024625156540E-13 ) ) ;
#580 = CIRCLE ( 'NONE', #817, 3.000000000000002665 ) ;
#581 = VECTOR ( 'NONE', #796, 1000.000000000000000 ) ;
#582 = DIRECTION ( 'NONE',  ( -0.000000000000000000, 1.000000000000000000, -0.000000000000000000 ) ) ;
#583 = DIRECTION ( 'NONE',  ( -3.787020892204435109E-15, -1.000000000000000000, 0.000000000000000000 ) ) ;
#584 = ORIENTED_EDGE ( 'NONE', *, *, #2019, .T. ) ;
#585 = ADVANCED_FACE ( 'NONE', ( #2066 ), #1557, .T. ) ;
#586 = CARTESIAN_POINT ( 'NONE',  ( 90.00000000000000000, 9.000000000000000000, -15.00000000000000355 ) ) ;
#587 = DIRECTION ( 'NONE',  ( -1.000000000000000000, 0.000000000000000000, 1.688462485347537811E-17 ) ) ;
#588 = CIRCLE ( 'NONE', #1239, 4.000000000000006217 ) ;
#589 = DIRECTION ( 'NONE',  ( 1.000000000000000000, 0.000000000000000000, 0.000000000000000000 ) ) ;
#590 = APPLICATION_PROTOCOL_DEFINITION ( 'draft international standard', 'automotive_design', 1998, #1172 ) ;
#591 = PLANE ( 'NONE',  #1568 ) ;
#592 = DIRECTION ( 'NONE',  ( 0.000000000000000000, 0.000000000000000000, 1.000000000000000000 ) ) ;
#593 = ORIENTED_EDGE ( 'NONE', *, *, #67, .T. ) ;
#594 = LINE ( 'NONE', #1913, #1788 ) ;
#595 = VECTOR ( 'NONE', #371, 1000.000000000000000 ) ;
#596 = ADVANCED_FACE ( 'NONE', ( #1220 ), #435, .F. ) ;
#597 = DIRECTION ( 'NONE',  ( -0.000000000000000000, -1.000000000000000000, -0.000000000000000000 ) ) ;
#598 = VERTEX_POINT ( 'NONE', #1924 ) ;
#599 = EDGE_CURVE ( 'NONE', #957, #883, #1528, .T. ) ;
#600 = CARTESIAN_POINT ( 'NONE',  ( -7.999999999999996447, -79.00000000000000000, 15.50000000000000000 ) ) ;
#601 = VECTOR ( 'NONE', #583, 1000.000000000000000 ) ;
#602 = ORIENTED_EDGE ( 'NONE', *, *, #1967, .F. ) ;
#603 = ORIENTED_EDGE ( 'NONE', *, *, #1614, .T. ) ;
#604 = LINE ( 'NONE', #2055, #328 ) ;
#605 = DIRECTION ( 'NONE',  ( 1.000000000000000000, 3.985880010631508243E-17, 0.000000000000000000 ) ) ;
#606 = ORIENTED_EDGE ( 'NONE', *, *, #50, .F. ) ;
#607 = FACE_OUTER_BOUND ( 'NONE', #1789, .T. ) ;
#608 = DIRECTION ( 'NONE',  ( -1.000000000000000000, 0.000000000000000000, 9.384905779602380350E-31 ) ) ;
#609 = ORIENTED_EDGE ( 'NONE', *, *, #699, .F. ) ;
#610 = LINE ( 'NONE', #1321, #1008 ) ;
#611 = CARTESIAN_POINT ( 'NONE',  ( 0.000000000000000000, 9.000000000000000000, 17.00000000000000000 ) ) ;
#612 = EDGE_CURVE ( 'NONE', #1190, #1319, #1707, .T. ) ;
#613 = ORIENTED_EDGE ( 'NONE', *, *, #186, .F. ) ;
#614 = ORIENTED_EDGE ( 'NONE', *, *, #1307, .T. ) ;
#615 = EDGE_CURVE ( 'NONE', #1650, #823, #722, .T. ) ;
#616 = CARTESIAN_POINT ( 'NONE',  ( 90.00000000000000000, 0.000000000000000000, 0.000000000000000000 ) ) ;
#617 = CIRCLE ( 'NONE', #1266, 12.00000000000000355 ) ;
#618 = CARTESIAN_POINT ( 'NONE',  ( 14.28661927894437333, -25.11662430301601390, -18.00000000000000355 ) ) ;
#619 = ORIENTED_EDGE ( 'NONE', *, *, #464, .F. ) ;
#620 = LINE ( 'NONE', #1249, #1889 ) ;
#621 = DIRECTION ( 'NONE',  ( -3.985880010631515022E-17, 1.000000000000000000, 0.000000000000000000 ) ) ;
#622 = ORIENTED_EDGE ( 'NONE', *, *, #167, .F. ) ;
#623 = DIRECTION ( 'NONE',  ( -1.000000000000000000, 2.081668171172168513E-15, 0.000000000000000000 ) ) ;
#624 = VERTEX_POINT ( 'NONE', #1247 ) ;
#625 = AXIS2_PLACEMENT_3D ( 'NONE', #82, #1726, #1235 ) ;
#626 = EDGE_CURVE ( 'NONE', #2096, #1412, #1911, .T. ) ;
#627 = DIRECTION ( 'NONE',  ( -0.8692214499653501125, -0.4944229676300794241, -0.000000000000000000 ) ) ;
#628 = AXIS2_PLACEMENT_3D ( 'NONE', #1484, #996, #1126 ) ;
#629 = CYLINDRICAL_SURFACE ( 'NONE', #1637, 9.999999999999994671 ) ;
#630 = ORIENTED_EDGE ( 'NONE', *, *, #828, .F. ) ;
#631 = DIRECTION ( 'NONE',  ( 1.000000000000000000, 3.985880010631508243E-17, -0.000000000000000000 ) ) ;
#632 = CARTESIAN_POINT ( 'NONE',  ( 74.72521983761957642, 0.000000000000000000, -17.00000000000000000 ) ) ;
#633 = ORIENTED_EDGE ( 'NONE', *, *, #955, .T. ) ;
#634 = CARTESIAN_POINT ( 'NONE',  ( 101.0000000000001279, 5.999999999999999112, 3.999999999999891642 ) ) ;
#635 = CIRCLE ( 'NONE', #1179, 1.600000000000004086 ) ;
#636 = ORIENTED_EDGE ( 'NONE', *, *, #284, .T. ) ;
#637 = ORIENTED_EDGE ( 'NONE', *, *, #997, .T. ) ;
#638 = DIRECTION ( 'NONE',  ( 6.256603853068249479E-31, 0.000000000000000000, 1.000000000000000000 ) ) ;
#639 = DIRECTION ( 'NONE',  ( 3.787020892204435109E-15, 1.000000000000000000, -0.000000000000000000 ) ) ;
#640 = EDGE_LOOP ( 'NONE', ( #1910, #1458 ) ) ;
#641 = ADVANCED_FACE ( 'NONE', ( #1395 ), #732, .F. ) ;
#642 = DIRECTION ( 'NONE',  ( -0.000000000000000000, 0.000000000000000000, -1.000000000000000000 ) ) ;
#643 = DIRECTION ( 'NONE',  ( 0.000000000000000000, 1.000000000000000000, 0.000000000000000000 ) ) ;
#644 = ORIENTED_EDGE ( 'NONE', *, *, #670, .F. ) ;
#645 = FACE_BOUND ( 'NONE', #351, .T. ) ;
#646 = VECTOR ( 'NONE', #136, 1000.000000000000000 ) ;
#647 = FACE_OUTER_BOUND ( 'NONE', #562, .T. ) ;
#648 = EDGE_LOOP ( 'NONE', ( #1579, #1691, #1406, #530 ) ) ;
#649 = AXIS2_PLACEMENT_3D ( 'NONE', #248, #745, #1583 ) ;
#650 = VECTOR ( 'NONE', #1159, 1000.000000000000000 ) ;
#651 = AXIS2_PLACEMENT_3D ( 'NONE', #569, #878, #737 ) ;
#652 = FILL_AREA_STYLE_COLOUR ( '', #148 ) ;
#653 = EDGE_CURVE ( 'NONE', #2108, #89, #2057, .T. ) ;
#654 = ORIENTED_EDGE ( 'NONE', *, *, #1148, .F. ) ;
#655 = DIRECTION ( 'NONE',  ( 6.256603853068252107E-31, 1.652117596168387263E-16, 1.000000000000000000 ) ) ;
#656 = LINE ( 'NONE', #323, #770 ) ;
#657 = EDGE_LOOP ( 'NONE', ( #1324, #472, #1858, #1915 ) ) ;
#658 = ORIENTED_EDGE ( 'NONE', *, *, #1747, .T. ) ;
#659 = DIRECTION ( 'NONE',  ( -0.000000000000000000, -0.000000000000000000, -1.000000000000000000 ) ) ;
#660 = EDGE_CURVE ( 'NONE', #462, #456, #1812, .T. ) ;
#661 = DIRECTION ( 'NONE',  ( 1.000000000000000000, 0.000000000000000000, 0.000000000000000000 ) ) ;
#662 = ADVANCED_FACE ( 'NONE', ( #331 ), #2090, .T. ) ;
#663 = ORIENTED_EDGE ( 'NONE', *, *, #2073, .T. ) ;
#664 = VERTEX_POINT ( 'NONE', #1631 ) ;
#665 = CYLINDRICAL_SURFACE ( 'NONE', #839, 1.500000000000001332 ) ;
#666 = DIRECTION ( 'NONE',  ( -1.000000000000000000, 0.000000000000000000, 0.000000000000000000 ) ) ;
#667 = ORIENTED_EDGE ( 'NONE', *, *, #828, .T. ) ;
#668 = DIRECTION ( 'NONE',  ( -0.000000000000000000, -1.000000000000000000, -0.000000000000000000 ) ) ;
#669 = DIRECTION ( 'NONE',  ( 1.000000000000000000, 3.985880010631508243E-17, -0.000000000000000000 ) ) ;
#670 = EDGE_CURVE ( 'NONE', #675, #1705, #1052, .T. ) ;
#671 = ORIENTED_EDGE ( 'NONE', *, *, #2062, .T. ) ;
#672 = DIRECTION ( 'NONE',  ( 0.000000000000000000, 1.000000000000000000, 0.000000000000000000 ) ) ;
#673 = EDGE_CURVE ( 'NONE', #62, #827, #42, .T. ) ;
#674 = CARTESIAN_POINT ( 'NONE',  ( 1.934216675714139910E-13, -41.00000000000000711, -17.00000000000000000 ) ) ;
#675 = VERTEX_POINT ( 'NONE', #144 ) ;
#676 = AXIS2_PLACEMENT_3D ( 'NONE', #1435, #943, #2095 ) ;
#677 = CARTESIAN_POINT ( 'NONE',  ( 90.00000000000000000, 5.999999999999999112, -10.99999999999999645 ) ) ;
#678 = CYLINDRICAL_SURFACE ( 'NONE', #1079, 4.000000000000002665 ) ;
#679 = LINE ( 'NONE', #935, #1407 ) ;
#680 = VECTOR ( 'NONE', #567, 1000.000000000000000 ) ;
#681 = DIRECTION ( 'NONE',  ( 1.000000000000000000, 3.985880010631508243E-17, -0.000000000000000000 ) ) ;
#682 = VERTEX_POINT ( 'NONE', #155 ) ;
#683 = DIRECTION ( 'NONE',  ( 0.000000000000000000, 0.000000000000000000, 1.000000000000000000 ) ) ;
#684 = CARTESIAN_POINT ( 'NONE',  ( -3.023920270797324950, -30.36123525416418190, -5.000000000000000888 ) ) ;
#685 = ORIENTED_EDGE ( 'NONE', *, *, #1587, .T. ) ;
#686 = EDGE_CURVE ( 'NONE', #2071, #1639, #471, .T. ) ;
#687 = DIRECTION ( 'NONE',  ( 0.000000000000000000, 1.000000000000000000, -0.000000000000000000 ) ) ;
#688 = DIRECTION ( 'NONE',  ( 0.000000000000000000, 0.000000000000000000, 1.000000000000000000 ) ) ;
#689 = ORIENTED_EDGE ( 'NONE', *, *, #140, .T. ) ;
#690 = LINE ( 'NONE', #1347, #1301 ) ;
#691 = ORIENTED_EDGE ( 'NONE', *, *, #215, .F. ) ;
#692 = CARTESIAN_POINT ( 'NONE',  ( 1.920309405503471289, -39.05344975381768791, 17.00000000000000000 ) ) ;
#693 = FACE_OUTER_BOUND ( 'NONE', #1009, .T. ) ;
#694 = ORIENTED_EDGE ( 'NONE', *, *, #1047, .F. ) ;
#695 = EDGE_LOOP ( 'NONE', ( #329, #1145, #405, #1341 ) ) ;
#696 = DIRECTION ( 'NONE',  ( 0.000000000000000000, 0.000000000000000000, 1.000000000000000000 ) ) ;
#697 = DIRECTION ( 'NONE',  ( 0.000000000000000000, 0.000000000000000000, -1.000000000000000000 ) ) ;
#698 = VERTEX_POINT ( 'NONE', #1305 ) ;
#699 = EDGE_CURVE ( 'NONE', #1964, #122, #315, .T. ) ;
#700 = AXIS2_PLACEMENT_3D ( 'NONE', #77, #263, #592 ) ;
#701 = DIRECTION ( 'NONE',  ( 0.8692214499653500015, 0.4944229676300793686, 0.000000000000000000 ) ) ;
#702 = EDGE_CURVE ( 'NONE', #1294, #16, #1150, .T. ) ;
#703 = VECTOR ( 'NONE', #423, 1000.000000000000000 ) ;
#704 = ORIENTED_EDGE ( 'NONE', *, *, #2070, .T. ) ;
#705 = LINE ( 'NONE', #1703, #923 ) ;
#706 = DIRECTION ( 'NONE',  ( 0.000000000000000000, 0.000000000000000000, 1.000000000000000000 ) ) ;
#707 = ORIENTED_EDGE ( 'NONE', *, *, #1825, .T. ) ;
#708 = CARTESIAN_POINT ( 'NONE',  ( 90.00000000000000000, 9.000000000000000000, -1.600000000000019851 ) ) ;
#709 = DIRECTION ( 'NONE',  ( -0.000000000000000000, 1.000000000000000000, -0.000000000000000000 ) ) ;
#710 = EDGE_LOOP ( 'NONE', ( #452, #1039 ) ) ;
#711 = DIRECTION ( 'NONE',  ( -0.000000000000000000, 0.000000000000000000, -1.000000000000000000 ) ) ;
#712 = EDGE_CURVE ( 'NONE', #1975, #1823, #1473, .T. ) ;
#713 = CYLINDRICAL_SURFACE ( 'NONE', #1752, 2.100000000000004530 ) ;
#714 = AXIS2_PLACEMENT_3D ( 'NONE', #225, #201, #1181 ) ;
#715 = CIRCLE ( 'NONE', #747, 10.00000000000000178 ) ;
#716 = VECTOR ( 'NONE', #659, 1000.000000000000000 ) ;
#717 = VECTOR ( 'NONE', #1693, 1000.000000000000000 ) ;
#718 = DIRECTION ( 'NONE',  ( 1.000000000000000000, 0.000000000000000000, -8.442312426737689054E-18 ) ) ;
#719 = CARTESIAN_POINT ( 'NONE',  ( 1.821459649775647449E-13, -41.00000000000000711, 18.00000000000001066 ) ) ;
#720 = ORIENTED_EDGE ( 'NONE', *, *, #1745, .T. ) ;
#721 = CARTESIAN_POINT ( 'NONE',  ( 101.0000000000001279, 5.999999999999999112, -1.110223024625156540E-13 ) ) ;
#722 = LINE ( 'NONE', #2040, #157 ) ;
#723 = ORIENTED_EDGE ( 'NONE', *, *, #392, .T. ) ;
#724 = CARTESIAN_POINT ( 'NONE',  ( -7.999999999999810818, -83.00000000000000000, 18.00000000000001421 ) ) ;
#725 = PLANE ( 'NONE',  #274 ) ;
#726 = EDGE_CURVE ( 'NONE', #416, #1186, #656, .T. ) ;
#727 = CARTESIAN_POINT ( 'NONE',  ( -7.999999999999998224, -46.50000000000000000, -15.50000000000000000 ) ) ;
#728 = DIRECTION ( 'NONE',  ( 0.000000000000000000, 1.000000000000000000, -0.000000000000000000 ) ) ;
#729 = ADVANCED_FACE ( 'NONE', ( #773 ), #629, .F. ) ;
#730 = ORIENTED_EDGE ( 'NONE', *, *, #575, .F. ) ;
#731 = DIRECTION ( 'NONE',  ( -0.000000000000000000, -1.000000000000000000, -0.000000000000000000 ) ) ;
#732 = PLANE ( 'NONE',  #498 ) ;
#733 = VERTEX_POINT ( 'NONE', #1431 ) ;
#734 = LINE ( 'NONE', #1893, #448 ) ;
#735 = FACE_OUTER_BOUND ( 'NONE', #1281, .T. ) ;
#736 = EDGE_CURVE ( 'NONE', #1391, #1996, #1352, .T. ) ;
#737 = DIRECTION ( 'NONE',  ( 3.985880010631386832E-17, -1.000000000000000000, 0.000000000000000000 ) ) ;
#738 = LINE ( 'NONE', #1573, #1647 ) ;
#739 = EDGE_CURVE ( 'NONE', #16, #1498, #450, .T. ) ;
#740 = DIRECTION ( 'NONE',  ( -0.000000000000000000, -1.000000000000000000, -0.000000000000000000 ) ) ;
#741 = DIRECTION ( 'NONE',  ( 0.000000000000000000, -0.000000000000000000, 1.000000000000000000 ) ) ;
#742 = ORIENTED_EDGE ( 'NONE', *, *, #1725, .T. ) ;
#743 = DIRECTION ( 'NONE',  ( -0.000000000000000000, -1.000000000000000000, -0.000000000000000000 ) ) ;
#744 = CIRCLE ( 'NONE', #676, 4.000000000000007994 ) ;
#745 = DIRECTION ( 'NONE',  ( -0.000000000000000000, 1.000000000000000000, -0.000000000000000000 ) ) ;
#746 = ORIENTED_EDGE ( 'NONE', *, *, #1564, .T. ) ;
#747 = AXIS2_PLACEMENT_3D ( 'NONE', #222, #1075, #1733 ) ;
#748 = CARTESIAN_POINT ( 'NONE',  ( -7.999999999999805489, -37.79350479506619820, 10.00000000000000178 ) ) ;
#749 = AXIS2_PLACEMENT_3D ( 'NONE', #1538, #54, #718 ) ;
#750 = CARTESIAN_POINT ( 'NONE',  ( 63.92503786197111282, 7.720087475578428560, -5.000000000000001776 ) ) ;
#751 = EDGE_CURVE ( 'NONE', #2041, #25, #982, .T. ) ;
#752 = CARTESIAN_POINT ( 'NONE',  ( 68.86926753827191305, -0.9721270240750758962, -17.00000000000000000 ) ) ;
#753 = EDGE_LOOP ( 'NONE', ( #396, #117, #1491, #1 ) ) ;
#754 = LINE ( 'NONE', #256, #482 ) ;
#755 = LINE ( 'NONE', #1095, #2129 ) ;
#756 = ORIENTED_EDGE ( 'NONE', *, *, #1814, .T. ) ;
#757 = CARTESIAN_POINT ( 'NONE',  ( 1.708702623837154988E-13, -44.00000000000001421, -20.99999999999999645 ) ) ;
#758 = DIRECTION ( 'NONE',  ( -0.4944229676300793686, 0.8692214499653500015, 0.000000000000000000 ) ) ;
#759 = ORIENTED_EDGE ( 'NONE', *, *, #189, .F. ) ;
#760 = CARTESIAN_POINT ( 'NONE',  ( 79.00000000000000000, 9.000000000000000000, -2.100000000000001865 ) ) ;
#761 = CARTESIAN_POINT ( 'NONE',  ( 79.00000000000000000, 5.999999999999999112, -2.100000000000001865 ) ) ;
#762 = ORIENTED_EDGE ( 'NONE', *, *, #2070, .F. ) ;
#763 = CYLINDRICAL_SURFACE ( 'NONE', #1470, 1.600000000000019851 ) ;
#764 = CIRCLE ( 'NONE', #2006, 1.600000000000019851 ) ;
#765 = CARTESIAN_POINT ( 'NONE',  ( -3.023920270797324061, -30.36123525416418190, 4.999999999999999112 ) ) ;
#766 = EDGE_CURVE ( 'NONE', #1771, #2118, #1608, .T. ) ;
#767 = CARTESIAN_POINT ( 'NONE',  ( 90.00000000000000000, 9.000000000000000000, 0.000000000000000000 ) ) ;
#768 = ADVANCED_FACE ( 'NONE', ( #1642 ), #128, .F. ) ;
#769 = CARTESIAN_POINT ( 'NONE',  ( -7.999999999999803713, -37.79350479506619820, -17.00000000000000000 ) ) ;
#770 = VECTOR ( 'NONE', #1114, 1000.000000000000000 ) ;
#771 = ORIENTED_EDGE ( 'NONE', *, *, #287, .T. ) ;
#772 = CARTESIAN_POINT ( 'NONE',  ( -7.999999999999805489, -37.79350479506621241, 5.000000000000002665 ) ) ;
#773 = FACE_OUTER_BOUND ( 'NONE', #194, .T. ) ;
#774 = EDGE_LOOP ( 'NONE', ( #1940, #32, #1977, #1817 ) ) ;
#775 = ORIENTED_EDGE ( 'NONE', *, *, #1745, .F. ) ;
#776 = CARTESIAN_POINT ( 'NONE',  ( -9.977691870520123629, -34.31661899520481285, -10.00000000000000178 ) ) ;
#777 = DIRECTION ( 'NONE',  ( -1.000000000000000000, 3.787020892204435109E-15, 0.000000000000000000 ) ) ;
#778 = EDGE_CURVE ( 'NONE', #1595, #977, #1454, .T. ) ;
#779 = ADVANCED_FACE ( 'NONE', ( #647 ), #1443, .T. ) ;
#780 = ORIENTED_EDGE ( 'NONE', *, *, #507, .T. ) ;
#781 = DIRECTION ( 'NONE',  ( -0.000000000000000000, -0.000000000000000000, 1.000000000000000000 ) ) ;
#782 = VERTEX_POINT ( 'NONE', #1362 ) ;
#783 = DIRECTION ( 'NONE',  ( -1.000000000000000000, 0.000000000000000000, 0.000000000000000000 ) ) ;
#784 = VECTOR ( 'NONE', #2075, 1000.000000000000000 ) ;
#785 = AXIS2_PLACEMENT_3D ( 'NONE', #826, #1034, #1318 ) ;
#786 = DIRECTION ( 'NONE',  ( 0.000000000000000000, 1.000000000000000000, 0.000000000000000000 ) ) ;
#787 = VERTEX_POINT ( 'NONE', #1515 ) ;
#788 = FACE_OUTER_BOUND ( 'NONE', #1523, .T. ) ;
#789 = CARTESIAN_POINT ( 'NONE',  ( -7.999999999999817923, -40.99999999999997868, 18.00000000000001066 ) ) ;
#790 = ORIENTED_EDGE ( 'NONE', *, *, #167, .T. ) ;
#791 = DIRECTION ( 'NONE',  ( 3.985880010631386832E-17, -1.000000000000000000, 0.000000000000000000 ) ) ;
#792 = ORIENTED_EDGE ( 'NONE', *, *, #1204, .T. ) ;
#793 = DIRECTION ( 'NONE',  ( 1.000000000000000000, 3.985880010631508243E-17, -0.000000000000000000 ) ) ;
#794 = ADVANCED_FACE ( 'NONE', ( #1822 ), #1205, .T. ) ;
#795 = CIRCLE ( 'NONE', #628, 1.600000000000004086 ) ;
#796 = DIRECTION ( 'NONE',  ( 0.000000000000000000, 0.000000000000000000, 1.000000000000000000 ) ) ;
#797 = ORIENTED_EDGE ( 'NONE', *, *, #871, .T. ) ;
#798 = CARTESIAN_POINT ( 'NONE',  ( 90.00000000000000000, 5.999999999999999112, 9.399999999999995026 ) ) ;
#799 = LINE ( 'NONE', #475, #1469 ) ;
#800 = VERTEX_POINT ( 'NONE', #1671 ) ;
#801 = CARTESIAN_POINT ( 'NONE',  ( 68.12315587390013150, 9.000000000000000000, -17.00000000000000000 ) ) ;
#802 = VERTEX_POINT ( 'NONE', #9 ) ;
#803 = EDGE_LOOP ( 'NONE', ( #1717, #854, #1932, #1720, #378, #20, #1432, #175, #1282, #2091, #873, #527, #1951, #1023, #1512, #229 ) ) ;
#804 = CYLINDRICAL_SURFACE ( 'NONE', #2012, 1.500000000000001332 ) ;
#805 = DIRECTION ( 'NONE',  ( -0.000000000000000000, 1.000000000000000000, -0.000000000000000000 ) ) ;
#806 = EDGE_LOOP ( 'NONE', ( #78, #1448, #667, #1622 ) ) ;
#807 = EDGE_CURVE ( 'NONE', #1404, #1311, #818, .T. ) ;
#808 = VECTOR ( 'NONE', #740, 1000.000000000000000 ) ;
#809 = PRESENTATION_STYLE_ASSIGNMENT (( #327 ) ) ;
#810 = VERTEX_POINT ( 'NONE', #3 ) ;
#811 = ORIENTED_EDGE ( 'NONE', *, *, #1765, .F. ) ;
#812 = FACE_BOUND ( 'NONE', #286, .T. ) ;
#813 = VECTOR ( 'NONE', #402, 999.9999999999998863 ) ;
#814 = CARTESIAN_POINT ( 'NONE',  ( -7.999999999999996447, -76.00000000000000000, 15.50000000000000000 ) ) ;
#815 = EDGE_LOOP ( 'NONE', ( #606, #962, #99, #1285 ) ) ;
#816 = CIRCLE ( 'NONE', #168, 2.100000000000004530 ) ;
#817 = AXIS2_PLACEMENT_3D ( 'NONE', #237, #890, #1724 ) ;
#818 = CIRCLE ( 'NONE', #2024, 9.999999999999994671 ) ;
#819 = ADVANCED_FACE ( 'NONE', ( #1868 ), #1490, .T. ) ;
#820 = DIRECTION ( 'NONE',  ( 0.000000000000000000, 0.000000000000000000, 1.000000000000000000 ) ) ;
#821 = ADVANCED_FACE ( 'NONE', ( #693 ), #1170, .F. ) ;
#822 = ORIENTED_EDGE ( 'NONE', *, *, #1219, .T. ) ;
#823 = VERTEX_POINT ( 'NONE', #684 ) ;
#824 = ORIENTED_EDGE ( 'NONE', *, *, #284, .F. ) ;
#825 = DIRECTION ( 'NONE',  ( -3.985880010631515022E-17, 1.000000000000000000, 0.000000000000000000 ) ) ;
#826 = CARTESIAN_POINT ( 'NONE',  ( 1.920309405503471289, -39.05344975381768791, -17.00000000000000000 ) ) ;
#827 = VERTEX_POINT ( 'NONE', #381 ) ;
#828 = EDGE_CURVE ( 'NONE', #1328, #886, #2013, .T. ) ;
#829 = EDGE_CURVE ( 'NONE', #1800, #1975, #1504, .T. ) ;
#830 = ADVANCED_FACE ( 'NONE', ( #1682 ), #174, .T. ) ;
#831 = VERTEX_POINT ( 'NONE', #1340 ) ;
#832 = CARTESIAN_POINT ( 'NONE',  ( 1.853434204943651130E-15, -46.50000000000000000, 15.50000000000000000 ) ) ;
#833 = LINE ( 'NONE', #1991, #511 ) ;
#834 = ORIENTED_EDGE ( 'NONE', *, *, #1590, .T. ) ;
#835 = VERTEX_POINT ( 'NONE', #674 ) ;
#836 = CARTESIAN_POINT ( 'NONE',  ( 79.00000000000000000, 5.999999999999999112, 2.694222958124176020E-15 ) ) ;
#837 = FACE_OUTER_BOUND ( 'NONE', #1750, .T. ) ;
#838 = CARTESIAN_POINT ( 'NONE',  ( 90.00000000000000000, 0.000000000000000000, -11.00000000000000000 ) ) ;
#839 = AXIS2_PLACEMENT_3D ( 'NONE', #1317, #1978, #536 ) ;
#840 = DIRECTION ( 'NONE',  ( 0.000000000000000000, 0.000000000000000000, 1.000000000000000000 ) ) ;
#841 = EDGE_CURVE ( 'NONE', #1238, #862, #342, .T. ) ;
#842 = EDGE_LOOP ( 'NONE', ( #145, #2067 ) ) ;
#843 = DIRECTION ( 'NONE',  ( 0.000000000000000000, 1.000000000000000000, -0.000000000000000000 ) ) ;
#844 = DIRECTION ( 'NONE',  ( 1.000000000000000000, 3.985880010631508243E-17, -0.000000000000000000 ) ) ;
#845 = ORIENTED_EDGE ( 'NONE', *, *, #2114, .F. ) ;
#846 = ORIENTED_EDGE ( 'NONE', *, *, #858, .T. ) ;
#847 = AXIS2_PLACEMENT_3D ( 'NONE', #47, #896, #1385 ) ;
#848 = CARTESIAN_POINT ( 'NONE',  ( -7.999999999999810818, -83.00000000000000000, -17.99999999999998934 ) ) ;
#849 = FACE_OUTER_BOUND ( 'NONE', #2085, .T. ) ;
#850 = ORIENTED_EDGE ( 'NONE', *, *, #1815, .F. ) ;
#851 = AXIS2_PLACEMENT_3D ( 'NONE', #1082, #1420, #1389 ) ;
#852 = VECTOR ( 'NONE', #389, 1000.000000000000000 ) ;
#853 = CARTESIAN_POINT ( 'NONE',  ( 1.992940005315989670E-15, -50.00000000000590461, 0.000000000000000000 ) ) ;
#854 = ORIENTED_EDGE ( 'NONE', *, *, #1357, .T. ) ;
#855 = LINE ( 'NONE', #2011, #273 ) ;
#856 = CARTESIAN_POINT ( 'NONE',  ( 90.00000000000000000, 0.000000000000000000, 0.000000000000000000 ) ) ;
#857 = ORIENTED_EDGE ( 'NONE', *, *, #84, .F. ) ;
#858 = EDGE_CURVE ( 'NONE', #1865, #49, #1722, .T. ) ;
#859 = CYLINDRICAL_SURFACE ( 'NONE', #2125, 10.00000000000000178 ) ;
#860 = AXIS2_PLACEMENT_3D ( 'NONE', #1263, #2086, #1933 ) ;
#861 = LINE ( 'NONE', #2016, #220 ) ;
#862 = VERTEX_POINT ( 'NONE', #1660 ) ;
#863 = CARTESIAN_POINT ( 'NONE',  ( 12.30892740842406496, -21.63973850315462855, 0.000000000000000000 ) ) ;
#864 = ORIENTED_EDGE ( 'NONE', *, *, #1948, .F. ) ;
#865 = CARTESIAN_POINT ( 'NONE',  ( 79.00000000000000000, 0.000000000000000000, -2.100000000000001865 ) ) ;
#866 = AXIS2_PLACEMENT_3D ( 'NONE', #359, #395, #12 ) ;
#867 = DIRECTION ( 'NONE',  ( 1.000000000000000000, 3.985880010631508243E-17, 0.000000000000000000 ) ) ;
#868 = ORIENTED_EDGE ( 'NONE', *, *, #673, .T. ) ;
#869 = VERTEX_POINT ( 'NONE', #181 ) ;
#870 = LINE ( 'NONE', #1184, #813 ) ;
#871 = EDGE_CURVE ( 'NONE', #40, #332, #833, .T. ) ;
#872 = CARTESIAN_POINT ( 'NONE',  ( -7.999999999999996447, -77.50000000000000000, -15.50000000000000000 ) ) ;
#873 = ORIENTED_EDGE ( 'NONE', *, *, #1633, .F. ) ;
#874 = VECTOR ( 'NONE', #1939, 1000.000000000000000 ) ;
#875 = CARTESIAN_POINT ( 'NONE',  ( -7.999999999999998224, -46.50000000000000000, -15.50000000000000000 ) ) ;
#876 = PLANE ( 'NONE',  #1503 ) ;
#877 = VECTOR ( 'NONE', #313, 999.9999999999998863 ) ;
#878 = DIRECTION ( 'NONE',  ( 1.000000000000000000, 3.985880010631508243E-17, -0.000000000000000000 ) ) ;
#879 = CARTESIAN_POINT ( 'NONE',  ( 1.872894799055378778E-13, -83.00000000000000000, -17.99999999999998934 ) ) ;
#880 = CARTESIAN_POINT ( 'NONE',  ( 1.920309405503471289, -39.05344975381768791, -5.000000000000000888 ) ) ;
#881 = ORIENTED_EDGE ( 'NONE', *, *, #535, .T. ) ;
#882 = UNCERTAINTY_MEASURE_WITH_UNIT (LENGTH_MEASURE( 1.000000000000000082E-05 ), #1110, 'distance_accuracy_value', 'NONE');
#883 = VERTEX_POINT ( 'NONE', #1182 ) ;
#884 = FACE_BOUND ( 'NONE', #2037, .T. ) ;
#885 = CARTESIAN_POINT ( 'NONE',  ( 0.000000000000000000, 0.000000000000000000, -17.00000000000000000 ) ) ;
#886 = VERTEX_POINT ( 'NONE', #537 ) ;
#887 = EDGE_LOOP ( 'NONE', ( #218, #1031, #524, #299 ) ) ;
#888 = EDGE_CURVE ( 'NONE', #387, #332, #1833, .T. ) ;
#889 = DIRECTION ( 'NONE',  ( -1.000000000000000000, 0.000000000000000000, 6.256603853068252107E-31 ) ) ;
#890 = DIRECTION ( 'NONE',  ( -1.000000000000000000, 3.787020892204435109E-15, 0.000000000000000000 ) ) ;
#891 = AXIS2_PLACEMENT_3D ( 'NONE', #1338, #365, #1501 ) ;
#892 = EDGE_CURVE ( 'NONE', #369, #1763, #1930, .T. ) ;
#893 = AXIS2_PLACEMENT_3D ( 'NONE', #162, #805, #116 ) ;
#894 = PLANE ( 'NONE',  #1860 ) ;
#895 = ORIENTED_EDGE ( 'NONE', *, *, #1838, .F. ) ;
#896 = DIRECTION ( 'NONE',  ( -0.000000000000000000, -1.000000000000000000, -0.000000000000000000 ) ) ;
#897 = FACE_OUTER_BOUND ( 'NONE', #316, .T. ) ;
#898 = ORIENTED_EDGE ( 'NONE', *, *, #358, .F. ) ;
#899 = DIRECTION ( 'NONE',  ( 0.8692214499653501125, 0.4944229676300793130, 0.000000000000000000 ) ) ;
#900 = VECTOR ( 'NONE', #92, 1000.000000000000000 ) ;
#901 = PLANE ( 'NONE',  #1681 ) ;
#902 = EDGE_CURVE ( 'NONE', #1628, #1763, #1011, .T. ) ;
#903 = CARTESIAN_POINT ( 'NONE',  ( 90.00000000000021316, 5.999999999999999112, 6.999999999999998224 ) ) ;
#904 = DIRECTION ( 'NONE',  ( 0.000000000000000000, 0.000000000000000000, 1.000000000000000000 ) ) ;
#905 = VERTEX_POINT ( 'NONE', #1525 ) ;
#906 = CARTESIAN_POINT ( 'NONE',  ( 74.72521983761957642, -10.00000000000000178, 17.00000000000000000 ) ) ;
#907 = DIRECTION ( 'NONE',  ( 0.000000000000000000, -0.000000000000000000, 1.000000000000000000 ) ) ;
#908 = ORIENTED_EDGE ( 'NONE', *, *, #892, .F. ) ;
#909 = CIRCLE ( 'NONE', #81, 1.600000000000004086 ) ;
#910 = CARTESIAN_POINT ( 'NONE',  ( -7.999999999999965361, -80.00000000000000000, -17.99999999999998934 ) ) ;
#911 = CARTESIAN_POINT ( 'NONE',  ( 90.00000000000021316, 5.999999999999999112, 10.99999999999999645 ) ) ;
#912 = CARTESIAN_POINT ( 'NONE',  ( 68.12315587390013150, 9.000000000000000000, 5.000000000000000888 ) ) ;
#913 = VECTOR ( 'NONE', #1070, 1000.000000000000000 ) ;
#914 = DIRECTION ( 'NONE',  ( 0.000000000000000000, 0.000000000000000000, 1.000000000000000000 ) ) ;
#915 = LINE ( 'NONE', #572, #913 ) ;
#916 = DIRECTION ( 'NONE',  ( -1.000000000000000000, -3.985880010631508243E-17, 0.000000000000000000 ) ) ;
#917 = EDGE_LOOP ( 'NONE', ( #811, #458, #1035, #636, #658 ) ) ;
#918 = EDGE_CURVE ( 'NONE', #1797, #459, #17, .T. ) ;
#919 = CARTESIAN_POINT ( 'NONE',  ( 68.12315587390013150, 9.000000000000000000, -5.000000000000000888 ) ) ;
#920 = AXIS2_PLACEMENT_3D ( 'NONE', #149, #643, #1163 ) ;
#921 = DIRECTION ( 'NONE',  ( -1.000000000000000000, 3.787020892204435109E-15, 0.000000000000000000 ) ) ;
#922 = DIRECTION ( 'NONE',  ( -0.7692299302879958001, -0.6389720763453792252, 1.912495212437386091E-17 ) ) ;
#923 = VECTOR ( 'NONE', #1680, 1000.000000000000000 ) ;
#924 = VECTOR ( 'NONE', #1591, 1000.000000000000114 ) ;
#925 = AXIS2_PLACEMENT_3D ( 'NONE', #1482, #844, #1980 ) ;
#926 = CARTESIAN_POINT ( 'NONE',  ( 90.00000000000000000, 9.000000000000000000, -12.60000000000000320 ) ) ;
#927 = CIRCLE ( 'NONE', #1303, 3.999999999999996447 ) ;
#928 = DIRECTION ( 'NONE',  ( 0.000000000000000000, 0.000000000000000000, 1.000000000000000000 ) ) ;
#929 = DIRECTION ( 'NONE',  ( -0.000000000000000000, -0.000000000000000000, 1.000000000000000000 ) ) ;
#930 = VERTEX_POINT ( 'NONE', #1704 ) ;
#931 = EDGE_CURVE ( 'NONE', #332, #2096, #60, .T. ) ;
#932 = EDGE_CURVE ( 'NONE', #533, #823, #413, .T. ) ;
#933 = DIRECTION ( 'NONE',  ( -4.047688110612546206E-15, -1.000000000000000000, 0.000000000000000000 ) ) ;
#934 = DIRECTION ( 'NONE',  ( 0.000000000000000000, 0.000000000000000000, -1.000000000000000000 ) ) ;
#935 = CARTESIAN_POINT ( 'NONE',  ( 1.821459649775647449E-13, -80.00000000000000000, 21.00000000000001421 ) ) ;
#936 = CARTESIAN_POINT ( 'NONE',  ( -7.999999999999805489, -37.79350479506621241, 17.00000000000000000 ) ) ;
#937 = ORIENTED_EDGE ( 'NONE', *, *, #858, .F. ) ;
#938 = DIRECTION ( 'NONE',  ( -1.000000000000000000, 3.787020892204435109E-15, -8.758115402030106693E-47 ) ) ;
#939 = DIRECTION ( 'NONE',  ( 0.000000000000000000, 0.000000000000000000, -1.000000000000000000 ) ) ;
#940 = EDGE_LOOP ( 'NONE', ( #2021, #780, #504, #360 ) ) ;
#941 = EDGE_CURVE ( 'NONE', #1648, #810, #51, .T. ) ;
#942 = CARTESIAN_POINT ( 'NONE',  ( 79.00000000000000000, 0.000000000000000000, 2.100000000000007194 ) ) ;
#943 = DIRECTION ( 'NONE',  ( 0.000000000000000000, 1.000000000000000000, 0.000000000000000000 ) ) ;
#944 = VERTEX_POINT ( 'NONE', #557 ) ;
#945 = CARTESIAN_POINT ( 'NONE',  ( 1.920309405503471289, -39.05344975381768791, -10.00000000000000178 ) ) ;
#946 = ORIENTED_EDGE ( 'NONE', *, *, #888, .T. ) ;
#947 = LINE ( 'NONE', #445, #159 ) ;
#948 = DIRECTION ( 'NONE',  ( 1.000000000000000000, 3.985880010631508243E-17, -0.000000000000000000 ) ) ;
#949 = ORIENTED_EDGE ( 'NONE', *, *, #219, .F. ) ;
#950 = CARTESIAN_POINT ( 'NONE',  ( 74.72521983761957642, 0.000000000000000000, -0.000000000000000000 ) ) ;
#951 = CARTESIAN_POINT ( 'NONE',  ( 90.00000000000000000, 0.000000000000000000, -9.399999999999995026 ) ) ;
#952 = EDGE_LOOP ( 'NONE', ( #1848, #822, #1477, #691 ) ) ;
#953 = DIRECTION ( 'NONE',  ( 1.000000000000000000, 3.985880010631508243E-17, 0.000000000000000000 ) ) ;
#954 = AXIS2_PLACEMENT_3D ( 'NONE', #1127, #1994, #934 ) ;
#955 = EDGE_CURVE ( 'NONE', #1981, #1180, #386, .T. ) ;
#956 = CIRCLE ( 'NONE', #851, 3.000000000000002665 ) ;
#957 = VERTEX_POINT ( 'NONE', #853 ) ;
#958 = ORIENTED_EDGE ( 'NONE', *, *, #419, .T. ) ;
#959 = CARTESIAN_POINT ( 'NONE',  ( -9.977691870520123629, -34.31661899520481285, 10.00000000000000178 ) ) ;
#960 = VECTOR ( 'NONE', #1017, 1000.000000000000000 ) ;
#961 = DIRECTION ( 'NONE',  ( 3.985880010631386832E-17, -1.000000000000000000, 0.000000000000000000 ) ) ;
#962 = ORIENTED_EDGE ( 'NONE', *, *, #1330, .F. ) ;
#963 = CARTESIAN_POINT ( 'NONE',  ( 79.00000000000015632, 9.000000000000000000, 4.000000000000049738 ) ) ;
#964 = EDGE_CURVE ( 'NONE', #598, #520, #1617, .T. ) ;
#965 = DIRECTION ( 'NONE',  ( 1.000000000000000000, 3.985880010631508243E-17, 0.000000000000000000 ) ) ;
#966 = ORIENTED_EDGE ( 'NONE', *, *, #165, .T. ) ;
#967 = LINE ( 'NONE', #950, #716 ) ;
#968 = EDGE_CURVE ( 'NONE', #1101, #1869, #1222, .T. ) ;
#969 = VERTEX_POINT ( 'NONE', #1496 ) ;
#970 = DIRECTION ( 'NONE',  ( -0.8692214499653501125, -0.4944229676300794241, -0.000000000000000000 ) ) ;
#971 = PRESENTATION_LAYER_ASSIGNMENT (  '', '', ( #422 ) ) ;
#972 = DIRECTION ( 'NONE',  ( 1.000000000000000000, 0.000000000000000000, 0.000000000000000000 ) ) ;
#973 = ORIENTED_EDGE ( 'NONE', *, *, #955, .F. ) ;
#974 = FACE_OUTER_BOUND ( 'NONE', #1646, .T. ) ;
#975 = ORIENTED_EDGE ( 'NONE', *, *, #807, .T. ) ;
#976 = AXIS2_PLACEMENT_3D ( 'NONE', #276, #1378, #1597 ) ;
#977 = VERTEX_POINT ( 'NONE', #724 ) ;
#978 = ORIENTED_EDGE ( 'NONE', *, *, #726, .T. ) ;
#979 = EDGE_CURVE ( 'NONE', #1451, #2041, #2018, .T. ) ;
#980 = FACE_OUTER_BOUND ( 'NONE', #806, .T. ) ;
#981 = AXIS2_PLACEMENT_3D ( 'NONE', #1091, #929, #244 ) ;
#982 = LINE ( 'NONE', #2122, #1754 ) ;
#983 = EDGE_LOOP ( 'NONE', ( #385, #946, #37, #1045 ) ) ;
#984 = CIRCLE ( 'NONE', #1740, 9.999999999999994671 ) ;
#985 = EDGE_CURVE ( 'NONE', #835, #25, #1849, .T. ) ;
#986 = DIRECTION ( 'NONE',  ( 1.000000000000000000, 2.081668171172168513E-15, 0.000000000000000000 ) ) ;
#987 = VERTEX_POINT ( 'NONE', #543 ) ;
#988 = LINE ( 'NONE', #494, #877 ) ;
#989 = CARTESIAN_POINT ( 'NONE',  ( -7.999999999999805489, -37.79350479506619820, -18.00000000000000355 ) ) ;
#990 = EDGE_LOOP ( 'NONE', ( #1830, #2113, #61, #146 ) ) ;
#991 = AXIS2_PLACEMENT_3D ( 'NONE', #1414, #1905, #1934 ) ;
#992 = AXIS2_PLACEMENT_3D ( 'NONE', #863, #1521, #701 ) ;
#993 = CIRCLE ( 'NONE', #1368, 1.500000000000001332 ) ;
#994 = VECTOR ( 'NONE', #203, 1000.000000000000000 ) ;
#995 = ADVANCED_FACE ( 'NONE', ( #1534 ), #1178, .F. ) ;
#996 = DIRECTION ( 'NONE',  ( 0.000000000000000000, 1.000000000000000000, 0.000000000000000000 ) ) ;
#997 = EDGE_CURVE ( 'NONE', #2096, #1479, #397, .T. ) ;
#998 = EDGE_LOOP ( 'NONE', ( #390, #2005, #1976, #756, #1672 ) ) ;
#999 = EDGE_LOOP ( 'NONE', ( #1683, #603, #1936, #707, #538 ) ) ;
#1000 = DIRECTION ( 'NONE',  ( 3.758567531283080986E-15, 1.000000000000000000, -1.652117596168387263E-16 ) ) ;
#1001 = CARTESIAN_POINT ( 'NONE',  ( 79.00000000000015632, 5.999999999999999112, -3.999999999999966249 ) ) ;
#1002 = EDGE_LOOP ( 'NONE', ( #1802, #1531 ) ) ;
#1003 = FACE_BOUND ( 'NONE', #1679, .T. ) ;
#1004 = CARTESIAN_POINT ( 'NONE',  ( 101.0000000000001279, 5.999999999999999112, -4.000000000000113687 ) ) ;
#1005 = FACE_OUTER_BOUND ( 'NONE', #983, .T. ) ;
#1006 = ADVANCED_FACE ( 'NONE', ( #374 ), #14, .F. ) ;
#1007 = DIRECTION ( 'NONE',  ( 0.000000000000000000, 0.000000000000000000, 1.000000000000000000 ) ) ;
#1008 = VECTOR ( 'NONE', #1424, 1000.000000000000000 ) ;
#1009 = EDGE_LOOP ( 'NONE', ( #1132, #1379, #1351, #1872 ) ) ;
#1010 = FACE_OUTER_BOUND ( 'NONE', #46, .T. ) ;
#1011 = LINE ( 'NONE', #1844, #994 ) ;
#1012 = EDGE_LOOP ( 'NONE', ( #372, #320 ) ) ;
#1013 = FACE_OUTER_BOUND ( 'NONE', #2076, .T. ) ;
#1014 = CARTESIAN_POINT ( 'NONE',  ( 0.000000000000000000, 9.000000000000000000, 0.000000000000000000 ) ) ;
#1015 = ORIENTED_EDGE ( 'NONE', *, *, #1564, .F. ) ;
#1016 = CIRCLE ( 'NONE', #87, 4.000000000000002665 ) ;
#1017 = DIRECTION ( 'NONE',  ( 0.000000000000000000, 0.000000000000000000, 1.000000000000000000 ) ) ;
#1018 = EDGE_CURVE ( 'NONE', #1891, #1294, #546, .T. ) ;
#1019 = ORIENTED_EDGE ( 'NONE', *, *, #70, .T. ) ;
#1020 = DIRECTION ( 'NONE',  ( -1.000000000000000000, 5.551115123125782702E-15, 0.000000000000000000 ) ) ;
#1021 = DIRECTION ( 'NONE',  ( -1.000000000000000000, 0.000000000000000000, 0.000000000000000000 ) ) ;
#1022 = ORIENTED_EDGE ( 'NONE', *, *, #1330, .T. ) ;
#1023 = ORIENTED_EDGE ( 'NONE', *, *, #1018, .T. ) ;
#1024 = AXIS2_PLACEMENT_3D ( 'NONE', #357, #1673, #1342 ) ;
#1025 = DIRECTION ( 'NONE',  ( 0.000000000000000000, 1.000000000000000000, 0.000000000000000000 ) ) ;
#1026 = FACE_OUTER_BOUND ( 'NONE', #842, .T. ) ;
#1027 = VERTEX_POINT ( 'NONE', #198 ) ;
#1028 = AXIS2_PLACEMENT_3D ( 'NONE', #1700, #1689, #1676 ) ;
#1029 = AXIS2_PLACEMENT_3D ( 'NONE', #430, #1561, #1572 ) ;
#1030 = FACE_OUTER_BOUND ( 'NONE', #1256, .T. ) ;
#1031 = ORIENTED_EDGE ( 'NONE', *, *, #1967, .T. ) ;
#1032 = DIRECTION ( 'NONE',  ( -0.000000000000000000, 1.000000000000000000, -0.000000000000000000 ) ) ;
#1033 = EDGE_CURVE ( 'NONE', #862, #355, #170, .T. ) ;
#1034 = DIRECTION ( 'NONE',  ( 0.000000000000000000, 0.000000000000000000, 1.000000000000000000 ) ) ;
#1035 = ORIENTED_EDGE ( 'NONE', *, *, #941, .F. ) ;
#1036 = PLANE ( 'NONE',  #407 ) ;
#1037 = ADVANCED_FACE ( 'NONE', ( #1713 ), #361, .F. ) ;
#1038 = CARTESIAN_POINT ( 'NONE',  ( 101.0000000000001279, 5.999999999999999112, -1.110223024625156540E-13 ) ) ;
#1039 = ORIENTED_EDGE ( 'NONE', *, *, #575, .T. ) ;
#1040 = DIRECTION ( 'NONE',  ( 1.000000000000000000, 3.985880010631508243E-17, -0.000000000000000000 ) ) ;
#1041 = DIRECTION ( 'NONE',  ( 0.000000000000000000, 1.000000000000000000, 0.000000000000000000 ) ) ;
#1042 = CYLINDRICAL_SURFACE ( 'NONE', #335, 17.00000000000000000 ) ;
#1043 = AXIS2_PLACEMENT_3D ( 'NONE', #36, #1663, #697 ) ;
#1044 = CARTESIAN_POINT ( 'NONE',  ( 68.12315587390013150, 9.000000000000000000, -23.00000000000000000 ) ) ;
#1045 = ORIENTED_EDGE ( 'NONE', *, *, #109, .T. ) ;
#1046 = VERTEX_POINT ( 'NONE', #1511 ) ;
#1047 = EDGE_CURVE ( 'NONE', #1869, #1650, #221, .T. ) ;
#1048 = CARTESIAN_POINT ( 'NONE',  ( 1.873501354054951662E-13, -41.00000000000000000, -18.00000000000000000 ) ) ;
#1049 = CYLINDRICAL_SURFACE ( 'NONE', #1043, 2.100000000000004530 ) ;
#1050 = ORIENTED_EDGE ( 'NONE', *, *, #1063, .F. ) ;
#1051 = EDGE_CURVE ( 'NONE', #208, #977, #690, .T. ) ;
#1052 = CIRCLE ( 'NONE', #1251, 1.500000000000001332 ) ;
#1053 = CARTESIAN_POINT ( 'NONE',  ( 79.00000000000015632, 9.000000000000000000, 4.163336342344337027E-14 ) ) ;
#1054 = DIRECTION ( 'NONE',  ( 0.000000000000000000, 0.000000000000000000, 1.000000000000000000 ) ) ;
#1055 = FACE_OUTER_BOUND ( 'NONE', #1923, .T. ) ;
#1056 = DIRECTION ( 'NONE',  ( -0.000000000000000000, -1.000000000000000000, -0.000000000000000000 ) ) ;
#1057 = ORIENTED_EDGE ( 'NONE', *, *, #1690, .T. ) ;
#1058 = PRODUCT_RELATED_PRODUCT_CATEGORY ( 'part', '', ( #1607 ) ) ;
#1059 = CARTESIAN_POINT ( 'NONE',  ( -7.999999999999996447, -77.50000000000000000, 15.50000000000000000 ) ) ;
#1060 = VECTOR ( 'NONE', #563, 1000.000000000000000 ) ;
#1061 = CARTESIAN_POINT ( 'NONE',  ( 1.839812011251594537E-13, 7.333269918967481953E-30, -18.00000000000000355 ) ) ;
#1062 = ORIENTED_EDGE ( 'NONE', *, *, #739, .T. ) ;
#1063 = EDGE_CURVE ( 'NONE', #2138, #1465, #2023, .T. ) ;
#1064 = CYLINDRICAL_SURFACE ( 'NONE', #1131, 10.00000000000000178 ) ;
#1065 = FACE_OUTER_BOUND ( 'NONE', #1002, .T. ) ;
#1066 = VECTOR ( 'NONE', #1056, 1000.000000000000000 ) ;
#1067 = AXIS2_PLACEMENT_3D ( 'NONE', #2001, #526, #1327 ) ;
#1068 = DIRECTION ( 'NONE',  ( 0.000000000000000000, 1.000000000000000000, 0.000000000000000000 ) ) ;
#1069 = LINE ( 'NONE', #926, #784 ) ;
#1070 = DIRECTION ( 'NONE',  ( -3.758567531283080986E-15, -1.000000000000000000, 2.478176394252581141E-16 ) ) ;
#1071 = CARTESIAN_POINT ( 'NONE',  ( 12.30892740842406496, -21.63973850315462855, 0.000000000000000000 ) ) ;
#1072 = ORIENTED_EDGE ( 'NONE', *, *, #686, .T. ) ;
#1073 = DIRECTION ( 'NONE',  ( -0.000000000000000000, -0.000000000000000000, 1.000000000000000000 ) ) ;
#1074 = ADVANCED_FACE ( 'NONE', ( #1030 ), #210, .F. ) ;
#1075 = DIRECTION ( 'NONE',  ( -0.000000000000000000, -0.000000000000000000, 1.000000000000000000 ) ) ;
#1076 = AXIS2_PLACEMENT_3D ( 'NONE', #1826, #347, #207 ) ;
#1077 = DIRECTION ( 'NONE',  ( 0.000000000000000000, 1.000000000000000000, 0.000000000000000000 ) ) ;
#1078 = DIRECTION ( 'NONE',  ( -1.000000000000000000, 0.000000000000000000, 0.000000000000000000 ) ) ;
#1079 = AXIS2_PLACEMENT_3D ( 'NONE', #1038, #709, #1698 ) ;
#1080 = DIRECTION ( 'NONE',  ( -0.8692214499653500015, -0.4944229676300793686, 0.000000000000000000 ) ) ;
#1081 = VERTEX_POINT ( 'NONE', #110 ) ;
#1082 = CARTESIAN_POINT ( 'NONE',  ( 1.871699051336646522E-13, -80.00000000000000000, 18.00000000000001421 ) ) ;
#1083 = FACE_OUTER_BOUND ( 'NONE', #753, .T. ) ;
#1084 = FACE_OUTER_BOUND ( 'NONE', #1658, .T. ) ;
#1085 = AXIS2_PLACEMENT_3D ( 'NONE', #261, #1586, #1728 ) ;
#1086 = CARTESIAN_POINT ( 'NONE',  ( 0.000000000000000000, 0.000000000000000000, 0.000000000000000000 ) ) ;
#1087 = ADVANCED_FACE ( 'NONE', ( #1766 ), #1064, .T. ) ;
#1088 = EDGE_CURVE ( 'NONE', #1771, #1684, #1261, .T. ) ;
#1089 = LINE ( 'NONE', #1772, #1254 ) ;
#1090 = EDGE_LOOP ( 'NONE', ( #106, #1487 ) ) ;
#1091 = CARTESIAN_POINT ( 'NONE',  ( 68.86926753827191305, -0.9721270240750758962, 17.00000000000000000 ) ) ;
#1092 = ORIENTED_EDGE ( 'NONE', *, *, #2007, .F. ) ;
#1093 = DIRECTION ( 'NONE',  ( -1.000000000000000000, 0.000000000000000000, 0.000000000000000000 ) ) ;
#1094 = CIRCLE ( 'NONE', #1850, 2.100000000000004530 ) ;
#1095 = CARTESIAN_POINT ( 'NONE',  ( 90.00000000000000000, 5.999999999999999112, -6.999999999999989342 ) ) ;
#1096 = ORIENTED_EDGE ( 'NONE', *, *, #501, .T. ) ;
#1097 = DIRECTION ( 'NONE',  ( 0.000000000000000000, 0.000000000000000000, 1.000000000000000000 ) ) ;
#1098 = AXIS2_PLACEMENT_3D ( 'NONE', #1594, #904, #1255 ) ;
#1099 = AXIS2_PLACEMENT_3D ( 'NONE', #2042, #681, #1997 ) ;
#1100 = LINE ( 'NONE', #113, #412 ) ;
#1101 = VERTEX_POINT ( 'NONE', #426 ) ;
#1102 = EDGE_CURVE ( 'NONE', #1419, #969, #57, .T. ) ;
#1103 = CARTESIAN_POINT ( 'NONE',  ( 1.793646004784178500E-15, -45.00000000000000000, 15.50000000000000000 ) ) ;
#1104 = DIRECTION ( 'NONE',  ( -0.000000000000000000, -1.000000000000000000, -0.000000000000000000 ) ) ;
#1105 = ORIENTED_EDGE ( 'NONE', *, *, #1139, .F. ) ;
#1106 = CARTESIAN_POINT ( 'NONE',  ( 17.62028500160318956, -30.97738309227457165, -18.00000000000000355 ) ) ;
#1107 = CARTESIAN_POINT ( 'NONE',  ( -9.977691870520123629, -34.31661899520481285, 17.00000000000000000 ) ) ;
#1108 = ORIENTED_EDGE ( 'NONE', *, *, #1590, .F. ) ;
#1109 = DIRECTION ( 'NONE',  ( -0.000000000000000000, -0.000000000000000000, 1.000000000000000000 ) ) ;
#1110 =( LENGTH_UNIT ( ) NAMED_UNIT ( * ) SI_UNIT ( .MILLI., .METRE. ) );
#1111 = ORIENTED_EDGE ( 'NONE', *, *, #902, .F. ) ;
#1112 = CARTESIAN_POINT ( 'NONE',  ( 1.853434204943651130E-15, -46.50000000000000000, -15.50000000000000000 ) ) ;
#1113 = ADVANCED_FACE ( 'NONE', ( #90 ), #763, .F. ) ;
#1114 = DIRECTION ( 'NONE',  ( -0.000000000000000000, 0.000000000000000000, 1.000000000000000000 ) ) ;
#1115 = ORIENTED_EDGE ( 'NONE', *, *, #270, .T. ) ;
#1116 = EDGE_CURVE ( 'NONE', #1800, #4, #594, .T. ) ;
#1117 = SURFACE_SIDE_STYLE ('',( #1611 ) ) ;
#1118 = CARTESIAN_POINT ( 'NONE',  ( 1.302417310056533444E-44, -83.00000000000000000, -17.99999999999998934 ) ) ;
#1119 = EDGE_LOOP ( 'NONE', ( #1605, #1756, #305, #593, #190 ) ) ;
#1120 = CARTESIAN_POINT ( 'NONE',  ( -7.999999999999817923, -40.99999999999997868, -20.99999999999999645 ) ) ;
#1121 = ORIENTED_EDGE ( 'NONE', *, *, #1825, .F. ) ;
#1122 = FACE_OUTER_BOUND ( 'NONE', #657, .T. ) ;
#1123 = ADVANCED_FACE ( 'NONE', ( #1901 ), #265, .F. ) ;
#1124 = CARTESIAN_POINT ( 'NONE',  ( 90.00000000000000000, 9.000000000000000000, 0.000000000000000000 ) ) ;
#1125 = ORIENTED_EDGE ( 'NONE', *, *, #1747, .F. ) ;
#1126 = DIRECTION ( 'NONE',  ( 0.000000000000000000, 0.000000000000000000, 1.000000000000000000 ) ) ;
#1127 = CARTESIAN_POINT ( 'NONE',  ( 90.00000000000000000, 9.000000000000000000, 0.000000000000000000 ) ) ;
#1128 = EDGE_CURVE ( 'NONE', #886, #930, #620, .T. ) ;
#1129 = DIRECTION ( 'NONE',  ( 1.000000000000000000, -3.787020892204435109E-15, 0.000000000000000000 ) ) ;
#1130 = CIRCLE ( 'NONE', #1323, 4.000000000000007994 ) ;
#1131 = AXIS2_PLACEMENT_3D ( 'NONE', #1569, #1240, #1093 ) ;
#1132 = ORIENTED_EDGE ( 'NONE', *, *, #1791, .F. ) ;
#1133 = DIRECTION ( 'NONE',  ( 1.000000000000000000, 3.985880010631508243E-17, -0.000000000000000000 ) ) ;
#1134 = DIRECTION ( 'NONE',  ( -0.4944229676300793686, 0.8692214499653500015, 0.000000000000000000 ) ) ;
#1135 = ORIENTED_EDGE ( 'NONE', *, *, #1921, .T. ) ;
#1136 = CARTESIAN_POINT ( 'NONE',  ( 1.920309405503471289, -39.05344975381768791, 10.00000000000000178 ) ) ;
#1137 = VERTEX_POINT ( 'NONE', #1732 ) ;
#1138 = ORIENTED_EDGE ( 'NONE', *, *, #660, .F. ) ;
#1139 = EDGE_CURVE ( 'NONE', #930, #1451, #410, .T. ) ;
#1140 = VECTOR ( 'NONE', #1780, 1000.000000000000000 ) ;
#1141 = VERTEX_POINT ( 'NONE', #942 ) ;
#1142 = ORIENTED_EDGE ( 'NONE', *, *, #2136, .F. ) ;
#1143 = CARTESIAN_POINT ( 'NONE',  ( 79.00000000000000000, 5.999999999999999112, 2.100000000000007194 ) ) ;
#1144 = CARTESIAN_POINT ( 'NONE',  ( -7.999999999999996447, -77.50000000000000000, -15.50000000000000000 ) ) ;
#1145 = ORIENTED_EDGE ( 'NONE', *, *, #1409, .F. ) ;
#1146 = CARTESIAN_POINT ( 'NONE',  ( 54.78059124319786832, -2.083196181225465793, 10.00000000000000178 ) ) ;
#1147 = CARTESIAN_POINT ( 'NONE',  ( 1.821459649775647449E-13, -41.00000000000000711, 21.00000000000000711 ) ) ;
#1148 = EDGE_CURVE ( 'NONE', #1451, #89, #1275, .T. ) ;
#1149 = AXIS2_PLACEMENT_3D ( 'NONE', #1124, #1310, #495 ) ;
#1150 = LINE ( 'NONE', #489, #874 ) ;
#1151 = ORIENTED_EDGE ( 'NONE', *, *, #178, .F. ) ;
#1152 = EDGE_CURVE ( 'NONE', #1479, #1180, #734, .T. ) ;
#1153 = VECTOR ( 'NONE', #414, 1000.000000000000114 ) ;
#1154 = CARTESIAN_POINT ( 'NONE',  ( 1.913222405103124154E-15, -48.00000000000000000, 15.50000000000000000 ) ) ;
#1155 = SHAPE_DEFINITION_REPRESENTATION ( #1280, #66 ) ;
#1156 = CIRCLE ( 'NONE', #373, 4.000000000000002665 ) ;
#1157 = ORIENTED_EDGE ( 'NONE', *, *, #1088, .F. ) ;
#1158 = CARTESIAN_POINT ( 'NONE',  ( -7.999999999999998224, -46.50000000000000000, -15.50000000000000000 ) ) ;
#1159 = DIRECTION ( 'NONE',  ( -0.000000000000000000, 1.000000000000000000, -0.000000000000000000 ) ) ;
#1160 = ORIENTED_EDGE ( 'NONE', *, *, #1993, .T. ) ;
#1161 = EDGE_CURVE ( 'NONE', #1328, #208, #956, .T. ) ;
#1162 = AXIS2_PLACEMENT_3D ( 'NONE', #1727, #758, #1225 ) ;
#1163 = DIRECTION ( 'NONE',  ( 0.000000000000000000, 0.000000000000000000, 1.000000000000000000 ) ) ;
#1164 = CARTESIAN_POINT ( 'NONE',  ( -3.023920270797324950, -30.36123525416418190, 10.00000000000000178 ) ) ;
#1165 = CARTESIAN_POINT ( 'NONE',  ( 68.12315587390013150, 9.000000000000000000, -23.00000000000000000 ) ) ;
#1166 = EDGE_LOOP ( 'NONE', ( #1943, #1558, #324, #232 ) ) ;
#1167 = ORIENTED_EDGE ( 'NONE', *, *, #712, .F. ) ;
#1168 = CARTESIAN_POINT ( 'NONE',  ( -7.999999999999996447, -76.00000000000000000, 15.50000000000000000 ) ) ;
#1169 = CIRCLE ( 'NONE', #1029, 10.00000000000000000 ) ;
#1170 = CYLINDRICAL_SURFACE ( 'NONE', #925, 1.500000000000001332 ) ;
#1171 = ORIENTED_EDGE ( 'NONE', *, *, #35, .F. ) ;
#1172 = APPLICATION_CONTEXT ( 'automotive_design' ) ;
#1173 = CARTESIAN_POINT ( 'NONE',  ( 1.872894799055378778E-13, -83.00000000000000000, -18.00000000000000355 ) ) ;
#1174 =( GEOMETRIC_REPRESENTATION_CONTEXT ( 3 ) GLOBAL_UNCERTAINTY_ASSIGNED_CONTEXT ( ( #343 ) ) GLOBAL_UNIT_ASSIGNED_CONTEXT ( ( #133, #334, #1645 ) ) REPRESENTATION_CONTEXT ( 'NONE', 'WORKASPACE' ) );
#1175 = FACE_BOUND ( 'NONE', #1090, .T. ) ;
#1176 = VERTEX_POINT ( 'NONE', #437 ) ;
#1177 = ADVANCED_FACE ( 'NONE', ( #607 ), #1741, .T. ) ;
#1178 = CYLINDRICAL_SURFACE ( 'NONE', #275, 4.000000000000006217 ) ;
#1179 = AXIS2_PLACEMENT_3D ( 'NONE', #13, #1984, #2119 ) ;
#1180 = VERTEX_POINT ( 'NONE', #2051 ) ;
#1181 = DIRECTION ( 'NONE',  ( 3.985880010631515022E-17, -1.000000000000000000, 0.000000000000000000 ) ) ;
#1182 = CARTESIAN_POINT ( 'NONE',  ( 2.949551207867551747E-15, -74.00000000000591172, 1.469576158976824736E-15 ) ) ;
#1183 = EDGE_LOOP ( 'NONE', ( #881, #723, #137, #1209 ) ) ;
#1184 = CARTESIAN_POINT ( 'NONE',  ( -9.977691870520123629, -34.31661899520481285, -17.00000000000000000 ) ) ;
#1185 = CARTESIAN_POINT ( 'NONE',  ( 68.86926753827191305, -0.9721270240750758962, -5.000000000000001776 ) ) ;
#1186 = VERTEX_POINT ( 'NONE', #1753 ) ;
#1187 = VECTOR ( 'NONE', #1000, 1000.000000000000000 ) ;
#1188 = DIRECTION ( 'NONE',  ( -1.000000000000000000, 0.000000000000000000, 0.000000000000000000 ) ) ;
#1189 = ADVANCED_FACE ( 'NONE', ( #119 ), #406, .F. ) ;
#1190 = VERTEX_POINT ( 'NONE', #586 ) ;
#1191 = CARTESIAN_POINT ( 'NONE',  ( 90.00000000000000000, 9.000000000000000000, -17.00000000000000000 ) ) ;
#1192 = DIRECTION ( 'NONE',  ( -0.000000000000000000, -0.000000000000000000, 1.000000000000000000 ) ) ;
#1193 = ORIENTED_EDGE ( 'NONE', *, *, #1993, .F. ) ;
#1194 = ORIENTED_EDGE ( 'NONE', *, *, #1968, .F. ) ;
#1195 = AXIS2_PLACEMENT_3D ( 'NONE', #1059, #1718, #1555 ) ;
#1196 = FACE_OUTER_BOUND ( 'NONE', #477, .T. ) ;
#1197 = CARTESIAN_POINT ( 'NONE',  ( -7.999999999999998224, -50.00000000000590461, 0.000000000000000000 ) ) ;
#1198 = EDGE_LOOP ( 'NONE', ( #172, #1526, #1160, #1554 ) ) ;
#1199 = VECTOR ( 'NONE', #227, 1000.000000000000000 ) ;
#1200 = DIRECTION ( 'NONE',  ( -0.000000000000000000, 1.000000000000000000, -0.000000000000000000 ) ) ;
#1201 = EDGE_CURVE ( 'NONE', #1176, #2027, #417, .T. ) ;
#1202 = ORIENTED_EDGE ( 'NONE', *, *, #1604, .F. ) ;
#1203 = CARTESIAN_POINT ( 'NONE',  ( 101.0000000000001279, 5.999999999999999112, -1.110223024625156540E-13 ) ) ;
#1204 = EDGE_CURVE ( 'NONE', #2118, #2108, #754, .T. ) ;
#1205 = PLANE ( 'NONE',  #1989 ) ;
#1206 = EDGE_LOOP ( 'NONE', ( #245, #434, #1845, #1618, #1355, #746, #1483, #1919, #633, #1506 ) ) ;
#1207 = CYLINDRICAL_SURFACE ( 'NONE', #847, 1.600000000000004086 ) ;
#1208 = DIRECTION ( 'NONE',  ( 0.000000000000000000, 0.000000000000000000, 1.000000000000000000 ) ) ;
#1209 = ORIENTED_EDGE ( 'NONE', *, *, #1574, .F. ) ;
#1210 = DIRECTION ( 'NONE',  ( 1.000000000000000000, -0.000000000000000000, 0.000000000000000000 ) ) ;
#1211 = FACE_OUTER_BOUND ( 'NONE', #1119, .T. ) ;
#1212 = FACE_OUTER_BOUND ( 'NONE', #1908, .T. ) ;
#1213 = FACE_OUTER_BOUND ( 'NONE', #1441, .T. ) ;
#1214 = EDGE_LOOP ( 'NONE', ( #1781, #671 ) ) ;
#1215 = ORIENTED_EDGE ( 'NONE', *, *, #1063, .T. ) ;
#1216 = ORIENTED_EDGE ( 'NONE', *, *, #1116, .T. ) ;
#1217 = EDGE_CURVE ( 'NONE', #787, #1595, #1649, .T. ) ;
#1218 = CARTESIAN_POINT ( 'NONE',  ( 63.92503786197111282, 7.720087475578420566, 0.000000000000000000 ) ) ;
#1219 = EDGE_CURVE ( 'NONE', #682, #944, #1902, .T. ) ;
#1220 = FACE_OUTER_BOUND ( 'NONE', #952, .T. ) ;
#1221 = ORIENTED_EDGE ( 'NONE', *, *, #550, .T. ) ;
#1222 = LINE ( 'NONE', #187, #2059 ) ;
#1223 = DIRECTION ( 'NONE',  ( -0.7692299302879958001, -0.6389720763453792252, 0.000000000000000000 ) ) ;
#1224 = DIRECTION ( 'NONE',  ( -0.000000000000000000, 1.000000000000000000, -0.000000000000000000 ) ) ;
#1225 = DIRECTION ( 'NONE',  ( -0.8692214499653500015, -0.4944229676300793686, 0.000000000000000000 ) ) ;
#1226 = LINE ( 'NONE', #293, #1748 ) ;
#1227 = EDGE_CURVE ( 'NONE', #1877, #1141, #1914, .T. ) ;
#1228 = AXIS2_PLACEMENT_3D ( 'NONE', #1422, #777, #466 ) ;
#1229 = PLANE ( 'NONE',  #1701 ) ;
#1230 = VERTEX_POINT ( 'NONE', #91 ) ;
#1231 = CIRCLE ( 'NONE', #545, 3.999999999999996447 ) ;
#1232 = DIRECTION ( 'NONE',  ( 0.000000000000000000, 0.000000000000000000, -1.000000000000000000 ) ) ;
#1233 = LINE ( 'NONE', #1884, #1580 ) ;
#1234 = VECTOR ( 'NONE', #2101, 1000.000000000000000 ) ;
#1235 = DIRECTION ( 'NONE',  ( 0.000000000000000000, 1.000000000000000000, 0.000000000000000000 ) ) ;
#1236 = CYLINDRICAL_SURFACE ( 'NONE', #1356, 3.000000000000002665 ) ;
#1237 = FACE_BOUND ( 'NONE', #1012, .T. ) ;
#1238 = VERTEX_POINT ( 'NONE', #1742 ) ;
#1239 = AXIS2_PLACEMENT_3D ( 'NONE', #123, #1437, #1593 ) ;
#1240 = DIRECTION ( 'NONE',  ( 0.000000000000000000, 0.000000000000000000, -1.000000000000000000 ) ) ;
#1241 = FACE_OUTER_BOUND ( 'NONE', #290, .T. ) ;
#1242 = ADVANCED_FACE ( 'NONE', ( #1083 ), #901, .T. ) ;
#1243 = CIRCLE ( 'NONE', #1343, 3.999999999999996447 ) ;
#1244 = DIRECTION ( 'NONE',  ( -0.000000000000000000, -1.000000000000000000, 0.000000000000000000 ) ) ;
#1245 = CARTESIAN_POINT ( 'NONE',  ( -7.999999999999998224, -74.00000000000591172, 1.469576158976824144E-15 ) ) ;
#1246 = AXIS2_PLACEMENT_3D ( 'NONE', #1738, #451, #285 ) ;
#1247 = CARTESIAN_POINT ( 'NONE',  ( -7.999999999999965361, -80.00000000000000000, 21.00000000000001421 ) ) ;
#1248 = ORIENTED_EDGE ( 'NONE', *, *, #380, .F. ) ;
#1249 = CARTESIAN_POINT ( 'NONE',  ( 1.707849023009514388E-13, -44.00000000000001421, 21.00000000000000711 ) ) ;
#1250 = CARTESIAN_POINT ( 'NONE',  ( -7.999999999999830358, -43.99999999999998579, -20.99999999999999645 ) ) ;
#1251 = AXIS2_PLACEMENT_3D ( 'NONE', #1144, #480, #786 ) ;
#1252 = EDGE_CURVE ( 'NONE', #4, #810, #715, .T. ) ;
#1253 = DIRECTION ( 'NONE',  ( 0.000000000000000000, 0.000000000000000000, 1.000000000000000000 ) ) ;
#1254 = VECTOR ( 'NONE', #582, 1000.000000000000000 ) ;
#1255 = DIRECTION ( 'NONE',  ( 1.000000000000000000, 0.000000000000000000, 0.000000000000000000 ) ) ;
#1256 = EDGE_LOOP ( 'NONE', ( #1480, #685, #1837, #978 ) ) ;
#1257 = ORIENTED_EDGE ( 'NONE', *, *, #1878, .F. ) ;
#1258 = LINE ( 'NONE', #1393, #1532 ) ;
#1259 = CARTESIAN_POINT ( 'NONE',  ( 90.00000000000000000, 9.000000000000000000, 0.000000000000000000 ) ) ;
#1260 = EDGE_LOOP ( 'NONE', ( #382, #1142, #156, #1961 ) ) ;
#1261 = LINE ( 'NONE', #278, #199 ) ;
#1262 = DIRECTION ( 'NONE',  ( 0.8692214499653501125, 0.4944229676300794241, 0.000000000000000000 ) ) ;
#1263 = CARTESIAN_POINT ( 'NONE',  ( 3.089057008239418944E-15, -77.50000000000000000, -15.50000000000000000 ) ) ;
#1264 = AXIS2_PLACEMENT_3D ( 'NONE', #1832, #239, #1349 ) ;
#1265 = VECTOR ( 'NONE', #1599, 1000.000000000000000 ) ;
#1266 = AXIS2_PLACEMENT_3D ( 'NONE', #1449, #2107, #1790 ) ;
#1267 = AXIS2_PLACEMENT_3D ( 'NONE', #1350, #19, #666 ) ;
#1268 = DIRECTION ( 'NONE',  ( 0.000000000000000000, 0.000000000000000000, 1.000000000000000000 ) ) ;
#1269 = EDGE_CURVE ( 'NONE', #122, #1639, #1545, .T. ) ;
#1270 = ORIENTED_EDGE ( 'NONE', *, *, #120, .F. ) ;
#1271 = DIRECTION ( 'NONE',  ( 1.000000000000000000, 3.985880010631508243E-17, -0.000000000000000000 ) ) ;
#1272 = ADVANCED_FACE ( 'NONE', ( #1241 ), #1401, .F. ) ;
#1273 = CARTESIAN_POINT ( 'NONE',  ( -7.999999999999996447, -79.00000000000000000, 15.50000000000000000 ) ) ;
#1274 = VERTEX_POINT ( 'NONE', #1381 ) ;
#1275 = LINE ( 'NONE', #1723, #1265 ) ;
#1276 = DIRECTION ( 'NONE',  ( 0.000000000000000000, 0.000000000000000000, -1.000000000000000000 ) ) ;
#1277 = ORIENTED_EDGE ( 'NONE', *, *, #1217, .F. ) ;
#1278 = LINE ( 'NONE', #1165, #2111 ) ;
#1279 = AXIS2_PLACEMENT_3D ( 'NONE', #2115, #1312, #1445 ) ;
#1280 = PRODUCT_DEFINITION_SHAPE ( 'NONE', 'NONE',  #514 ) ;
#1281 = EDGE_LOOP ( 'NONE', ( #846, #1306, #469, #895 ) ) ;
#1282 = ORIENTED_EDGE ( 'NONE', *, *, #507, .F. ) ;
#1283 = CARTESIAN_POINT ( 'NONE',  ( 3.556183125752462117E-14, -80.00000000000000000, -20.99999999999998579 ) ) ;
#1284 = DIRECTION ( 'NONE',  ( 1.000000000000000000, 3.985880010631508243E-17, -0.000000000000000000 ) ) ;
#1285 = ORIENTED_EDGE ( 'NONE', *, *, #358, .T. ) ;
#1286 = EDGE_CURVE ( 'NONE', #1436, #1176, #1570, .T. ) ;
#1287 = CIRCLE ( 'NONE', #258, 1.500000000000001332 ) ;
#1288 = DIRECTION ( 'NONE',  ( 0.000000000000000000, 0.000000000000000000, 1.000000000000000000 ) ) ;
#1289 = CARTESIAN_POINT ( 'NONE',  ( 63.92503786197111282, 7.720087475578428560, 17.00000000000000000 ) ) ;
#1290 = ORIENTED_EDGE ( 'NONE', *, *, #1892, .T. ) ;
#1291 = DIRECTION ( 'NONE',  ( -0.000000000000000000, -1.000000000000000000, -0.000000000000000000 ) ) ;
#1292 = CIRCLE ( 'NONE', #363, 10.00000000000000000 ) ;
#1293 = ORIENTED_EDGE ( 'NONE', *, *, #271, .F. ) ;
#1294 = VERTEX_POINT ( 'NONE', #1250 ) ;
#1295 = FACE_BOUND ( 'NONE', #1798, .T. ) ;
#1296 = DIRECTION ( 'NONE',  ( -1.000000000000000000, 3.787020892204435109E-15, 0.000000000000000000 ) ) ;
#1297 = ORIENTED_EDGE ( 'NONE', *, *, #1033, .T. ) ;
#1298 = LINE ( 'NONE', #1807, #1900 ) ;
#1299 = LINE ( 'NONE', #765, #577 ) ;
#1300 = VECTOR ( 'NONE', #1262, 999.9999999999998863 ) ;
#1301 = VECTOR ( 'NONE', #889, 1000.000000000000000 ) ;
#1302 = EDGE_LOOP ( 'NONE', ( #1248, #792, #864, #352 ) ) ;
#1303 = AXIS2_PLACEMENT_3D ( 'NONE', #1584, #1077, #2044 ) ;
#1304 = PLANE ( 'NONE',  #1950 ) ;
#1305 = CARTESIAN_POINT ( 'NONE',  ( 3.029268808079946314E-15, -76.00000000000000000, -15.50000000000000000 ) ) ;
#1306 = ORIENTED_EDGE ( 'NONE', *, *, #1979, .T. ) ;
#1307 = EDGE_CURVE ( 'NONE', #1498, #1891, #1233, .T. ) ;
#1308 = ADVANCED_FACE ( 'NONE', ( #1211 ), #725, .F. ) ;
#1309 = DIRECTION ( 'NONE',  ( 0.000000000000000000, 0.000000000000000000, 1.000000000000000000 ) ) ;
#1310 = DIRECTION ( 'NONE',  ( 0.000000000000000000, 1.000000000000000000, -0.000000000000000000 ) ) ;
#1311 = VERTEX_POINT ( 'NONE', #102 ) ;
#1312 = DIRECTION ( 'NONE',  ( 0.000000000000000000, -1.000000000000000000, 0.000000000000000000 ) ) ;
#1313 = PRODUCT_CONTEXT ( 'NONE', #1172, 'mechanical' ) ;
#1314 = EDGE_CURVE ( 'NONE', #1274, #1319, #755, .T. ) ;
#1315 = ORIENTED_EDGE ( 'NONE', *, *, #309, .F. ) ;
#1316 = ORIENTED_EDGE ( 'NONE', *, *, #2007, .T. ) ;
#1317 = CARTESIAN_POINT ( 'NONE',  ( -7.999999999999998224, -46.50000000000000000, 15.50000000000000000 ) ) ;
#1318 = DIRECTION ( 'NONE',  ( 1.000000000000000000, 0.000000000000000000, 0.000000000000000000 ) ) ;
#1319 = VERTEX_POINT ( 'NONE', #1411 ) ;
#1320 = LINE ( 'NONE', #885, #2074 ) ;
#1321 = CARTESIAN_POINT ( 'NONE',  ( -3.023920270797324061, -30.36123525416418190, -10.00000000000000355 ) ) ;
#1322 = ORIENTED_EDGE ( 'NONE', *, *, #189, .T. ) ;
#1323 = AXIS2_PLACEMENT_3D ( 'NONE', #1353, #2039, #23 ) ;
#1324 = ORIENTED_EDGE ( 'NONE', *, *, #1161, .F. ) ;
#1325 = DIRECTION ( 'NONE',  ( -0.000000000000000000, 1.000000000000000000, -0.000000000000000000 ) ) ;
#1326 = AXIS2_PLACEMENT_3D ( 'NONE', #576, #1434, #1232 ) ;
#1327 = DIRECTION ( 'NONE',  ( 0.000000000000000000, 0.000000000000000000, 1.000000000000000000 ) ) ;
#1328 = VERTEX_POINT ( 'NONE', #1560 ) ;
#1329 = CIRCLE ( 'NONE', #1751, 1.600000000000004086 ) ;
#1330 = EDGE_CURVE ( 'NONE', #462, #905, #1231, .T. ) ;
#1331 = DIRECTION ( 'NONE',  ( -0.000000000000000000, -1.000000000000000000, -0.000000000000000000 ) ) ;
#1332 = AXIS2_PLACEMENT_3D ( 'NONE', #2112, #639, #1296 ) ;
#1333 = FACE_BOUND ( 'NONE', #401, .T. ) ;
#1334 = DIRECTION ( 'NONE',  ( 0.000000000000000000, 1.000000000000000000, -0.000000000000000000 ) ) ;
#1335 = DIRECTION ( 'NONE',  ( 0.000000000000000000, -1.000000000000000000, 0.000000000000000000 ) ) ;
#1336 = ORIENTED_EDGE ( 'NONE', *, *, #1630, .F. ) ;
#1337 = ORIENTED_EDGE ( 'NONE', *, *, #50, .T. ) ;
#1338 = CARTESIAN_POINT ( 'NONE',  ( 2.471245606591770709E-15, -62.00000000000591172, 0.000000000000000000 ) ) ;
#1339 = ADVANCED_FACE ( 'NONE', ( #2069, #1065 ), #876, .T. ) ;
#1340 = CARTESIAN_POINT ( 'NONE',  ( -7.999999999999998224, -48.00000000000000000, 15.50000000000000000 ) ) ;
#1341 = ORIENTED_EDGE ( 'NONE', *, *, #6, .T. ) ;
#1342 = DIRECTION ( 'NONE',  ( 1.000000000000000000, 0.000000000000000000, 0.000000000000000000 ) ) ;
#1343 = AXIS2_PLACEMENT_3D ( 'NONE', #1623, #1965, #820 ) ;
#1344 = ADVANCED_FACE ( 'NONE', ( #735 ), #713, .F. ) ;
#1345 = FACE_OUTER_BOUND ( 'NONE', #1387, .T. ) ;
#1346 = EDGE_LOOP ( 'NONE', ( #565, #1121, #1947, #1157 ) ) ;
#1347 = CARTESIAN_POINT ( 'NONE',  ( 2.252377387104571844E-29, -83.00000000000000000, 18.00000000000001421 ) ) ;
#1348 = ORIENTED_EDGE ( 'NONE', *, *, #447, .T. ) ;
#1349 = DIRECTION ( 'NONE',  ( 0.000000000000000000, 1.000000000000000000, 0.000000000000000000 ) ) ;
#1350 = CARTESIAN_POINT ( 'NONE',  ( 68.86926753827191305, -0.9721270240750758962, 17.00000000000000000 ) ) ;
#1351 = ORIENTED_EDGE ( 'NONE', *, *, #902, .T. ) ;
#1352 = CIRCLE ( 'NONE', #1820, 1.600000000000004086 ) ;
#1353 = CARTESIAN_POINT ( 'NONE',  ( 79.00000000000015632, 5.999999999999999112, 4.163336342344337027E-14 ) ) ;
#1354 = DIRECTION ( 'NONE',  ( 1.000000000000000000, -0.000000000000000000, 0.000000000000000000 ) ) ;
#1355 = ORIENTED_EDGE ( 'NONE', *, *, #653, .T. ) ;
#1356 = AXIS2_PLACEMENT_3D ( 'NONE', #1760, #938, #1596 ) ;
#1357 = EDGE_CURVE ( 'NONE', #977, #624, #580, .T. ) ;
#1358 = DIRECTION ( 'NONE',  ( 0.8692214499653501125, 0.4944229676300794241, 0.000000000000000000 ) ) ;
#1359 = ADVANCED_FACE ( 'NONE', ( #2052 ), #1894, .F. ) ;
#1360 = ORIENTED_EDGE ( 'NONE', *, *, #247, .T. ) ;
#1361 = DIRECTION ( 'NONE',  ( 0.000000000000000000, 0.000000000000000000, 1.000000000000000000 ) ) ;
#1362 = CARTESIAN_POINT ( 'NONE',  ( 100.9999999999999858, 0.000000000000000000, -2.100000000000004530 ) ) ;
#1363 = ORIENTED_EDGE ( 'NONE', *, *, #841, .F. ) ;
#1364 = VECTOR ( 'NONE', #111, 1000.000000000000000 ) ;
#1365 = DIRECTION ( 'NONE',  ( -0.000000000000000000, -1.000000000000000000, -0.000000000000000000 ) ) ;
#1366 = CYLINDRICAL_SURFACE ( 'NONE', #1904, 1.500000000000001332 ) ;
#1367 = VERTEX_POINT ( 'NONE', #1592 ) ;
#1368 = AXIS2_PLACEMENT_3D ( 'NONE', #300, #953, #1616 ) ;
#1369 = AXIS2_PLACEMENT_3D ( 'NONE', #1053, #68, #1007 ) ;
#1370 = CARTESIAN_POINT ( 'NONE',  ( 1.821459649775647449E-13, -41.00000000000000711, 18.00000000000001066 ) ) ;
#1371 = CARTESIAN_POINT ( 'NONE',  ( 3.089057008239418944E-15, -77.50000000000000000, 15.50000000000000000 ) ) ;
#1372 = ADVANCED_FACE ( 'NONE', ( #1493, #1457, #1949, #517, #1003, #2083 ), #1777, .T. ) ;
#1373 = CARTESIAN_POINT ( 'NONE',  ( 1.873501354054951662E-13, -41.00000000000000000, 17.00000000000000000 ) ) ;
#1374 = FACE_OUTER_BOUND ( 'NONE', #1346, .T. ) ;
#1375 = EDGE_CURVE ( 'NONE', #823, #1101, #1299, .T. ) ;
#1376 = EDGE_LOOP ( 'NONE', ( #1360, #176 ) ) ;
#1377 = DIRECTION ( 'NONE',  ( -1.000000000000000000, 0.000000000000000000, 9.384905779602380350E-31 ) ) ;
#1378 = DIRECTION ( 'NONE',  ( -0.000000000000000000, 1.000000000000000000, -0.000000000000000000 ) ) ;
#1379 = ORIENTED_EDGE ( 'NONE', *, *, #140, .F. ) ;
#1380 = DIRECTION ( 'NONE',  ( 1.000000000000000000, -0.000000000000000000, 0.000000000000000000 ) ) ;
#1381 = CARTESIAN_POINT ( 'NONE',  ( 90.00000000000000000, 5.999999999999999112, -6.999999999999989342 ) ) ;
#1382 = CARTESIAN_POINT ( 'NONE',  ( 3.029268808079946314E-15, -76.00000000000000000, 15.50000000000000000 ) ) ;
#1383 = CARTESIAN_POINT ( 'NONE',  ( 100.9999999999999858, 5.999999999999999112, 0.000000000000000000 ) ) ;
#1384 = EDGE_CURVE ( 'NONE', #1805, #787, #799, .T. ) ;
#1385 = DIRECTION ( 'NONE',  ( 0.000000000000000000, 0.000000000000000000, -1.000000000000000000 ) ) ;
#1386 = CARTESIAN_POINT ( 'NONE',  ( -9.977691870520123629, -34.31661899520481285, 10.00000000000000178 ) ) ;
#1387 = EDGE_LOOP ( 'NONE', ( #552, #1096, #1516, #1092 ) ) ;
#1388 = AXIS2_PLACEMENT_3D ( 'NONE', #1203, #388, #2035 ) ;
#1389 = DIRECTION ( 'NONE',  ( 3.985880010631386832E-17, -1.000000000000000000, 0.000000000000000000 ) ) ;
#1390 = CARTESIAN_POINT ( 'NONE',  ( 79.00000000000000000, 9.000000000000000000, 2.100000000000007194 ) ) ;
#1391 = VERTEX_POINT ( 'NONE', #1958 ) ;
#1392 = LINE ( 'NONE', #104, #1855 ) ;
#1393 = CARTESIAN_POINT ( 'NONE',  ( -7.999999999999805489, -37.79350479506621241, -10.00000000000000178 ) ) ;
#1394 = VECTOR ( 'NONE', #1365, 1000.000000000000000 ) ;
#1395 = FACE_OUTER_BOUND ( 'NONE', #999, .T. ) ;
#1396 = EDGE_LOOP ( 'NONE', ( #1544, #908 ) ) ;
#1397 = EDGE_CURVE ( 'NONE', #520, #664, #308, .T. ) ;
#1398 = EDGE_CURVE ( 'NONE', #1186, #1412, #11, .T. ) ;
#1399 = AXIS2_PLACEMENT_3D ( 'NONE', #1086, #139, #661 ) ;
#1400 = DIRECTION ( 'NONE',  ( -0.000000000000000000, -0.000000000000000000, 1.000000000000000000 ) ) ;
#1401 = CYLINDRICAL_SURFACE ( 'NONE', #649, 3.999999999999996447 ) ;
#1402 = FACE_OUTER_BOUND ( 'NONE', #1302, .T. ) ;
#1403 = DIRECTION ( 'NONE',  ( 0.000000000000000000, -0.000000000000000000, 1.000000000000000000 ) ) ;
#1404 = VERTEX_POINT ( 'NONE', #632 ) ;
#1405 = CYLINDRICAL_SURFACE ( 'NONE', #976, 4.000000000000006217 ) ;
#1406 = ORIENTED_EDGE ( 'NONE', *, *, #1571, .T. ) ;
#1407 = VECTOR ( 'NONE', #112, 1000.000000000000000 ) ;
#1408 = EDGE_CURVE ( 'NONE', #802, #1238, #744, .T. ) ;
#1409 = EDGE_CURVE ( 'NONE', #1274, #1046, #1433, .T. ) ;
#1410 = CARTESIAN_POINT ( 'NONE',  ( -7.999999999999828582, -43.99999999999998579, 18.00000000000001066 ) ) ;
#1411 = CARTESIAN_POINT ( 'NONE',  ( 90.00000000000000000, 9.000000000000000000, -6.999999999999989342 ) ) ;
#1412 = VERTEX_POINT ( 'NONE', #1289 ) ;
#1413 = DIRECTION ( 'NONE',  ( 1.000000000000000000, 3.985880010631508243E-17, -0.000000000000000000 ) ) ;
#1414 = CARTESIAN_POINT ( 'NONE',  ( -7.999999999999998224, -62.00000000000591172, 0.000000000000000000 ) ) ;
#1415 = ORIENTED_EDGE ( 'NONE', *, *, #702, .T. ) ;
#1416 = LINE ( 'NONE', #1430, #93 ) ;
#1417 = CIRCLE ( 'NONE', #1522, 9.999999999999994671 ) ;
#1418 = FACE_BOUND ( 'NONE', #1774, .T. ) ;
#1419 = VERTEX_POINT ( 'NONE', #951 ) ;
#1420 = DIRECTION ( 'NONE',  ( 1.000000000000000000, 3.985880010631508243E-17, -0.000000000000000000 ) ) ;
#1421 = EDGE_CURVE ( 'NONE', #800, #698, #1577, .T. ) ;
#1422 = CARTESIAN_POINT ( 'NONE',  ( -7.999999999999661604, 3.029616713763419976E-14, -18.00000000000000355 ) ) ;
#1423 = ORIENTED_EDGE ( 'NONE', *, *, #1152, .T. ) ;
#1424 = DIRECTION ( 'NONE',  ( -0.000000000000000000, -0.000000000000000000, 1.000000000000000000 ) ) ;
#1425 = CIRCLE ( 'NONE', #1460, 1.500000000000001332 ) ;
#1426 = ADVANCED_FACE ( 'NONE', ( #289 ), #1600, .F. ) ;
#1427 = FACE_OUTER_BOUND ( 'NONE', #1206, .T. ) ;
#1428 = ORIENTED_EDGE ( 'NONE', *, *, #1397, .T. ) ;
#1429 = EDGE_LOOP ( 'NONE', ( #1505, #566, #1277, #556 ) ) ;
#1430 = CARTESIAN_POINT ( 'NONE',  ( 63.92503786197111282, 7.720087475578424119, -17.00000000000000000 ) ) ;
#1431 = CARTESIAN_POINT ( 'NONE',  ( 90.00000000000021316, 9.000000000000000000, 6.999999999999998224 ) ) ;
#1432 = ORIENTED_EDGE ( 'NONE', *, *, #1204, .F. ) ;
#1433 = CIRCLE ( 'NONE', #442, 4.000000000000006217 ) ;
#1434 = DIRECTION ( 'NONE',  ( -0.000000000000000000, -1.000000000000000000, -0.000000000000000000 ) ) ;
#1435 = CARTESIAN_POINT ( 'NONE',  ( 79.00000000000015632, 5.999999999999999112, 4.163336342344337027E-14 ) ) ;
#1436 = VERTEX_POINT ( 'NONE', #1941 ) ;
#1437 = DIRECTION ( 'NONE',  ( 0.000000000000000000, 1.000000000000000000, 0.000000000000000000 ) ) ;
#1438 = VECTOR ( 'NONE', #1325, 1000.000000000000000 ) ;
#1439 = VECTOR ( 'NONE', #1380, 1000.000000000000000 ) ;
#1440 = EDGE_CURVE ( 'NONE', #1595, #1956, #1612, .T. ) ;
#1441 = EDGE_LOOP ( 'NONE', ( #663, #1167, #1609, #1423 ) ) ;
#1442 = FACE_OUTER_BOUND ( 'NONE', #2050, .T. ) ;
#1443 = PLANE ( 'NONE',  #1332 ) ;
#1444 = ORIENTED_EDGE ( 'NONE', *, *, #325, .F. ) ;
#1445 = DIRECTION ( 'NONE',  ( 0.000000000000000000, -0.000000000000000000, -1.000000000000000000 ) ) ;
#1446 = DIRECTION ( 'NONE',  ( -0.000000000000000000, -0.000000000000000000, 1.000000000000000000 ) ) ;
#1447 = CIRCLE ( 'NONE', #2103, 2.100000000000004530 ) ;
#1448 = ORIENTED_EDGE ( 'NONE', *, *, #260, .T. ) ;
#1449 = CARTESIAN_POINT ( 'NONE',  ( -7.999999999999998224, -62.00000000000591172, 0.000000000000000000 ) ) ;
#1450 = AXIS2_PLACEMENT_3D ( 'NONE', #5, #668, #465 ) ;
#1451 = VERTEX_POINT ( 'NONE', #789 ) ;
#1452 = ADVANCED_FACE ( 'NONE', ( #2105 ), #1755, .T. ) ;
#1453 = CARTESIAN_POINT ( 'NONE',  ( -7.999999999999998224, -48.00000000000000000, 15.50000000000000000 ) ) ;
#1454 = LINE ( 'NONE', #1621, #581 ) ;
#1455 = ORIENTED_EDGE ( 'NONE', *, *, #918, .T. ) ;
#1456 = PLANE ( 'NONE',  #1279 ) ;
#1457 = FACE_BOUND ( 'NONE', #1478, .T. ) ;
#1458 = ORIENTED_EDGE ( 'NONE', *, *, #298, .T. ) ;
#1459 = DIRECTION ( 'NONE',  ( 1.000000000000000000, 3.985880010631508243E-17, -0.000000000000000000 ) ) ;
#1460 = AXIS2_PLACEMENT_3D ( 'NONE', #832, #173, #825 ) ;
#1461 = ORIENTED_EDGE ( 'NONE', *, *, #612, .T. ) ;
#1462 = ORIENTED_EDGE ( 'NONE', *, *, #712, .T. ) ;
#1463 = CARTESIAN_POINT ( 'NONE',  ( 100.9999999999999858, 9.000000000000000000, -2.100000000000004530 ) ) ;
#1464 = DIRECTION ( 'NONE',  ( -0.000000000000000000, 1.000000000000000000, -0.000000000000000000 ) ) ;
#1465 = VERTEX_POINT ( 'NONE', #1624 ) ;
#1466 = EDGE_CURVE ( 'NONE', #905, #462, #1499, .T. ) ;
#1467 = DIRECTION ( 'NONE',  ( 0.000000000000000000, 1.000000000000000000, -2.478176394252581634E-16 ) ) ;
#1468 = ADVANCED_FACE ( 'NONE', ( #279 ), #1824, .F. ) ;
#1469 = VECTOR ( 'NONE', #608, 1000.000000000000000 ) ;
#1470 = AXIS2_PLACEMENT_3D ( 'NONE', #288, #743, #2093 ) ;
#1471 = ORIENTED_EDGE ( 'NONE', *, *, #1571, .F. ) ;
#1472 = CARTESIAN_POINT ( 'NONE',  ( 69.78099016131881172, -1.307785500346495766, -18.00000000000000355 ) ) ;
#1473 = LINE ( 'NONE', #1963, #2080 ) ;
#1474 = ORIENTED_EDGE ( 'NONE', *, *, #599, .F. ) ;
#1475 = DIRECTION ( 'NONE',  ( 3.985880010631515022E-17, -1.000000000000000000, 0.000000000000000000 ) ) ;
#1476 = EDGE_CURVE ( 'NONE', #1877, #541, #1094, .T. ) ;
#1477 = ORIENTED_EDGE ( 'NONE', *, *, #186, .T. ) ;
#1478 = EDGE_LOOP ( 'NONE', ( #1348, #834 ) ) ;
#1479 = VERTEX_POINT ( 'NONE', #383 ) ;
#1480 = ORIENTED_EDGE ( 'NONE', *, *, #1398, .T. ) ;
#1481 = CARTESIAN_POINT ( 'NONE',  ( 0.000000000000000000, 0.000000000000000000, 0.000000000000000000 ) ) ;
#1482 = CARTESIAN_POINT ( 'NONE',  ( -7.999999999999998224, -46.50000000000000000, 15.50000000000000000 ) ) ;
#1483 = ORIENTED_EDGE ( 'NONE', *, *, #2114, .T. ) ;
#1484 = CARTESIAN_POINT ( 'NONE',  ( 90.00000000000000000, 5.999999999999999112, -11.00000000000000000 ) ) ;
#1485 = EDGE_CURVE ( 'NONE', #129, #496, #1156, .T. ) ;
#1486 = ADVANCED_FACE ( 'NONE', ( #1013 ), #2015, .F. ) ;
#1487 = ORIENTED_EDGE ( 'NONE', *, *, #673, .F. ) ;
#1488 = LINE ( 'NONE', #8, #1438 ) ;
#1489 = AXIS2_PLACEMENT_3D ( 'NONE', #2121, #470, #638 ) ;
#1490 = CYLINDRICAL_SURFACE ( 'NONE', #1267, 10.00000000000000178 ) ;
#1491 = ORIENTED_EDGE ( 'NONE', *, *, #2137, .F. ) ;
#1492 = ORIENTED_EDGE ( 'NONE', *, *, #464, .T. ) ;
#1493 = FACE_BOUND ( 'NONE', #640, .T. ) ;
#1494 = FACE_BOUND ( 'NONE', #1500, .T. ) ;
#1495 = DIRECTION ( 'NONE',  ( 0.000000000000000000, 1.000000000000000000, -0.000000000000000000 ) ) ;
#1496 = CARTESIAN_POINT ( 'NONE',  ( 90.00000000000000000, 0.000000000000000000, -12.60000000000000320 ) ) ;
#1497 = ADVANCED_FACE ( 'NONE', ( #539 ), #1207, .F. ) ;
#1498 = VERTEX_POINT ( 'NONE', #1048 ) ;
#1499 = CIRCLE ( 'NONE', #920, 3.999999999999996447 ) ;
#1500 = EDGE_LOOP ( 'NONE', ( #391, #512 ) ) ;
#1501 = DIRECTION ( 'NONE',  ( -3.985880010631508243E-17, 1.000000000000000000, 0.000000000000000000 ) ) ;
#1502 = ADVANCED_FACE ( 'NONE', ( #1507 ), #859, .T. ) ;
#1503 = AXIS2_PLACEMENT_3D ( 'NONE', #1536, #52, #1874 ) ;
#1504 = LINE ( 'NONE', #1653, #717 ) ;
#1505 = ORIENTED_EDGE ( 'NONE', *, *, #70, .F. ) ;
#1506 = ORIENTED_EDGE ( 'NONE', *, *, #1152, .F. ) ;
#1507 = FACE_OUTER_BOUND ( 'NONE', #1666, .T. ) ;
#1508 = AXIS2_PLACEMENT_3D ( 'NONE', #354, #867, #1857 ) ;
#1509 = CYLINDRICAL_SURFACE ( 'NONE', #29, 1.500000000000001332 ) ;
#1510 = EDGE_LOOP ( 'NONE', ( #2102, #486, #65, #10 ) ) ;
#1511 = CARTESIAN_POINT ( 'NONE',  ( 90.00000000000000000, 5.999999999999999112, -15.00000000000000355 ) ) ;
#1512 = ORIENTED_EDGE ( 'NONE', *, *, #1695, .T. ) ;
#1513 = AXIS2_PLACEMENT_3D ( 'NONE', #801, #1664, #185 ) ;
#1514 = DIRECTION ( 'NONE',  ( 1.000000000000000000, 3.985880010631508243E-17, -0.000000000000000000 ) ) ;
#1515 = CARTESIAN_POINT ( 'NONE',  ( -7.999999999999965361, -80.00000000000000000, -20.99999999999998579 ) ) ;
#1516 = ORIENTED_EDGE ( 'NONE', *, *, #325, .T. ) ;
#1517 = EDGE_CURVE ( 'NONE', #1137, #2138, #370, .T. ) ;
#1518 = CARTESIAN_POINT ( 'NONE',  ( -7.999999999999661604, 3.029616713763419976E-14, -17.00000000000000000 ) ) ;
#1519 = LINE ( 'NONE', #384, #1999 ) ;
#1520 = ORIENTED_EDGE ( 'NONE', *, *, #1968, .T. ) ;
#1521 = DIRECTION ( 'NONE',  ( 0.4944229676300793686, -0.8692214499653500015, 0.000000000000000000 ) ) ;
#1522 = AXIS2_PLACEMENT_3D ( 'NONE', #1185, #64, #2029 ) ;
#1523 = EDGE_LOOP ( 'NONE', ( #2017, #497, #2088, #141 ) ) ;
#1524 = CARTESIAN_POINT ( 'NONE',  ( 90.00000000000000000, 9.000000000000000000, 0.000000000000000000 ) ) ;
#1525 = CARTESIAN_POINT ( 'NONE',  ( 90.00000000000021316, 5.999999999999999112, 6.999999999999998224 ) ) ;
#1526 = ORIENTED_EDGE ( 'NONE', *, *, #1697, .T. ) ;
#1527 = ORIENTED_EDGE ( 'NONE', *, *, #35, .T. ) ;
#1528 = CIRCLE ( 'NONE', #118, 12.00000000000000355 ) ;
#1529 = LINE ( 'NONE', #708, #1394 ) ;
#1530 = FACE_OUTER_BOUND ( 'NONE', #1841, .T. ) ;
#1531 = ORIENTED_EDGE ( 'NONE', *, *, #235, .T. ) ;
#1532 = VECTOR ( 'NONE', #1922, 999.9999999999998863 ) ;
#1533 = EDGE_CURVE ( 'NONE', #1238, #802, #1130, .T. ) ;
#1534 = FACE_OUTER_BOUND ( 'NONE', #695, .T. ) ;
#1535 = ADVANCED_FACE ( 'NONE', ( #884, #1196 ), #1036, .T. ) ;
#1536 = CARTESIAN_POINT ( 'NONE',  ( 90.00000000000000000, 5.999999999999999112, -10.99999999999999645 ) ) ;
#1537 = ORIENTED_EDGE ( 'NONE', *, *, #1725, .F. ) ;
#1538 = CARTESIAN_POINT ( 'NONE',  ( -9.977691870520123629, -34.31661899520481285, -5.000000000000000888 ) ) ;
#1539 = CYLINDRICAL_SURFACE ( 'NONE', #1264, 12.00000000000000355 ) ;
#1540 = DIRECTION ( 'NONE',  ( -8.442312426737689054E-18, -4.802082557735244492E-18, -1.000000000000000000 ) ) ;
#1541 = ORIENTED_EDGE ( 'NONE', *, *, #2033, .F. ) ;
#1542 = CARTESIAN_POINT ( 'NONE',  ( 1.821459649775647449E-13, -80.00000000000000000, -17.99999999999998934 ) ) ;
#1543 = FACE_OUTER_BOUND ( 'NONE', #214, .T. ) ;
#1544 = ORIENTED_EDGE ( 'NONE', *, *, #1851, .F. ) ;
#1545 = CIRCLE ( 'NONE', #306, 1.500000000000001332 ) ;
#1546 = AXIS2_PLACEMENT_3D ( 'NONE', #1776, #158, #1288 ) ;
#1547 = AXIS2_PLACEMENT_3D ( 'NONE', #1548, #1883, #523 ) ;
#1548 = CARTESIAN_POINT ( 'NONE',  ( -7.999999999999828582, -43.99999999999998579, -18.00000000000000000 ) ) ;
#1549 = ADVANCED_FACE ( 'NONE', ( #230 ), #528, .T. ) ;
#1550 = DIRECTION ( 'NONE',  ( -0.6389720763453792252, 0.7692299302879958001, 0.000000000000000000 ) ) ;
#1551 = DIRECTION ( 'NONE',  ( 0.000000000000000000, 0.000000000000000000, -1.000000000000000000 ) ) ;
#1552 =( NAMED_UNIT ( * ) SI_UNIT ( $, .STERADIAN. ) SOLID_ANGLE_UNIT ( ) );
#1553 = ORIENTED_EDGE ( 'NONE', *, *, #1269, .T. ) ;
#1554 = ORIENTED_EDGE ( 'NONE', *, *, #202, .F. ) ;
#1555 = DIRECTION ( 'NONE',  ( 0.000000000000000000, -1.000000000000000000, 0.000000000000000000 ) ) ;
#1556 = CIRCLE ( 'NONE', #73, 1.500000000000001332 ) ;
#1557 = PLANE ( 'NONE',  #319 ) ;
#1558 = ORIENTED_EDGE ( 'NONE', *, *, #702, .F. ) ;
#1559 = DIRECTION ( 'NONE',  ( 0.000000000000000000, 1.000000000000000000, -0.000000000000000000 ) ) ;
#1560 = CARTESIAN_POINT ( 'NONE',  ( 3.556183125752462117E-14, -80.00000000000000000, 21.00000000000001421 ) ) ;
#1561 = DIRECTION ( 'NONE',  ( 1.688462485347537811E-17, 9.604165115470488985E-18, 1.000000000000000000 ) ) ;
#1562 = DIRECTION ( 'NONE',  ( 0.8692214499653501125, 0.4944229676300792575, 0.000000000000000000 ) ) ;
#1563 = AXIS2_PLACEMENT_3D ( 'NONE', #509, #1459, #791 ) ;
#1564 = EDGE_CURVE ( 'NONE', #89, #25, #216, .T. ) ;
#1565 = DIRECTION ( 'NONE',  ( 0.000000000000000000, 1.000000000000000000, -0.000000000000000000 ) ) ;
#1566 = DIRECTION ( 'NONE',  ( 1.000000000000000000, 0.000000000000000000, -0.000000000000000000 ) ) ;
#1567 = ORIENTED_EDGE ( 'NONE', *, *, #829, .T. ) ;
#1568 = AXIS2_PLACEMENT_3D ( 'NONE', #253, #1737, #1403 ) ;
#1569 = CARTESIAN_POINT ( 'NONE',  ( 68.86926753827191305, -0.9721270240750758962, -17.00000000000000000 ) ) ;
#1570 = LINE ( 'NONE', #558, #15 ) ;
#1571 = EDGE_CURVE ( 'NONE', #228, #1465, #870, .T. ) ;
#1572 = DIRECTION ( 'NONE',  ( -1.000000000000000000, 5.551115123125782702E-15, 0.000000000000000000 ) ) ;
#1573 = CARTESIAN_POINT ( 'NONE',  ( 17.62028500160318956, -30.97738309227457165, -16.99999999999999289 ) ) ;
#1574 = EDGE_CURVE ( 'NONE', #827, #459, #1529, .T. ) ;
#1575 = CARTESIAN_POINT ( 'NONE',  ( -7.999999999999998224, -45.00000000000000000, 15.50000000000000000 ) ) ;
#1576 = EDGE_LOOP ( 'NONE', ( #339, #704, #1793, #200 ) ) ;
#1577 = CIRCLE ( 'NONE', #303, 1.500000000000001332 ) ;
#1578 = PLANE ( 'NONE',  #427 ) ;
#1579 = ORIENTED_EDGE ( 'NONE', *, *, #941, .T. ) ;
#1580 = VECTOR ( 'NONE', #568, 1000.000000000000000 ) ;
#1581 = DIRECTION ( 'NONE',  ( -0.000000000000000000, -1.000000000000000000, -0.000000000000000000 ) ) ;
#1582 = CIRCLE ( 'NONE', #651, 3.000000000000002665 ) ;
#1583 = DIRECTION ( 'NONE',  ( 0.000000000000000000, 0.000000000000000000, 1.000000000000000000 ) ) ;
#1584 = CARTESIAN_POINT ( 'NONE',  ( 90.00000000000021316, 9.000000000000000000, 10.99999999999999645 ) ) ;
#1585 = DIRECTION ( 'NONE',  ( -0.8692214499653501125, -0.4944229676300793130, 1.140813502503268156E-16 ) ) ;
#1586 = DIRECTION ( 'NONE',  ( -0.000000000000000000, -1.000000000000000000, -0.000000000000000000 ) ) ;
#1587 = EDGE_CURVE ( 'NONE', #1412, #163, #243, .T. ) ;
#1588 = FACE_BOUND ( 'NONE', #1863, .T. ) ;
#1589 = EDGE_LOOP ( 'NONE', ( #1527, #292 ) ) ;
#1590 = EDGE_CURVE ( 'NONE', #2071, #1964, #479, .T. ) ;
#1591 = DIRECTION ( 'NONE',  ( 0.7692299302879958001, 0.6389720763453792252, -9.562476062186930454E-18 ) ) ;
#1592 = CARTESIAN_POINT ( 'NONE',  ( 69.78099016131881172, -1.307785500346495766, 17.00000000000000000 ) ) ;
#1593 = DIRECTION ( 'NONE',  ( 0.000000000000000000, 0.000000000000000000, 1.000000000000000000 ) ) ;
#1594 = CARTESIAN_POINT ( 'NONE',  ( 1.920309405503471289, -39.05344975381768791, -5.000000000000000888 ) ) ;
#1595 = VERTEX_POINT ( 'NONE', #848 ) ;
#1596 = DIRECTION ( 'NONE',  ( -3.787020892204435898E-15, -1.000000000000000000, 0.000000000000000000 ) ) ;
#1597 = DIRECTION ( 'NONE',  ( 0.000000000000000000, 0.000000000000000000, 1.000000000000000000 ) ) ;
#1598 = ORIENTED_EDGE ( 'NONE', *, *, #1655, .F. ) ;
#1599 = DIRECTION ( 'NONE',  ( -0.000000000000000000, -0.000000000000000000, -1.000000000000000000 ) ) ;
#1600 = CYLINDRICAL_SURFACE ( 'NONE', #236, 1.600000000000004086 ) ;
#1601 = EDGE_CURVE ( 'NONE', #1027, #782, #1887, .T. ) ;
#1602 = EDGE_LOOP ( 'NONE', ( #1973, #1992, #1461, #1935 ) ) ;
#1603 = DIRECTION ( 'NONE',  ( -0.000000000000000000, -1.000000000000000000, -0.000000000000000000 ) ) ;
#1604 = EDGE_CURVE ( 'NONE', #1956, #208, #1846, .T. ) ;
#1605 = ORIENTED_EDGE ( 'NONE', *, *, #109, .F. ) ;
#1606 = DIRECTION ( 'NONE',  ( 0.000000000000000000, 0.000000000000000000, 1.000000000000000000 ) ) ;
#1607 = PRODUCT ( 'j5', 'j5', '', ( #1313 ) ) ;
#1608 = LINE ( 'NONE', #989, #1234 ) ;
#1609 = ORIENTED_EDGE ( 'NONE', *, *, #270, .F. ) ;
#1610 = VECTOR ( 'NONE', #1879, 1000.000000000000000 ) ;
#1611 = SURFACE_STYLE_FILL_AREA ( #1972 ) ;
#1612 = LINE ( 'NONE', #1118, #646 ) ;
#1613 = AXIS2_PLACEMENT_3D ( 'NONE', #910, #921, #428 ) ;
#1614 = EDGE_CURVE ( 'NONE', #163, #332, #1957, .T. ) ;
#1615 = ORIENTED_EDGE ( 'NONE', *, *, #1937, .F. ) ;
#1616 = DIRECTION ( 'NONE',  ( 0.000000000000000000, 1.000000000000000000, 0.000000000000000000 ) ) ;
#1617 = CIRCLE ( 'NONE', #1792, 1.500000000000001332 ) ;
#1618 = ORIENTED_EDGE ( 'NONE', *, *, #1948, .T. ) ;
#1619 = ORIENTED_EDGE ( 'NONE', *, *, #1269, .F. ) ;
#1620 = FACE_OUTER_BOUND ( 'NONE', #211, .T. ) ;
#1621 = CARTESIAN_POINT ( 'NONE',  ( -7.999999999999810818, -83.00000000000000000, -18.00000000000000355 ) ) ;
#1622 = ORIENTED_EDGE ( 'NONE', *, *, #1128, .T. ) ;
#1623 = CARTESIAN_POINT ( 'NONE',  ( 90.00000000000021316, 9.000000000000000000, 10.99999999999999645 ) ) ;
#1624 = CARTESIAN_POINT ( 'NONE',  ( -3.023920270797324950, -30.36123525416418190, -17.00000000000000000 ) ) ;
#1625 = CARTESIAN_POINT ( 'NONE',  ( -7.999999999999998224, -50.00000000000590461, 0.000000000000000000 ) ) ;
#1626 = MECHANICAL_DESIGN_GEOMETRIC_PRESENTATION_REPRESENTATION (  '', ( #422 ), #1174 ) ;
#1627 = APPLICATION_PROTOCOL_DEFINITION ( 'draft international standard', 'automotive_design', 1998, #1906 ) ;
#1628 = VERTEX_POINT ( 'NONE', #1575 ) ;
#1629 = LINE ( 'NONE', #1463, #1638 ) ;
#1630 = EDGE_CURVE ( 'NONE', #810, #228, #1416, .T. ) ;
#1631 = CARTESIAN_POINT ( 'NONE',  ( 1.793646004784178500E-15, -45.00000000000000000, -15.50000000000000000 ) ) ;
#1632 = ORIENTED_EDGE ( 'NONE', *, *, #1814, .F. ) ;
#1633 = EDGE_CURVE ( 'NONE', #2138, #1081, #1226, .T. ) ;
#1634 = CIRCLE ( 'NONE', #1806, 10.00000000000000178 ) ;
#1635 = DIRECTION ( 'NONE',  ( -9.384905779602380350E-31, -2.478176394252581634E-16, -1.000000000000000000 ) ) ;
#1636 = ORIENTED_EDGE ( 'NONE', *, *, #918, .F. ) ;
#1637 = AXIS2_PLACEMENT_3D ( 'NONE', #1955, #461, #972 ) ;
#1638 = VECTOR ( 'NONE', #1652, 1000.000000000000000 ) ;
#1639 = VERTEX_POINT ( 'NONE', #272 ) ;
#1640 = ORIENTED_EDGE ( 'NONE', *, *, #751, .T. ) ;
#1641 = LINE ( 'NONE', #180, #1187 ) ;
#1642 = FACE_OUTER_BOUND ( 'NONE', #204, .T. ) ;
#1643 = ORIENTED_EDGE ( 'NONE', *, *, #1128, .F. ) ;
#1644 = EDGE_CURVE ( 'NONE', #40, #1869, #473, .T. ) ;
#1645 =( NAMED_UNIT ( * ) SI_UNIT ( $, .STERADIAN. ) SOLID_ANGLE_UNIT ( ) );
#1646 = EDGE_LOOP ( 'NONE', ( #958, #193, #242, #1415 ) ) ;
#1647 = VECTOR ( 'NONE', #1585, 1000.000000000000000 ) ;
#1648 = VERTEX_POINT ( 'NONE', #1897 ) ;
#1649 = CIRCLE ( 'NONE', #1613, 3.000000000000002665 ) ;
#1650 = VERTEX_POINT ( 'NONE', #750 ) ;
#1651 = CIRCLE ( 'NONE', #1929, 10.00000000000000000 ) ;
#1652 = DIRECTION ( 'NONE',  ( -0.000000000000000000, -1.000000000000000000, -0.000000000000000000 ) ) ;
#1653 = CARTESIAN_POINT ( 'NONE',  ( 0.000000000000000000, 9.000000000000000000, -17.00000000000000000 ) ) ;
#1654 = ORIENTED_EDGE ( 'NONE', *, *, #1116, .F. ) ;
#1655 = EDGE_CURVE ( 'NONE', #1367, #1981, #984, .T. ) ;
#1656 = DIRECTION ( 'NONE',  ( -0.000000000000000000, 1.000000000000000000, -0.000000000000000000 ) ) ;
#1657 = EDGE_CURVE ( 'NONE', #459, #1797, #1670, .T. ) ;
#1658 = EDGE_LOOP ( 'NONE', ( #1471, #1221, #1567, #1462, #619, #975, #468, #1899, #153, #1215 ) ) ;
#1659 = CARTESIAN_POINT ( 'NONE',  ( 68.12315587390013150, 9.000000000000000000, -17.00000000000000000 ) ) ;
#1660 = CARTESIAN_POINT ( 'NONE',  ( 79.00000000000015632, 9.000000000000000000, -3.999999999999966249 ) ) ;
#1661 = ORIENTED_EDGE ( 'NONE', *, *, #1227, .F. ) ;
#1662 = DIRECTION ( 'NONE',  ( -0.000000000000000000, -1.000000000000000000, -0.000000000000000000 ) ) ;
#1663 = DIRECTION ( 'NONE',  ( -0.000000000000000000, -1.000000000000000000, -0.000000000000000000 ) ) ;
#1664 = DIRECTION ( 'NONE',  ( -0.6389720763453792252, 0.7692299302879958001, 0.000000000000000000 ) ) ;
#1665 = CARTESIAN_POINT ( 'NONE',  ( 90.00000000000000000, 5.999999999999999112, -10.99999999999999645 ) ) ;
#1666 = EDGE_LOOP ( 'NONE', ( #1998, #759, #534, #694 ) ) ;
#1667 = EDGE_CURVE ( 'NONE', #598, #490, #947, .T. ) ;
#1668 = ORIENTED_EDGE ( 'NONE', *, *, #1667, .T. ) ;
#1669 = CARTESIAN_POINT ( 'NONE',  ( 79.00000000000015632, 5.999999999999999112, 4.163336342344337027E-14 ) ) ;
#1670 = CIRCLE ( 'NONE', #570, 1.600000000000019851 ) ;
#1671 = CARTESIAN_POINT ( 'NONE',  ( 3.148845208398891574E-15, -79.00000000000000000, -15.50000000000000000 ) ) ;
#1672 = ORIENTED_EDGE ( 'NONE', *, *, #932, .T. ) ;
#1673 = DIRECTION ( 'NONE',  ( -0.000000000000000000, 0.000000000000000000, -1.000000000000000000 ) ) ;
#1674 = DIRECTION ( 'NONE',  ( 0.000000000000000000, 1.000000000000000000, -0.000000000000000000 ) ) ;
#1675 = EDGE_LOOP ( 'NONE', ( #1661, #2134, #1694, #574 ) ) ;
#1676 = DIRECTION ( 'NONE',  ( 0.000000000000000000, 0.000000000000000000, 1.000000000000000000 ) ) ;
#1677 = ADVANCED_FACE ( 'NONE', ( #1938, #86 ), #591, .T. ) ;
#1678 = AXIS2_PLACEMENT_3D ( 'NONE', #76, #687, #195 ) ;
#1679 = EDGE_LOOP ( 'NONE', ( #689, #771 ) ) ;
#1680 = DIRECTION ( 'NONE',  ( -0.000000000000000000, -1.000000000000000000, -0.000000000000000000 ) ) ;
#1681 = AXIS2_PLACEMENT_3D ( 'NONE', #418, #1550, #1223 ) ;
#1682 = FACE_OUTER_BOUND ( 'NONE', #205, .T. ) ;
#1683 = ORIENTED_EDGE ( 'NONE', *, *, #1801, .F. ) ;
#1684 = VERTEX_POINT ( 'NONE', #460 ) ;
#1685 = AXIS2_PLACEMENT_3D ( 'NONE', #579, #1224, #1253 ) ;
#1686 = CARTESIAN_POINT ( 'NONE',  ( -7.999999999999996447, -77.50000000000000000, -15.50000000000000000 ) ) ;
#1687 = DIRECTION ( 'NONE',  ( 1.000000000000000000, 3.985880010631508243E-17, -0.000000000000000000 ) ) ;
#1688 = ORIENTED_EDGE ( 'NONE', *, *, #135, .F. ) ;
#1689 = DIRECTION ( 'NONE',  ( -0.000000000000000000, 1.000000000000000000, -0.000000000000000000 ) ) ;
#1690 = EDGE_CURVE ( 'NONE', #541, #1877, #262, .T. ) ;
#1691 = ORIENTED_EDGE ( 'NONE', *, *, #1630, .T. ) ;
#1692 = CARTESIAN_POINT ( 'NONE',  ( 101.0000000000001279, 9.000000000000000000, -1.110223024625156540E-13 ) ) ;
#1693 = DIRECTION ( 'NONE',  ( 1.000000000000000000, -0.000000000000000000, 0.000000000000000000 ) ) ;
#1694 = ORIENTED_EDGE ( 'NONE', *, *, #1734, .T. ) ;
#1695 = EDGE_CURVE ( 'NONE', #1294, #787, #915, .T. ) ;
#1696 = CARTESIAN_POINT ( 'NONE',  ( 68.86926753827191305, -0.9721270240750758962, -5.000000000000001776 ) ) ;
#1697 = EDGE_CURVE ( 'NONE', #1230, #883, #95, .T. ) ;
#1698 = DIRECTION ( 'NONE',  ( 0.000000000000000000, 0.000000000000000000, 1.000000000000000000 ) ) ;
#1699 = ORIENTED_EDGE ( 'NONE', *, *, #1408, .F. ) ;
#1700 = CARTESIAN_POINT ( 'NONE',  ( 90.00000000000021316, 5.999999999999999112, 10.99999999999999645 ) ) ;
#1701 = AXIS2_PLACEMENT_3D ( 'NONE', #1880, #424, #741 ) ;
#1702 = FACE_OUTER_BOUND ( 'NONE', #998, .T. ) ;
#1703 = CARTESIAN_POINT ( 'NONE',  ( 90.00000000000000000, 9.000000000000000000, -9.399999999999995026 ) ) ;
#1704 = CARTESIAN_POINT ( 'NONE',  ( -7.999999999999830358, -43.99999999999998579, 21.00000000000000711 ) ) ;
#1705 = VERTEX_POINT ( 'NONE', #2065 ) ;
#1706 = ORIENTED_EDGE ( 'NONE', *, *, #1219, .F. ) ;
#1707 = CIRCLE ( 'NONE', #700, 4.000000000000006217 ) ;
#1708 = DIRECTION ( 'NONE',  ( 0.000000000000000000, 0.000000000000000000, -1.000000000000000000 ) ) ;
#1709 = EDGE_CURVE ( 'NONE', #490, #664, #44, .T. ) ;
#1710 = CARTESIAN_POINT ( 'NONE',  ( 90.00000000000021316, 5.999999999999999112, 14.99999999999999289 ) ) ;
#1711 = EDGE_LOOP ( 'NONE', ( #1834, #1632, #85, #1125 ) ) ;
#1712 = AXIS2_PLACEMENT_3D ( 'NONE', #1147, #655, #1821 ) ;
#1713 = FACE_OUTER_BOUND ( 'NONE', #815, .T. ) ;
#1714 = DIRECTION ( 'NONE',  ( 0.000000000000000000, 0.000000000000000000, -1.000000000000000000 ) ) ;
#1715 = CARTESIAN_POINT ( 'NONE',  ( 1.920309405503471289, -39.05344975381768791, 17.00000000000000000 ) ) ;
#1716 = LINE ( 'NONE', #400, #1066 ) ;
#1717 = ORIENTED_EDGE ( 'NONE', *, *, #778, .T. ) ;
#1718 = DIRECTION ( 'NONE',  ( 1.000000000000000000, 3.985880010631508243E-17, -0.000000000000000000 ) ) ;
#1719 = DIRECTION ( 'NONE',  ( -0.4944229676300793686, 0.8692214499653500015, 0.000000000000000000 ) ) ;
#1720 = ORIENTED_EDGE ( 'NONE', *, *, #1139, .T. ) ;
#1721 = AXIS2_PLACEMENT_3D ( 'NONE', #421, #728, #914 ) ;
#1722 = CIRCLE ( 'NONE', #1067, 2.100000000000004530 ) ;
#1723 = CARTESIAN_POINT ( 'NONE',  ( -7.999999999999817923, -40.99999999999997868, -20.99999999999999645 ) ) ;
#1724 = DIRECTION ( 'NONE',  ( -4.047688110612546206E-15, -1.000000000000000000, 0.000000000000000000 ) ) ;
#1725 = EDGE_CURVE ( 'NONE', #802, #355, #1089, .T. ) ;
#1726 = DIRECTION ( 'NONE',  ( 1.000000000000000000, 3.985880010631508243E-17, -0.000000000000000000 ) ) ;
#1727 = CARTESIAN_POINT ( 'NONE',  ( 14.28661927894437333, -25.11662430301601390, -18.00000000000000355 ) ) ;
#1728 = DIRECTION ( 'NONE',  ( 0.000000000000000000, 0.000000000000000000, 1.000000000000000000 ) ) ;
#1729 = DIRECTION ( 'NONE',  ( -1.000000000000000000, 0.000000000000000000, 0.000000000000000000 ) ) ;
#1730 = ORIENTED_EDGE ( 'NONE', *, *, #931, .T. ) ;
#1731 = VECTOR ( 'NONE', #1656, 1000.000000000000000 ) ;
#1732 = CARTESIAN_POINT ( 'NONE',  ( -7.999999999999817923, -40.99999999999997868, -17.00000000000000000 ) ) ;
#1733 = DIRECTION ( 'NONE',  ( -1.000000000000000000, 0.000000000000000000, 0.000000000000000000 ) ) ;
#1734 = EDGE_CURVE ( 'NONE', #541, #2038, #105, .T. ) ;
#1735 = CARTESIAN_POINT ( 'NONE',  ( 68.12315587390013150, 9.000000000000000000, 5.000000000000004441 ) ) ;
#1736 =( NAMED_UNIT ( * ) PLANE_ANGLE_UNIT ( ) SI_UNIT ( $, .RADIAN. ) );
#1737 = DIRECTION ( 'NONE',  ( 0.000000000000000000, 1.000000000000000000, 0.000000000000000000 ) ) ;
#1738 = CARTESIAN_POINT ( 'NONE',  ( -7.999999999999996447, -77.50000000000000000, -15.50000000000000000 ) ) ;
#1739 = ORIENTED_EDGE ( 'NONE', *, *, #979, .T. ) ;
#1740 = AXIS2_PLACEMENT_3D ( 'NONE', #906, #1907, #1078 ) ;
#1741 = PLANE ( 'NONE',  #336 ) ;
#1742 = CARTESIAN_POINT ( 'NONE',  ( 79.00000000000015632, 5.999999999999999112, -3.999999999999966249 ) ) ;
#1743 = CARTESIAN_POINT ( 'NONE',  ( 0.000000000000000000, 9.000000000000000000, -17.00000000000000000 ) ) ;
#1744 = DIRECTION ( 'NONE',  ( -0.000000000000000000, -1.000000000000000000, -0.000000000000000000 ) ) ;
#1745 = EDGE_CURVE ( 'NONE', #1498, #835, #604, .T. ) ;
#1746 = CARTESIAN_POINT ( 'NONE',  ( 68.86926753827191305, -0.9721270240750758962, 5.000000000000001776 ) ) ;
#1747 = EDGE_CURVE ( 'NONE', #1081, #1436, #1258, .T. ) ;
#1748 = VECTOR ( 'NONE', #2089, 1000.000000000000000 ) ;
#1749 = FACE_BOUND ( 'NONE', #1953, .T. ) ;
#1750 = EDGE_LOOP ( 'NONE', ( #1115, #171, #1216, #2120, #1322, #797, #1730, #637 ) ) ;
#1751 = AXIS2_PLACEMENT_3D ( 'NONE', #571, #1744, #1886 ) ;
#1752 = AXIS2_PLACEMENT_3D ( 'NONE', #2032, #398, #1714 ) ;
#1753 = CARTESIAN_POINT ( 'NONE',  ( -3.023920270797324950, -30.36123525416418190, 17.00000000000000000 ) ) ;
#1754 = VECTOR ( 'NONE', #2132, 1000.000000000000000 ) ;
#1755 = CYLINDRICAL_SURFACE ( 'NONE', #2020, 3.000000000000002665 ) ;
#1756 = ORIENTED_EDGE ( 'NONE', *, *, #1644, .T. ) ;
#1757 = LINE ( 'NONE', #476, #356 ) ;
#1758 = DIRECTION ( 'NONE',  ( 0.000000000000000000, 0.000000000000000000, -1.000000000000000000 ) ) ;
#1759 = ORIENTED_EDGE ( 'NONE', *, *, #2033, .T. ) ;
#1760 = CARTESIAN_POINT ( 'NONE',  ( 1.707849023009514388E-13, -44.00000000000001421, 18.00000000000001066 ) ) ;
#1761 = ORIENTED_EDGE ( 'NONE', *, *, #1574, .T. ) ;
#1762 = DIRECTION ( 'NONE',  ( -3.985880010631508243E-17, 1.000000000000000000, 0.000000000000000000 ) ) ;
#1763 = VERTEX_POINT ( 'NONE', #1103 ) ;
#1764 = ADVANCED_FACE ( 'NONE', ( #1442 ), #1236, .T. ) ;
#1765 = EDGE_CURVE ( 'NONE', #4, #1436, #1888, .T. ) ;
#1766 = FACE_OUTER_BOUND ( 'NONE', #443, .T. ) ;
#1767 = CARTESIAN_POINT ( 'NONE',  ( 3.089057008239418944E-15, -77.50000000000000000, -15.50000000000000000 ) ) ;
#1768 = ORIENTED_EDGE ( 'NONE', *, *, #322, .T. ) ;
#1769 = PLANE ( 'NONE',  #1513 ) ;
#1770 = EDGE_LOOP ( 'NONE', ( #1270, #1885 ) ) ;
#1771 = VERTEX_POINT ( 'NONE', #772 ) ;
#1772 = CARTESIAN_POINT ( 'NONE',  ( 79.00000000000015632, 5.999999999999999112, 4.000000000000049738 ) ) ;
#1773 = DIRECTION ( 'NONE',  ( 0.000000000000000000, 0.000000000000000000, 1.000000000000000000 ) ) ;
#1774 = EDGE_LOOP ( 'NONE', ( #1619, #1194 ) ) ;
#1775 = ADVANCED_FACE ( 'NONE', ( #2099 ), #804, .F. ) ;
#1776 = CARTESIAN_POINT ( 'NONE',  ( 101.0000000000001279, 9.000000000000000000, -1.110223024625156540E-13 ) ) ;
#1777 = PLANE ( 'NONE',  #1228 ) ;
#1778 = CIRCLE ( 'NONE', #2048, 1.600000000000004086 ) ;
#1779 = ORIENTED_EDGE ( 'NONE', *, *, #1485, .F. ) ;
#1780 = DIRECTION ( 'NONE',  ( -0.000000000000000000, -0.000000000000000000, -1.000000000000000000 ) ) ;
#1781 = ORIENTED_EDGE ( 'NONE', *, *, #135, .T. ) ;
#1782 = ORIENTED_EDGE ( 'NONE', *, *, #1937, .T. ) ;
#1783 = FACE_BOUND ( 'NONE', #301, .T. ) ;
#1784 = CARTESIAN_POINT ( 'NONE',  ( 90.00000000000000000, 5.999999999999999112, -11.00000000000000000 ) ) ;
#1785 = VERTEX_POINT ( 'NONE', #302 ) ;
#1786 = DIRECTION ( 'NONE',  ( 1.000000000000000000, 3.985880010631508243E-17, -0.000000000000000000 ) ) ;
#1787 = DIRECTION ( 'NONE',  ( -3.787020892204428009E-15, -1.000000000000000000, 0.000000000000000000 ) ) ;
#1788 = VECTOR ( 'NONE', #1400, 1000.000000000000000 ) ;
#1789 = EDGE_LOOP ( 'NONE', ( #1852, #2133, #845, #94 ) ) ;
#1790 = DIRECTION ( 'NONE',  ( 0.000000000000000000, 1.000000000000000000, 0.000000000000000000 ) ) ;
#1791 = EDGE_CURVE ( 'NONE', #831, #369, #1954, .T. ) ;
#1792 = AXIS2_PLACEMENT_3D ( 'NONE', #875, #1040, #1335 ) ;
#1793 = ORIENTED_EDGE ( 'NONE', *, *, #1838, .T. ) ;
#1794 = ORIENTED_EDGE ( 'NONE', *, *, #1466, .T. ) ;
#1795 = LINE ( 'NONE', #959, #1809 ) ;
#1796 = DIRECTION ( 'NONE',  ( -0.8692214499653500015, -0.4944229676300793686, 0.000000000000000000 ) ) ;
#1797 = VERTEX_POINT ( 'NONE', #2110 ) ;
#1798 = EDGE_LOOP ( 'NONE', ( #114, #613 ) ) ;
#1799 = CIRCLE ( 'NONE', #860, 1.500000000000001332 ) ;
#1800 = VERTEX_POINT ( 'NONE', #1659 ) ;
#1801 = EDGE_CURVE ( 'NONE', #163, #416, #1795, .T. ) ;
#1802 = ORIENTED_EDGE ( 'NONE', *, *, #1409, .T. ) ;
#1803 = LINE ( 'NONE', #1472, #499 ) ;
#1804 = DIRECTION ( 'NONE',  ( -0.000000000000000000, -1.000000000000000000, -0.000000000000000000 ) ) ;
#1805 = VERTEX_POINT ( 'NONE', #1283 ) ;
#1806 = AXIS2_PLACEMENT_3D ( 'NONE', #752, #1890, #1729 ) ;
#1807 = CARTESIAN_POINT ( 'NONE',  ( 90.00000000000000000, 9.000000000000000000, 1.600000000000019851 ) ) ;
#1808 = VECTOR ( 'NONE', #294, 1000.000000000000000 ) ;
#1809 = VECTOR ( 'NONE', #627, 999.9999999999998863 ) ;
#1810 = EDGE_CURVE ( 'NONE', #624, #930, #1641, .T. ) ;
#1811 = CARTESIAN_POINT ( 'NONE',  ( 79.00000000000000000, 0.000000000000000000, 2.694222958124176020E-15 ) ) ;
#1812 = LINE ( 'NONE', #1970, #431 ) ;
#1813 = ORIENTED_EDGE ( 'NONE', *, *, #1161, .T. ) ;
#1814 = EDGE_CURVE ( 'NONE', #1176, #533, #988, .T. ) ;
#1815 = EDGE_CURVE ( 'NONE', #1141, #2038, #2081, .T. ) ;
#1816 = CARTESIAN_POINT ( 'NONE',  ( 90.00000000000000000, 5.999999999999999112, -15.00000000000000355 ) ) ;
#1817 = ORIENTED_EDGE ( 'NONE', *, *, #1587, .F. ) ;
#1818 = ADVANCED_FACE ( 'NONE', ( #980 ), #487, .T. ) ;
#1819 = VECTOR ( 'NONE', #1786, 1000.000000000000000 ) ;
#1820 = AXIS2_PLACEMENT_3D ( 'NONE', #1784, #1946, #1773 ) ;
#1821 = DIRECTION ( 'NONE',  ( 0.000000000000000000, -1.000000000000000000, 1.652117596168387263E-16 ) ) ;
#1822 = FACE_OUTER_BOUND ( 'NONE', #648, .T. ) ;
#1823 = VERTEX_POINT ( 'NONE', #143 ) ;
#1824 = CYLINDRICAL_SURFACE ( 'NONE', #164, 1.600000000000004086 ) ;
#1825 = EDGE_CURVE ( 'NONE', #387, #2118, #161, .T. ) ;
#1826 = CARTESIAN_POINT ( 'NONE',  ( 1.821459649775647449E-13, -41.00000000000000711, -20.99999999999999645 ) ) ;
#1827 = CARTESIAN_POINT ( 'NONE',  ( 90.00000000000000000, 9.000000000000000000, 9.399999999999995026 ) ) ;
#1828 = ORIENTED_EDGE ( 'NONE', *, *, #215, .T. ) ;
#1829 = AXIS2_PLACEMENT_3D ( 'NONE', #1715, #409, #589 ) ;
#1830 = ORIENTED_EDGE ( 'NONE', *, *, #968, .T. ) ;
#1831 = CIRCLE ( 'NONE', #866, 1.500000000000001332 ) ;
#1832 = CARTESIAN_POINT ( 'NONE',  ( -7.999999999999998224, -62.00000000000591172, 0.000000000000000000 ) ) ;
#1833 = LINE ( 'NONE', #31, #134 ) ;
#1834 = ORIENTED_EDGE ( 'NONE', *, *, #2128, .T. ) ;
#1835 = DIRECTION ( 'NONE',  ( 0.000000000000000000, 0.000000000000000000, 1.000000000000000000 ) ) ;
#1836 = PLANE ( 'NONE',  #493 ) ;
#1837 = ORIENTED_EDGE ( 'NONE', *, *, #1801, .T. ) ;
#1838 = EDGE_CURVE ( 'NONE', #1865, #782, #1629, .T. ) ;
#1839 = CIRCLE ( 'NONE', #1563, 3.000000000000002665 ) ;
#1840 = CARTESIAN_POINT ( 'NONE',  ( 0.000000000000000000, 9.000000000000000000, 17.00000000000000000 ) ) ;
#1841 = EDGE_LOOP ( 'NONE', ( #775, #614, #949, #966 ) ) ;
#1842 = CARTESIAN_POINT ( 'NONE',  ( 74.72521983761957642, 0.000000000000000000, 17.00000000000000000 ) ) ;
#1843 = AXIS2_PLACEMENT_3D ( 'NONE', #1990, #549, #672 ) ;
#1844 = CARTESIAN_POINT ( 'NONE',  ( -7.999999999999998224, -45.00000000000000000, 15.50000000000000000 ) ) ;
#1845 = ORIENTED_EDGE ( 'NONE', *, *, #1398, .F. ) ;
#1846 = LINE ( 'NONE', #1173, #542 ) ;
#1847 = CARTESIAN_POINT ( 'NONE',  ( -7.999999999999805489, -37.79350479506621241, -5.000000000000000888 ) ) ;
#1848 = ORIENTED_EDGE ( 'NONE', *, *, #2062, .F. ) ;
#1849 = LINE ( 'NONE', #1873, #960 ) ;
#1850 = AXIS2_PLACEMENT_3D ( 'NONE', #836, #731, #33 ) ;
#1851 = EDGE_CURVE ( 'NONE', #1763, #369, #1425, .T. ) ;
#1852 = ORIENTED_EDGE ( 'NONE', *, *, #2124, .F. ) ;
#1853 = CYLINDRICAL_SURFACE ( 'NONE', #544, 4.000000000000007994 ) ;
#1854 = ADVANCED_FACE ( 'NONE', ( #1122 ), #154, .T. ) ;
#1855 = VECTOR ( 'NONE', #1268, 1000.000000000000000 ) ;
#1856 = AXIS2_PLACEMENT_3D ( 'NONE', #2008, #531, #1188 ) ;
#1857 = DIRECTION ( 'NONE',  ( -3.985880010631515022E-17, 1.000000000000000000, 0.000000000000000000 ) ) ;
#1858 = ORIENTED_EDGE ( 'NONE', *, *, #1357, .F. ) ;
#1859 = ORIENTED_EDGE ( 'NONE', *, *, #841, .T. ) ;
#1860 = AXIS2_PLACEMENT_3D ( 'NONE', #1743, #1551, #103 ) ;
#1861 = DIRECTION ( 'NONE',  ( 0.000000000000000000, 0.000000000000000000, 1.000000000000000000 ) ) ;
#1862 = DIRECTION ( 'NONE',  ( 1.000000000000000000, 3.985880010631508243E-17, -0.000000000000000000 ) ) ;
#1863 = EDGE_LOOP ( 'NONE', ( #1057, #516 ) ) ;
#1864 = CARTESIAN_POINT ( 'NONE',  ( -9.977691870520123629, -34.31661899520481285, -10.00000000000000178 ) ) ;
#1865 = VERTEX_POINT ( 'NONE', #1944 ) ;
#1866 = DIRECTION ( 'NONE',  ( -0.000000000000000000, -0.000000000000000000, 1.000000000000000000 ) ) ;
#1867 = ADVANCED_FACE ( 'NONE', ( #1295, #1783, #2131, #812, #645, #1620 ), #1304, .F. ) ;
#1868 = FACE_OUTER_BOUND ( 'NONE', #774, .T. ) ;
#1869 = VERTEX_POINT ( 'NONE', #1962 ) ;
#1870 = DIRECTION ( 'NONE',  ( -1.000000000000000000, 0.000000000000000000, 0.000000000000000000 ) ) ;
#1871 = CARTESIAN_POINT ( 'NONE',  ( 1.913222405103124154E-15, -48.00000000000000000, -15.50000000000000000 ) ) ;
#1872 = ORIENTED_EDGE ( 'NONE', *, *, #1851, .T. ) ;
#1873 = CARTESIAN_POINT ( 'NONE',  ( 1.873501354054951662E-13, -41.00000000000000000, -18.00000000000000355 ) ) ;
#1874 = DIRECTION ( 'NONE',  ( 0.000000000000000000, -0.000000000000000000, 1.000000000000000000 ) ) ;
#1875 = LINE ( 'NONE', #1735, #97 ) ;
#1876 = DIRECTION ( 'NONE',  ( 0.000000000000000000, 0.000000000000000000, -1.000000000000000000 ) ) ;
#1877 = VERTEX_POINT ( 'NONE', #1143 ) ;
#1878 = EDGE_CURVE ( 'NONE', #1311, #1367, #1803, .T. ) ;
#1879 = DIRECTION ( 'NONE',  ( 0.000000000000000000, 0.000000000000000000, -1.000000000000000000 ) ) ;
#1880 = CARTESIAN_POINT ( 'NONE',  ( 79.00000000000015632, 5.999999999999999112, 4.163336342344337027E-14 ) ) ;
#1881 = EDGE_LOOP ( 'NONE', ( #602, #2010, #255, #444 ) ) ;
#1882 = ADVANCED_FACE ( 'NONE', ( #502 ), #665, .F. ) ;
#1883 = DIRECTION ( 'NONE',  ( -1.000000000000000000, 3.787020892204435109E-15, 0.000000000000000000 ) ) ;
#1884 = CARTESIAN_POINT ( 'NONE',  ( 1.821459649775647449E-13, -41.00000000000000711, -18.00000000000000000 ) ) ;
#1885 = ORIENTED_EDGE ( 'NONE', *, *, #1033, .F. ) ;
#1886 = DIRECTION ( 'NONE',  ( 0.000000000000000000, 0.000000000000000000, 1.000000000000000000 ) ) ;
#1887 = CIRCLE ( 'NONE', #1678, 2.100000000000004530 ) ;
#1888 = LINE ( 'NONE', #115, #1153 ) ;
#1889 = VECTOR ( 'NONE', #2082, 1000.000000000000000 ) ;
#1890 = DIRECTION ( 'NONE',  ( 0.000000000000000000, 0.000000000000000000, -1.000000000000000000 ) ) ;
#1891 = VERTEX_POINT ( 'NONE', #2000 ) ;
#1892 = EDGE_CURVE ( 'NONE', #987, #944, #1778, .T. ) ;
#1893 = CARTESIAN_POINT ( 'NONE',  ( 90.00000000000000000, 9.000000000000000000, 17.00000000000000000 ) ) ;
#1894 = CYLINDRICAL_SURFACE ( 'NONE', #954, 1.600000000000019851 ) ;
#1895 = CARTESIAN_POINT ( 'NONE',  ( 79.00000000000000000, 0.000000000000000000, 2.694222958124176020E-15 ) ) ;
#1896 = CARTESIAN_POINT ( 'NONE',  ( 68.12315587390013150, 9.000000000000000000, -23.00000000000000000 ) ) ;
#1897 = CARTESIAN_POINT ( 'NONE',  ( -3.023920270797324950, -30.36123525416418190, -10.00000000000000178 ) ) ;
#1898 = CARTESIAN_POINT ( 'NONE',  ( -7.999999999999805489, -37.79350479506619820, -5.000000000000002665 ) ) ;
#1899 = ORIENTED_EDGE ( 'NONE', *, *, #165, .F. ) ;
#1900 = VECTOR ( 'NONE', #317, 1000.000000000000000 ) ;
#1901 = FACE_OUTER_BOUND ( 'NONE', #917, .T. ) ;
#1902 = LINE ( 'NONE', #578, #375 ) ;
#1903 = CARTESIAN_POINT ( 'NONE',  ( 100.9999999999999858, 5.999999999999999112, 2.100000000000004530 ) ) ;
#1904 = AXIS2_PLACEMENT_3D ( 'NONE', #872, #1687, #1995 ) ;
#1905 = DIRECTION ( 'NONE',  ( 1.000000000000000000, 3.985880010631508243E-17, 0.000000000000000000 ) ) ;
#1906 = APPLICATION_CONTEXT ( 'automotive_design' ) ;
#1907 = DIRECTION ( 'NONE',  ( 0.000000000000000000, 0.000000000000000000, -1.000000000000000000 ) ) ;
#1908 = EDGE_LOOP ( 'NONE', ( #2014, #1779, #1316, #1782 ) ) ;
#1909 = FACE_BOUND ( 'NONE', #1396, .T. ) ;
#1910 = ORIENTED_EDGE ( 'NONE', *, *, #2136, .T. ) ;
#1911 = CIRCLE ( 'NONE', #981, 10.00000000000000178 ) ;
#1912 = AXIS2_PLACEMENT_3D ( 'NONE', #1112, #432, #126 ) ;
#1913 = CARTESIAN_POINT ( 'NONE',  ( 68.12315587390013150, 9.000000000000000000, -23.00000000000000000 ) ) ;
#1914 = LINE ( 'NONE', #1390, #131 ) ;
#1915 = ORIENTED_EDGE ( 'NONE', *, *, #1051, .F. ) ;
#1916 = CARTESIAN_POINT ( 'NONE',  ( 79.00000000000015632, 9.000000000000000000, 4.163336342344337027E-14 ) ) ;
#1917 = DIRECTION ( 'NONE',  ( -0.000000000000000000, -0.000000000000000000, 1.000000000000000000 ) ) ;
#1918 = ADVANCED_FACE ( 'NONE', ( #212 ), #30, .F. ) ;
#1919 = ORIENTED_EDGE ( 'NONE', *, *, #1655, .T. ) ;
#1920 = EDGE_LOOP ( 'NONE', ( #553, #1971, #2002, #1111 ) ) ;
#1921 = EDGE_CURVE ( 'NONE', #496, #129, #188, .T. ) ;
#1922 = DIRECTION ( 'NONE',  ( 0.8692214499653501125, 0.4944229676300794241, 0.000000000000000000 ) ) ;
#1923 = EDGE_LOOP ( 'NONE', ( #150, #7, #425, #1553 ) ) ;
#1924 = CARTESIAN_POINT ( 'NONE',  ( -7.999999999999998224, -48.00000000000000000, -15.50000000000000000 ) ) ;
#1925 = EDGE_LOOP ( 'NONE', ( #1706, #1688, #1828, #1290 ) ) ;
#1926 = CIRCLE ( 'NONE', #991, 12.00000000000000355 ) ;
#1927 = VECTOR ( 'NONE', #711, 1000.000000000000000 ) ;
#1928 = CARTESIAN_POINT ( 'NONE',  ( 90.00000000000000000, 0.000000000000000000, -11.00000000000000000 ) ) ;
#1929 = AXIS2_PLACEMENT_3D ( 'NONE', #945, #781, #623 ) ;
#1930 = CIRCLE ( 'NONE', #1508, 1.500000000000001332 ) ;
#1931 = DIRECTION ( 'NONE',  ( 0.000000000000000000, 1.000000000000000000, 0.000000000000000000 ) ) ;
#1932 = ORIENTED_EDGE ( 'NONE', *, *, #1810, .T. ) ;
#1933 = DIRECTION ( 'NONE',  ( -3.985880010631515022E-17, 1.000000000000000000, 0.000000000000000000 ) ) ;
#1934 = DIRECTION ( 'NONE',  ( 0.000000000000000000, 1.000000000000000000, 0.000000000000000000 ) ) ;
#1935 = ORIENTED_EDGE ( 'NONE', *, *, #1314, .F. ) ;
#1936 = ORIENTED_EDGE ( 'NONE', *, *, #888, .F. ) ;
#1937 = EDGE_CURVE ( 'NONE', #869, #1785, #1016, .T. ) ;
#1938 = FACE_OUTER_BOUND ( 'NONE', #1988, .T. ) ;
#1939 = DIRECTION ( 'NONE',  ( 1.000000000000000000, -3.787020892204435109E-15, 1.751623080406021339E-46 ) ) ;
#1940 = ORIENTED_EDGE ( 'NONE', *, *, #626, .F. ) ;
#1941 = CARTESIAN_POINT ( 'NONE',  ( 54.78059124319786832, -2.083196181225465793, -10.00000000000000178 ) ) ;
#1942 = LINE ( 'NONE', #1625, #1945 ) ;
#1943 = ORIENTED_EDGE ( 'NONE', *, *, #739, .F. ) ;
#1944 = CARTESIAN_POINT ( 'NONE',  ( 100.9999999999999858, 5.999999999999999112, -2.100000000000004530 ) ) ;
#1945 = VECTOR ( 'NONE', #669, 1000.000000000000000 ) ;
#1946 = DIRECTION ( 'NONE',  ( 0.000000000000000000, 1.000000000000000000, 0.000000000000000000 ) ) ;
#1947 = ORIENTED_EDGE ( 'NONE', *, *, #485, .F. ) ;
#1948 = EDGE_CURVE ( 'NONE', #1186, #2108, #1292, .T. ) ;
#1949 = FACE_BOUND ( 'NONE', #710, .T. ) ;
#1950 = AXIS2_PLACEMENT_3D ( 'NONE', #1481, #321, #2 ) ;
#1951 = ORIENTED_EDGE ( 'NONE', *, *, #219, .T. ) ;
#1952 = DIRECTION ( 'NONE',  ( 0.000000000000000000, 0.000000000000000000, 1.000000000000000000 ) ) ;
#1953 = EDGE_LOOP ( 'NONE', ( #1474, #1193 ) ) ;
#1954 = LINE ( 'NONE', #1453, #532 ) ;
#1955 = CARTESIAN_POINT ( 'NONE',  ( 74.72521983761957642, -10.00000000000000178, -18.00000000000000355 ) ) ;
#1956 = VERTEX_POINT ( 'NONE', #879 ) ;
#1957 = CIRCLE ( 'NONE', #1024, 9.999999999999994671 ) ;
#1958 = CARTESIAN_POINT ( 'NONE',  ( 90.00000000000000000, 5.999999999999999112, -9.399999999999995026 ) ) ;
#1959 = ADVANCED_FACE ( 'NONE', ( #1213 ), #1042, .T. ) ;
#1960 = AXIS2_PLACEMENT_3D ( 'NONE', #776, #454, #246 ) ;
#1961 = ORIENTED_EDGE ( 'NONE', *, *, #599, .T. ) ;
#1962 = CARTESIAN_POINT ( 'NONE',  ( 63.92503786197111282, 7.720087475578428560, 5.000000000000001776 ) ) ;
#1963 = CARTESIAN_POINT ( 'NONE',  ( 90.00000000000000000, 9.000000000000000000, -17.00000000000000000 ) ) ;
#1964 = VERTEX_POINT ( 'NONE', #1168 ) ;
#1965 = DIRECTION ( 'NONE',  ( 0.000000000000000000, 1.000000000000000000, 0.000000000000000000 ) ) ;
#1966 = EDGE_LOOP ( 'NONE', ( #436, #868, #1761, #1636 ) ) ;
#1967 = EDGE_CURVE ( 'NONE', #1391, #1419, #705, .T. ) ;
#1968 = EDGE_CURVE ( 'NONE', #1639, #122, #446, .T. ) ;
#1969 = DIRECTION ( 'NONE',  ( 0.000000000000000000, 1.000000000000000000, 0.000000000000000000 ) ) ;
#1970 = CARTESIAN_POINT ( 'NONE',  ( 90.00000000000021316, 5.999999999999999112, 14.99999999999999289 ) ) ;
#1971 = ORIENTED_EDGE ( 'NONE', *, *, #1791, .T. ) ;
#1972 = FILL_AREA_STYLE ('',( #652 ) ) ;
#1973 = ORIENTED_EDGE ( 'NONE', *, *, #235, .F. ) ;
#1974 = AXIS2_PLACEMENT_3D ( 'NONE', #573, #1104, #939 ) ;
#1975 = VERTEX_POINT ( 'NONE', #1191 ) ;
#1976 = ORIENTED_EDGE ( 'NONE', *, *, #1201, .F. ) ;
#1977 = ORIENTED_EDGE ( 'NONE', *, *, #1614, .F. ) ;
#1978 = DIRECTION ( 'NONE',  ( 1.000000000000000000, 3.985880010631508243E-17, -0.000000000000000000 ) ) ;
#1979 = EDGE_CURVE ( 'NONE', #49, #1027, #1716, .T. ) ;
#1980 = DIRECTION ( 'NONE',  ( 0.000000000000000000, 1.000000000000000000, 0.000000000000000000 ) ) ;
#1981 = VERTEX_POINT ( 'NONE', #1842 ) ;
#1982 = ADVANCED_FACE ( 'NONE', ( #353 ), #1539, .F. ) ;
#1983 = CARTESIAN_POINT ( 'NONE',  ( 101.0000000000001279, 5.999999999999999112, -4.000000000000113687 ) ) ;
#1984 = DIRECTION ( 'NONE',  ( -0.000000000000000000, -1.000000000000000000, 0.000000000000000000 ) ) ;
#1985 = ORIENTED_EDGE ( 'NONE', *, *, #333, .T. ) ;
#1986 = VECTOR ( 'NONE', #2028, 1000.000000000000000 ) ;
#1987 = AXIS2_PLACEMENT_3D ( 'NONE', #611, #1758, #2045 ) ;
#1988 = EDGE_LOOP ( 'NONE', ( #1022, #1794 ) ) ;
#1989 = AXIS2_PLACEMENT_3D ( 'NONE', #192, #2025, #366 ) ;
#1990 = CARTESIAN_POINT ( 'NONE',  ( -7.999999999999998224, -62.00000000000591172, 0.000000000000000000 ) ) ;
#1991 = CARTESIAN_POINT ( 'NONE',  ( 68.12315587390013150, 9.000000000000000000, -23.00000000000000000 ) ) ;
#1992 = ORIENTED_EDGE ( 'NONE', *, *, #403, .T. ) ;
#1993 = EDGE_CURVE ( 'NONE', #883, #957, #240, .T. ) ;
#1994 = DIRECTION ( 'NONE',  ( -0.000000000000000000, -1.000000000000000000, -0.000000000000000000 ) ) ;
#1995 = DIRECTION ( 'NONE',  ( 0.000000000000000000, 1.000000000000000000, 0.000000000000000000 ) ) ;
#1996 = VERTEX_POINT ( 'NONE', #55 ) ;
#1997 = DIRECTION ( 'NONE',  ( 0.000000000000000000, 1.000000000000000000, 0.000000000000000000 ) ) ;
#1998 = ORIENTED_EDGE ( 'NONE', *, *, #1644, .F. ) ;
#1999 = VECTOR ( 'NONE', #196, 1000.000000000000000 ) ;
#2000 = CARTESIAN_POINT ( 'NONE',  ( -7.999999999999817923, -40.99999999999997868, -18.00000000000000000 ) ) ;
#2001 = CARTESIAN_POINT ( 'NONE',  ( 100.9999999999999858, 5.999999999999999112, 0.000000000000000000 ) ) ;
#2002 = ORIENTED_EDGE ( 'NONE', *, *, #892, .T. ) ;
#2003 = DIRECTION ( 'NONE',  ( 0.000000000000000000, -0.000000000000000000, 1.000000000000000000 ) ) ;
#2004 = FACE_BOUND ( 'NONE', #1770, .T. ) ;
#2005 = ORIENTED_EDGE ( 'NONE', *, *, #492, .T. ) ;
#2006 = AXIS2_PLACEMENT_3D ( 'NONE', #1259, #404, #107 ) ;
#2007 = EDGE_CURVE ( 'NONE', #129, #869, #1488, .T. ) ;
#2008 = CARTESIAN_POINT ( 'NONE',  ( 1.920309405503471289, -39.05344975381768791, -17.00000000000000000 ) ) ;
#2009 = CLOSED_SHELL ( 'NONE', ( #1982, #1006, #1486, #1775, #1882, #561, #453, #1272, #768, #1113, #362, #596, #1344, #1497, #2046, #233, #662, #1242, #1867, #1468, #1189, #1426, #463, #2056, #1959, #74, #1359, #505, #518, #2036, #1677, #1037, #100, #1535, #995, #1339, #547, #376, #1372, #1177, #394, #429, #779, #1818, #821, #441, #474, #22, #1918, #1123, #794, #1308, #124, #585, #641, #1074, #1087, #1502, #819, #830, #2100, #34, #729, #1854, #1549, #1452, #1764 ) ) ;
#2010 = ORIENTED_EDGE ( 'NONE', *, *, #736, .T. ) ;
#2011 = CARTESIAN_POINT ( 'NONE',  ( -7.999999999999996447, -79.00000000000000000, -15.50000000000000000 ) ) ;
#2012 = AXIS2_PLACEMENT_3D ( 'NONE', #1158, #793, #1969 ) ;
#2013 = LINE ( 'NONE', #551, #852 ) ;
#2014 = ORIENTED_EDGE ( 'NONE', *, *, #501, .F. ) ;
#2015 = CYLINDRICAL_SURFACE ( 'NONE', #269, 1.500000000000001332 ) ;
#2016 = CARTESIAN_POINT ( 'NONE',  ( 54.78059124319786832, -2.083196181225465793, -17.00000000000000000 ) ) ;
#2017 = ORIENTED_EDGE ( 'NONE', *, *, #1604, .T. ) ;
#2018 = LINE ( 'NONE', #1370, #680 ) ;
#2019 = EDGE_CURVE ( 'NONE', #782, #1027, #132, .T. ) ;
#2020 = AXIS2_PLACEMENT_3D ( 'NONE', #2116, #506, #1787 ) ;
#2021 = ORIENTED_EDGE ( 'NONE', *, *, #932, .F. ) ;
#2022 = CARTESIAN_POINT ( 'NONE',  ( 90.00000000000000000, 0.000000000000000000, 11.00000000000000000 ) ) ;
#2023 = CIRCLE ( 'NONE', #1856, 10.00000000000000000 ) ;
#2024 = AXIS2_PLACEMENT_3D ( 'NONE', #503, #1192, #1021 ) ;
#2025 = DIRECTION ( 'NONE',  ( -0.4944229676300793686, 0.8692214499653500015, 0.000000000000000000 ) ) ;
#2026 = ORIENTED_EDGE ( 'NONE', *, *, #751, .F. ) ;
#2027 = VERTEX_POINT ( 'NONE', #18 ) ;
#2028 = DIRECTION ( 'NONE',  ( 3.787020892204435109E-15, 1.000000000000000000, 0.000000000000000000 ) ) ;
#2029 = DIRECTION ( 'NONE',  ( 1.000000000000000000, 0.000000000000000000, 0.000000000000000000 ) ) ;
#2030 = ORIENTED_EDGE ( 'NONE', *, *, #1667, .F. ) ;
#2031 = DIRECTION ( 'NONE',  ( 1.000000000000000000, 2.081668171172168513E-15, 0.000000000000000000 ) ) ;
#2032 = CARTESIAN_POINT ( 'NONE',  ( 100.9999999999999858, 9.000000000000000000, 0.000000000000000000 ) ) ;
#2033 = EDGE_CURVE ( 'NONE', #1705, #800, #855, .T. ) ;
#2034 = CARTESIAN_POINT ( 'NONE',  ( 90.00000000000000000, 9.000000000000000000, -10.99999999999999645 ) ) ;
#2035 = DIRECTION ( 'NONE',  ( 0.000000000000000000, 0.000000000000000000, 1.000000000000000000 ) ) ;
#2036 = ADVANCED_FACE ( 'NONE', ( #1010 ), #1853, .F. ) ;
#2037 = EDGE_LOOP ( 'NONE', ( #937, #762 ) ) ;
#2038 = VERTEX_POINT ( 'NONE', #865 ) ;
#2039 = DIRECTION ( 'NONE',  ( 0.000000000000000000, 1.000000000000000000, 0.000000000000000000 ) ) ;
#2040 = CARTESIAN_POINT ( 'NONE',  ( -9.977691870520123629, -34.31661899520481285, -5.000000000000000888 ) ) ;
#2041 = VERTEX_POINT ( 'NONE', #719 ) ;
#2042 = CARTESIAN_POINT ( 'NONE',  ( -7.999999999999996447, -77.50000000000000000, 15.50000000000000000 ) ) ;
#2043 = DIRECTION ( 'NONE',  ( -0.000000000000000000, -1.000000000000000000, -0.000000000000000000 ) ) ;
#2044 = DIRECTION ( 'NONE',  ( 0.000000000000000000, 0.000000000000000000, 1.000000000000000000 ) ) ;
#2045 = DIRECTION ( 'NONE',  ( -1.000000000000000000, 0.000000000000000000, -0.000000000000000000 ) ) ;
#2046 = ADVANCED_FACE ( 'NONE', ( #1374 ), #2087, .T. ) ;
#2047 = DIRECTION ( 'NONE',  ( 0.000000000000000000, 1.000000000000000000, 0.000000000000000000 ) ) ;
#2048 = AXIS2_PLACEMENT_3D ( 'NONE', #2022, #43, #560 ) ;
#2049 = DIRECTION ( 'NONE',  ( 3.985880010631508243E-17, -1.000000000000000000, 0.000000000000000000 ) ) ;
#2050 = EDGE_LOOP ( 'NONE', ( #622, #197, #1105, #1643 ) ) ;
#2051 = CARTESIAN_POINT ( 'NONE',  ( 90.00000000000000000, 0.000000000000000000, 17.00000000000000000 ) ) ;
#2052 = FACE_OUTER_BOUND ( 'NONE', #1966, .T. ) ;
#2053 = DIRECTION ( 'NONE',  ( 0.000000000000000000, 0.000000000000000000, 1.000000000000000000 ) ) ;
#2054 = LINE ( 'NONE', #1896, #56 ) ;
#2055 = CARTESIAN_POINT ( 'NONE',  ( 1.873501354054951662E-13, -41.00000000000000000, -18.00000000000000355 ) ) ;
#2056 = ADVANCED_FACE ( 'NONE', ( #1427 ), #281, .F. ) ;
#2057 = LINE ( 'NONE', #88, #601 ) ;
#2058 = ORIENTED_EDGE ( 'NONE', *, *, #550, .F. ) ;
#2059 = VECTOR ( 'NONE', #234, 999.9999999999998863 ) ;
#2060 = DIRECTION ( 'NONE',  ( 0.4944229676300793130, -0.8692214499653501125, 0.000000000000000000 ) ) ;
#2061 = DIRECTION ( 'NONE',  ( 0.000000000000000000, 0.000000000000000000, 1.000000000000000000 ) ) ;
#2062 = EDGE_CURVE ( 'NONE', #682, #340, #1329, .T. ) ;
#2063 = DIRECTION ( 'NONE',  ( 0.000000000000000000, 0.000000000000000000, 1.000000000000000000 ) ) ;
#2064 = CIRCLE ( 'NONE', #209, 1.600000000000004086 ) ;
#2065 = CARTESIAN_POINT ( 'NONE',  ( -7.999999999999996447, -79.00000000000000000, -15.50000000000000000 ) ) ;
#2066 = FACE_OUTER_BOUND ( 'NONE', #990, .T. ) ;
#2067 = ORIENTED_EDGE ( 'NONE', *, *, #1533, .T. ) ;
#2068 = DIRECTION ( 'NONE',  ( -1.000000000000000000, 3.787020892204435109E-15, 0.000000000000000000 ) ) ;
#2069 = FACE_BOUND ( 'NONE', #500, .T. ) ;
#2070 = EDGE_CURVE ( 'NONE', #49, #1865, #816, .T. ) ;
#2071 = VERTEX_POINT ( 'NONE', #600 ) ;
#2072 = LINE ( 'NONE', #903, #900 ) ;
#2073 = EDGE_CURVE ( 'NONE', #1180, #1823, #510, .T. ) ;
#2074 = VECTOR ( 'NONE', #1354, 1000.000000000000000 ) ;
#2075 = DIRECTION ( 'NONE',  ( -0.000000000000000000, -1.000000000000000000, -0.000000000000000000 ) ) ;
#2076 = EDGE_LOOP ( 'NONE', ( #730, #1759, #108, #295 ) ) ;
#2077 = DIRECTION ( 'NONE',  ( 1.688462485347537811E-17, 9.604165115470488985E-18, 1.000000000000000000 ) ) ;
#2078 = CARTESIAN_POINT ( 'NONE',  ( 2.471245606591770709E-15, -62.00000000000591172, 0.000000000000000000 ) ) ;
#2079 = ORIENTED_EDGE ( 'NONE', *, *, #1709, .T. ) ;
#2080 = VECTOR ( 'NONE', #1804, 1000.000000000000000 ) ;
#2081 = CIRCLE ( 'NONE', #226, 2.100000000000004530 ) ;
#2082 = DIRECTION ( 'NONE',  ( -1.000000000000000000, 3.787020892204435109E-15, -8.758115402030106693E-47 ) ) ;
#2083 = FACE_OUTER_BOUND ( 'NONE', #803, .T. ) ;
#2084 = EDGE_CURVE ( 'NONE', #1996, #969, #1069, .T. ) ;
#2085 = EDGE_LOOP ( 'NONE', ( #2030, #1171, #1428, #1768 ) ) ;
#2086 = DIRECTION ( 'NONE',  ( 1.000000000000000000, 3.985880010631508243E-17, 0.000000000000000000 ) ) ;
#2087 = PLANE ( 'NONE',  #1162 ) ;
#2088 = ORIENTED_EDGE ( 'NONE', *, *, #778, .F. ) ;
#2089 = DIRECTION ( 'NONE',  ( 0.000000000000000000, 0.000000000000000000, 1.000000000000000000 ) ) ;
#2090 = PLANE ( 'NONE',  #326 ) ;
#2091 = ORIENTED_EDGE ( 'NONE', *, *, #2128, .F. ) ;
#2092 =( GEOMETRIC_REPRESENTATION_CONTEXT ( 3 ) GLOBAL_UNCERTAINTY_ASSIGNED_CONTEXT ( ( #882 ) ) GLOBAL_UNIT_ASSIGNED_CONTEXT ( ( #1110, #1736, #1552 ) ) REPRESENTATION_CONTEXT ( 'NONE', 'WORKASPACE' ) );
#2093 = DIRECTION ( 'NONE',  ( 0.000000000000000000, 0.000000000000000000, -1.000000000000000000 ) ) ;
#2094 = AXIS2_PLACEMENT_3D ( 'NONE', #304, #1284, #961 ) ;
#2095 = DIRECTION ( 'NONE',  ( 0.000000000000000000, 0.000000000000000000, 1.000000000000000000 ) ) ;
#2096 = VERTEX_POINT ( 'NONE', #83 ) ;
#2097 = LINE ( 'NONE', #1120, #1140 ) ;
#2098 = ORIENTED_EDGE ( 'NONE', *, *, #53, .F. ) ;
#2099 = FACE_OUTER_BOUND ( 'NONE', #179, .T. ) ;
#2100 = ADVANCED_FACE ( 'NONE', ( #411 ), #72, .T. ) ;
#2101 = DIRECTION ( 'NONE',  ( 0.000000000000000000, 0.000000000000000000, 1.000000000000000000 ) ) ;
#2102 = ORIENTED_EDGE ( 'NONE', *, *, #1476, .F. ) ;
#2103 = AXIS2_PLACEMENT_3D ( 'NONE', #1895, #1244, #2053 ) ;
#2104 = CARTESIAN_POINT ( 'NONE',  ( 68.12315587390013150, 9.000000000000000000, 10.00000000000000178 ) ) ;
#2105 = FACE_OUTER_BOUND ( 'NONE', #1166, .T. ) ;
#2106 = EDGE_LOOP ( 'NONE', ( #898, #857 ) ) ;
#2107 = DIRECTION ( 'NONE',  ( 1.000000000000000000, 3.985880010631508243E-17, 0.000000000000000000 ) ) ;
#2108 = VERTEX_POINT ( 'NONE', #936 ) ;
#2109 = ORIENTED_EDGE ( 'NONE', *, *, #1633, .T. ) ;
#2110 = CARTESIAN_POINT ( 'NONE',  ( 90.00000000000000000, 0.000000000000000000, 1.600000000000019851 ) ) ;
#2111 = VECTOR ( 'NONE', #1109, 1000.000000000000000 ) ;
#2112 = CARTESIAN_POINT ( 'NONE',  ( 1.821459649775647449E-13, -41.00000000000000711, -20.99999999999999645 ) ) ;
#2113 = ORIENTED_EDGE ( 'NONE', *, *, #1047, .T. ) ;
#2114 = EDGE_CURVE ( 'NONE', #25, #1367, #1100, .T. ) ;
#2115 = CARTESIAN_POINT ( 'NONE',  ( 0.000000000000000000, -83.00000000000000000, -18.00000000000000355 ) ) ;
#2116 = CARTESIAN_POINT ( 'NONE',  ( 1.707849023009514640E-13, -44.00000000000001421, -18.00000000000000000 ) ) ;
#2117 = AXIS2_PLACEMENT_3D ( 'NONE', #1746, #2077, #783 ) ;
#2118 = VERTEX_POINT ( 'NONE', #748 ) ;
#2119 = DIRECTION ( 'NONE',  ( 0.000000000000000000, 0.000000000000000000, 1.000000000000000000 ) ) ;
#2120 = ORIENTED_EDGE ( 'NONE', *, *, #2137, .T. ) ;
#2121 = CARTESIAN_POINT ( 'NONE',  ( 2.252377387104571844E-29, -80.00000000000000000, 18.00000000000001421 ) ) ;
#2122 = CARTESIAN_POINT ( 'NONE',  ( 1.821459649775647449E-13, -41.00000000000000711, -20.99999999999999645 ) ) ;
#2123 = ORIENTED_EDGE ( 'NONE', *, *, #2073, .F. ) ;
#2124 = EDGE_CURVE ( 'NONE', #1311, #835, #738, .T. ) ;
#2125 = AXIS2_PLACEMENT_3D ( 'NONE', #1696, #1708, #1870 ) ;
#2126 = CARTESIAN_POINT ( 'NONE',  ( -7.999999999999996447, -76.00000000000000000, -15.50000000000000000 ) ) ;
#2127 = AXIS2_PLACEMENT_3D ( 'NONE', #513, #843, #1361 ) ;
#2128 = EDGE_CURVE ( 'NONE', #1081, #533, #1392, .T. ) ;
#2129 = VECTOR ( 'NONE', #408, 1000.000000000000000 ) ;
#2130 = ORIENTED_EDGE ( 'NONE', *, *, #84, .T. ) ;
#2131 = FACE_BOUND ( 'NONE', #1376, .T. ) ;
#2132 = DIRECTION ( 'NONE',  ( -0.000000000000000000, -0.000000000000000000, -1.000000000000000000 ) ) ;
#2133 = ORIENTED_EDGE ( 'NONE', *, *, #1878, .T. ) ;
#2134 = ORIENTED_EDGE ( 'NONE', *, *, #1690, .F. ) ;
#2135 = LINE ( 'NONE', #1816, #1731 ) ;
#2136 = EDGE_CURVE ( 'NONE', #439, #1230, #1926, .T. ) ;
#2137 = EDGE_CURVE ( 'NONE', #4, #2027, #2054, .T. ) ;
#2138 = VERTEX_POINT ( 'NONE', #769 ) ;
ENDSEC;
END-ISO-10303-21;
