ISO-10303-21;
HEADER;
FILE_DESCRIPTION (( 'STEP AP214' ),
    '1' );
FILE_NAME ('j3_2.STEP',
    '2026-08-29T12:21:16',
    ( '' ),
    ( '' ),
    'SwSTEP 2.0',
    'SolidWorks 2024',
    '' );
FILE_SCHEMA (( 'AUTOMOTIVE_DESIGN' ));
ENDSEC;

DATA;
#1 = FACE_OUTER_BOUND ( 'NONE', #272, .T. ) ;
#2 = ORIENTED_EDGE ( 'NONE', *, *, #289, .F. ) ;
#3 = CARTESIAN_POINT ( 'NONE',  ( 36.99999999999992895, 3.000000000000000000, -23.00000000000000000 ) ) ;
#4 = VERTEX_POINT ( 'NONE', #1560 ) ;
#5 = ADVANCED_BREP_SHAPE_REPRESENTATION ( 'j3_2', ( #1339, #359 ), #1867 ) ;
#6 = ADVANCED_FACE ( 'NONE', ( #721 ), #411, .F. ) ;
#7 = CARTESIAN_POINT ( 'NONE',  ( 12.00000000000000000, 16.50000000000000000, -7.000000000000000888 ) ) ;
#8 = ORIENTED_EDGE ( 'NONE', *, *, #1181, .F. ) ;
#9 = VECTOR ( 'NONE', #1389, 1000.000000000000000 ) ;
#10 = FACE_OUTER_BOUND ( 'NONE', #1573, .T. ) ;
#11 = VECTOR ( 'NONE', #412, 1000.000000000000000 ) ;
#12 = CARTESIAN_POINT ( 'NONE',  ( 8.000000000000000000, 0.000000000000000000, -6.999999999999999112 ) ) ;
#13 = EDGE_CURVE ( 'NONE', #1236, #1328, #713, .T. ) ;
#14 = ORIENTED_EDGE ( 'NONE', *, *, #88, .T. ) ;
#15 = DIRECTION ( 'NONE',  ( 0.000000000000000000, 0.000000000000000000, 1.000000000000000000 ) ) ;
#16 = EDGE_LOOP ( 'NONE', ( #1448, #540, #1847, #726 ) ) ;
#17 = DIRECTION ( 'NONE',  ( -0.000000000000000000, 1.000000000000000000, -0.000000000000000000 ) ) ;
#18 = VERTEX_POINT ( 'NONE', #1157 ) ;
#19 = CARTESIAN_POINT ( 'NONE',  ( 30.99999999999996447, 0.000000000000000000, -39.00000000000000000 ) ) ;
#20 = CARTESIAN_POINT ( 'NONE',  ( 12.00000000000000000, 0.000000000000000000, -7.000000000000000888 ) ) ;
#21 = LINE ( 'NONE', #602, #1575 ) ;
#22 = LINE ( 'NONE', #1175, #910 ) ;
#23 = ORIENTED_EDGE ( 'NONE', *, *, #787, .F. ) ;
#24 = CARTESIAN_POINT ( 'NONE',  ( 33.39999999999999858, 6.500000000000000000, 0.000000000000000000 ) ) ;
#25 = ORIENTED_EDGE ( 'NONE', *, *, #79, .F. ) ;
#26 = CARTESIAN_POINT ( 'NONE',  ( 26.59999999999999787, 6.500000000000000000, 0.000000000000000000 ) ) ;
#27 = VECTOR ( 'NONE', #1567, 1000.000000000000000 ) ;
#28 = DIRECTION ( 'NONE',  ( -0.000000000000000000, -1.000000000000000000, -0.000000000000000000 ) ) ;
#29 = EDGE_CURVE ( 'NONE', #860, #1291, #1739, .T. ) ;
#30 = EDGE_CURVE ( 'NONE', #935, #1018, #450, .T. ) ;
#31 = CARTESIAN_POINT ( 'NONE',  ( 36.99999999999996447, 3.000000000000000000, -39.00000000000000000 ) ) ;
#32 =( NAMED_UNIT ( * ) PLANE_ANGLE_UNIT ( ) SI_UNIT ( $, .RADIAN. ) );
#33 = ORIENTED_EDGE ( 'NONE', *, *, #541, .F. ) ;
#34 = DIRECTION ( 'NONE',  ( -8.673617379884035472E-16, -0.000000000000000000, 1.000000000000000000 ) ) ;
#35 = VERTEX_POINT ( 'NONE', #1601 ) ;
#36 = CARTESIAN_POINT ( 'NONE',  ( 0.000000000000000000, 8.000000000000000000, -50.00000000000000000 ) ) ;
#37 = VECTOR ( 'NONE', #781, 1000.000000000000000 ) ;
#38 = PLANE ( 'NONE',  #1477 ) ;
#39 = VECTOR ( 'NONE', #230, 1000.000000000000000 ) ;
#40 = ORIENTED_EDGE ( 'NONE', *, *, #1430, .T. ) ;
#41 = EDGE_CURVE ( 'NONE', #1763, #674, #1852, .T. ) ;
#42 = VECTOR ( 'NONE', #1223, 1000.000000000000000 ) ;
#43 = LINE ( 'NONE', #499, #616 ) ;
#44 = CARTESIAN_POINT ( 'NONE',  ( 5.782411586589358625E-16, 8.000000000000000000, -4.000000000000001776 ) ) ;
#45 = EDGE_LOOP ( 'NONE', ( #1252, #266, #1571, #1094 ) ) ;
#46 = EDGE_CURVE ( 'NONE', #697, #1418, #563, .T. ) ;
#47 = CARTESIAN_POINT ( 'NONE',  ( 2.000000000000000000, 0.000000000000000000, -4.000000000000000000 ) ) ;
#48 = ORIENTED_EDGE ( 'NONE', *, *, #1100, .F. ) ;
#49 = DIRECTION ( 'NONE',  ( -0.000000000000000000, 1.000000000000000000, -0.000000000000000000 ) ) ;
#50 = LINE ( 'NONE', #631, #1809 ) ;
#51 = EDGE_CURVE ( 'NONE', #1029, #334, #1720, .T. ) ;
#52 = LINE ( 'NONE', #1201, #37 ) ;
#53 = DIRECTION ( 'NONE',  ( 0.000000000000000000, 0.000000000000000000, -1.000000000000000000 ) ) ;
#54 = ORIENTED_EDGE ( 'NONE', *, *, #659, .T. ) ;
#55 = FACE_OUTER_BOUND ( 'NONE', #1682, .T. ) ;
#56 = VERTEX_POINT ( 'NONE', #1286 ) ;
#57 = EDGE_CURVE ( 'NONE', #737, #946, #429, .T. ) ;
#58 = CARTESIAN_POINT ( 'NONE',  ( 33.39999999999999858, 6.500000000000000000, -4.000000000000000000 ) ) ;
#59 = DIRECTION ( 'NONE',  ( -1.000000000000000000, -0.000000000000000000, -0.000000000000000000 ) ) ;
#60 = VECTOR ( 'NONE', #1434, 1000.000000000000000 ) ;
#61 = DIRECTION ( 'NONE',  ( -0.000000000000000000, 1.000000000000000000, -0.000000000000000000 ) ) ;
#62 = LINE ( 'NONE', #1787, #1324 ) ;
#63 = AXIS2_PLACEMENT_3D ( 'NONE', #229, #1363, #1509 ) ;
#64 = EDGE_LOOP ( 'NONE', ( #1216, #1856, #644, #795 ) ) ;
#65 = CARTESIAN_POINT ( 'NONE',  ( 36.99999999999996447, 3.000000000000000000, -39.00000000000000000 ) ) ;
#66 = VECTOR ( 'NONE', #461, 1000.000000000000000 ) ;
#67 = VERTEX_POINT ( 'NONE', #145 ) ;
#68 = EDGE_CURVE ( 'NONE', #1440, #813, #1044, .T. ) ;
#69 = CARTESIAN_POINT ( 'NONE',  ( 2.000000000000000000, 8.000000000000000000, -4.000000000000000000 ) ) ;
#70 = EDGE_CURVE ( 'NONE', #948, #1132, #1315, .T. ) ;
#71 = DIRECTION ( 'NONE',  ( -0.000000000000000000, -0.000000000000000000, 1.000000000000000000 ) ) ;
#72 = VECTOR ( 'NONE', #987, 1000.000000000000000 ) ;
#73 = ORIENTED_EDGE ( 'NONE', *, *, #665, .T. ) ;
#74 = DIRECTION ( 'NONE',  ( -1.000000000000000000, -0.000000000000000000, -0.000000000000000000 ) ) ;
#75 = VECTOR ( 'NONE', #771, 1000.000000000000000 ) ;
#76 = EDGE_CURVE ( 'NONE', #1436, #483, #43, .T. ) ;
#77 = VECTOR ( 'NONE', #877, 1000.000000000000000 ) ;
#78 = CARTESIAN_POINT ( 'NONE',  ( 36.60000000000000142, 6.500000000000000000, 0.000000000000000000 ) ) ;
#79 = EDGE_CURVE ( 'NONE', #813, #981, #52, .T. ) ;
#80 = ORIENTED_EDGE ( 'NONE', *, *, #796, .F. ) ;
#81 = CARTESIAN_POINT ( 'NONE',  ( 36.99999999999989342, 3.000000000000000000, -13.00000000000000178 ) ) ;
#82 = CARTESIAN_POINT ( 'NONE',  ( 34.00000000000000000, -5.000000000000000888, -24.40000000000000568 ) ) ;
#83 = CARTESIAN_POINT ( 'NONE',  ( 38.00000000000000000, 0.000000000000000000, -3.999999999999999112 ) ) ;
#84 = ORIENTED_EDGE ( 'NONE', *, *, #576, .T. ) ;
#85 = DIRECTION ( 'NONE',  ( -1.445602896647339163E-16, 0.000000000000000000, 1.000000000000000000 ) ) ;
#86 = DIRECTION ( 'NONE',  ( -8.673617379884035472E-16, -0.000000000000000000, 1.000000000000000000 ) ) ;
#87 = FACE_OUTER_BOUND ( 'NONE', #1808, .T. ) ;
#88 = EDGE_CURVE ( 'NONE', #1534, #1283, #21, .T. ) ;
#89 = LINE ( 'NONE', #1826, #887 ) ;
#90 = DIRECTION ( 'NONE',  ( 2.891205793294677833E-16, 0.000000000000000000, -1.000000000000000000 ) ) ;
#91 = VECTOR ( 'NONE', #489, 1000.000000000000000 ) ;
#92 = EDGE_CURVE ( 'NONE', #476, #126, #765, .T. ) ;
#93 = VERTEX_POINT ( 'NONE', #923 ) ;
#94 = DIRECTION ( 'NONE',  ( 0.000000000000000000, 0.000000000000000000, 1.000000000000000000 ) ) ;
#95 = CARTESIAN_POINT ( 'NONE',  ( 34.00000000000000000, -5.000000000000000888, -26.00000000000000355 ) ) ;
#96 = EDGE_CURVE ( 'NONE', #67, #860, #761, .T. ) ;
#97 = VERTEX_POINT ( 'NONE', #913 ) ;
#98 = ORIENTED_EDGE ( 'NONE', *, *, #1321, .T. ) ;
#99 = APPLICATION_PROTOCOL_DEFINITION ( 'draft international standard', 'automotive_design', 1998, #661 ) ;
#100 = LINE ( 'NONE', #1532, #1095 ) ;
#101 = PLANE ( 'NONE',  #1504 ) ;
#102 = ORIENTED_EDGE ( 'NONE', *, *, #1578, .T. ) ;
#103 = CARTESIAN_POINT ( 'NONE',  ( 28.00000000000000000, 0.000000000000000000, -3.999999999999999112 ) ) ;
#104 = AXIS2_PLACEMENT_3D ( 'NONE', #1078, #347, #512 ) ;
#105 = ADVANCED_FACE ( 'NONE', ( #1484 ), #181, .F. ) ;
#106 = VECTOR ( 'NONE', #1696, 1000.000000000000000 ) ;
#107 = CARTESIAN_POINT ( 'NONE',  ( 33.39999999999999858, 6.500000000000000000, 0.000000000000000000 ) ) ;
#108 = ORIENTED_EDGE ( 'NONE', *, *, #1289, .F. ) ;
#109 = DIRECTION ( 'NONE',  ( 1.000000000000000000, 0.000000000000000000, 0.000000000000000000 ) ) ;
#110 = DIRECTION ( 'NONE',  ( -0.000000000000000000, 1.000000000000000000, -0.000000000000000000 ) ) ;
#111 = ADVANCED_FACE ( 'NONE', ( #1355 ), #1749, .F. ) ;
#112 = DIRECTION ( 'NONE',  ( 0.000000000000000000, 0.000000000000000000, -1.000000000000000000 ) ) ;
#113 = ORIENTED_EDGE ( 'NONE', *, *, #625, .F. ) ;
#114 = CARTESIAN_POINT ( 'NONE',  ( 34.00000000000003553, 2.999999999999999112, -17.59999999999999787 ) ) ;
#115 = DIRECTION ( 'NONE',  ( -0.000000000000000000, 1.000000000000000000, -0.000000000000000000 ) ) ;
#116 = VERTEX_POINT ( 'NONE', #901 ) ;
#117 = CARTESIAN_POINT ( 'NONE',  ( 2.000000000000000000, 0.000000000000000000, -7.000000000000000888 ) ) ;
#118 = ORIENTED_EDGE ( 'NONE', *, *, #41, .T. ) ;
#119 = CARTESIAN_POINT ( 'NONE',  ( 30.99999999999989697, 0.000000000000000000, -19.00000000000000000 ) ) ;
#120 = VECTOR ( 'NONE', #1258, 1000.000000000000000 ) ;
#121 = LINE ( 'NONE', #1830, #857 ) ;
#122 = ORIENTED_EDGE ( 'NONE', *, *, #459, .F. ) ;
#123 = EDGE_CURVE ( 'NONE', #886, #1831, #1785, .T. ) ;
#124 = EDGE_CURVE ( 'NONE', #1162, #1343, #527, .T. ) ;
#125 = LINE ( 'NONE', #1304, #606 ) ;
#126 = VERTEX_POINT ( 'NONE', #893 ) ;
#127 = ORIENTED_EDGE ( 'NONE', *, *, #397, .F. ) ;
#128 = CARTESIAN_POINT ( 'NONE',  ( 6.600000000000001421, 6.500000000000000000, -4.000000000000000000 ) ) ;
#129 = ORIENTED_EDGE ( 'NONE', *, *, #1077, .F. ) ;
#130 = DIRECTION ( 'NONE',  ( 0.000000000000000000, -1.000000000000000000, 0.000000000000000000 ) ) ;
#131 = EDGE_CURVE ( 'NONE', #875, #1751, #1325, .T. ) ;
#132 = VECTOR ( 'NONE', #1060, 1000.000000000000000 ) ;
#133 = ORIENTED_EDGE ( 'NONE', *, *, #1227, .T. ) ;
#134 = VECTOR ( 'NONE', #451, 1000.000000000000000 ) ;
#135 = VECTOR ( 'NONE', #17, 1000.000000000000000 ) ;
#136 = DIRECTION ( 'NONE',  ( 1.084202172485504434E-16, 0.000000000000000000, -1.000000000000000000 ) ) ;
#137 = ORIENTED_EDGE ( 'NONE', *, *, #605, .F. ) ;
#138 = ORIENTED_EDGE ( 'NONE', *, *, #655, .F. ) ;
#139 = DIRECTION ( 'NONE',  ( -1.000000000000000000, 0.000000000000000000, -0.000000000000000000 ) ) ;
#140 = VERTEX_POINT ( 'NONE', #622 ) ;
#141 = CARTESIAN_POINT ( 'NONE',  ( 8.000000000000000000, 0.000000000000000000, -3.999999999999999112 ) ) ;
#142 = ORIENTED_EDGE ( 'NONE', *, *, #29, .F. ) ;
#143 = LINE ( 'NONE', #160, #369 ) ;
#144 = DIRECTION ( 'NONE',  ( 1.000000000000000000, -0.000000000000000000, 2.891205793294677833E-16 ) ) ;
#145 = CARTESIAN_POINT ( 'NONE',  ( 33.39999999999999858, 0.000000000000000000, 0.000000000000000000 ) ) ;
#146 = PLANE ( 'NONE',  #1096 ) ;
#147 = ORIENTED_EDGE ( 'NONE', *, *, #1624, .F. ) ;
#148 = CARTESIAN_POINT ( 'NONE',  ( 34.00000000000003553, 8.000000000000000000, -16.00000000000000000 ) ) ;
#149 = ORIENTED_EDGE ( 'NONE', *, *, #1527, .F. ) ;
#150 = CIRCLE ( 'NONE', #841, 1.599999999999997202 ) ;
#151 = CARTESIAN_POINT ( 'NONE',  ( 2.000000000000000000, 16.50000000000000000, -4.000000000000000000 ) ) ;
#152 = EDGE_CURVE ( 'NONE', #1835, #1457, #472, .T. ) ;
#153 = CARTESIAN_POINT ( 'NONE',  ( 18.00000000000000355, 16.50000000000000000, -6.999999999999999112 ) ) ;
#154 = EDGE_LOOP ( 'NONE', ( #1589, #1090 ) ) ;
#155 = CARTESIAN_POINT ( 'NONE',  ( 0.000000000000000000, 8.000000000000000000, -50.00000000000000000 ) ) ;
#156 = EDGE_LOOP ( 'NONE', ( #172, #1368, #137, #1617 ) ) ;
#157 = DIRECTION ( 'NONE',  ( 0.000000000000000000, -0.000000000000000000, -1.000000000000000000 ) ) ;
#158 = ORIENTED_EDGE ( 'NONE', *, *, #30, .F. ) ;
#159 = VECTOR ( 'NONE', #1564, 1000.000000000000000 ) ;
#160 = CARTESIAN_POINT ( 'NONE',  ( 28.00000000000000000, 0.000000000000000000, -3.999999999999999112 ) ) ;
#161 = VECTOR ( 'NONE', #1177, 1000.000000000000000 ) ;
#162 = CARTESIAN_POINT ( 'NONE',  ( 36.99999999999989342, 3.000000000000000000, -13.00000000000000178 ) ) ;
#163 = CARTESIAN_POINT ( 'NONE',  ( 6.599999999999999645, 0.000000000000000000, 0.000000000000000000 ) ) ;
#164 = DIRECTION ( 'NONE',  ( 0.000000000000000000, 0.000000000000000000, -1.000000000000000000 ) ) ;
#165 = VERTEX_POINT ( 'NONE', #321 ) ;
#166 = DIRECTION ( 'NONE',  ( -0.000000000000000000, -0.000000000000000000, 1.000000000000000000 ) ) ;
#167 = ORIENTED_EDGE ( 'NONE', *, *, #1073, .F. ) ;
#168 = CARTESIAN_POINT ( 'NONE',  ( 23.40000000000000213, 6.500000000000000000, -4.000000000000000000 ) ) ;
#169 = PLANE ( 'NONE',  #1536 ) ;
#170 = DIRECTION ( 'NONE',  ( 0.000000000000000000, 0.000000000000000000, -1.000000000000000000 ) ) ;
#171 = CARTESIAN_POINT ( 'NONE',  ( 36.99999999999992895, 3.000000000000000000, -28.99999999999999645 ) ) ;
#172 = ORIENTED_EDGE ( 'NONE', *, *, #46, .T. ) ;
#173 = LINE ( 'NONE', #316, #1643 ) ;
#174 = EDGE_LOOP ( 'NONE', ( #1724, #1555, #900, #2 ) ) ;
#175 = DIRECTION ( 'NONE',  ( -0.000000000000000000, -1.000000000000000000, -0.000000000000000000 ) ) ;
#176 = EDGE_CURVE ( 'NONE', #982, #194, #1776, .T. ) ;
#177 = VECTOR ( 'NONE', #1014, 1000.000000000000000 ) ;
#178 = AXIS2_PLACEMENT_3D ( 'NONE', #1748, #458, #1117 ) ;
#179 = DIRECTION ( 'NONE',  ( 0.000000000000000000, 1.000000000000000000, 0.000000000000000000 ) ) ;
#180 = ADVANCED_FACE ( 'NONE', ( #1062 ), #1638, .F. ) ;
#181 = PLANE ( 'NONE',  #1244 ) ;
#182 = DIRECTION ( 'NONE',  ( -1.000000000000000000, 0.000000000000000000, -1.445602896647338917E-16 ) ) ;
#183 = ORIENTED_EDGE ( 'NONE', *, *, #1212, .T. ) ;
#184 = CARTESIAN_POINT ( 'NONE',  ( 38.00000000000000000, 0.000000000000000000, -6.999999999999999112 ) ) ;
#185 = ORIENTED_EDGE ( 'NONE', *, *, #609, .F. ) ;
#186 = EDGE_CURVE ( 'NONE', #1615, #763, #1194, .T. ) ;
#187 = DIRECTION ( 'NONE',  ( 0.000000000000000000, 0.000000000000000000, 1.000000000000000000 ) ) ;
#188 = VECTOR ( 'NONE', #170, 1000.000000000000000 ) ;
#189 = CARTESIAN_POINT ( 'NONE',  ( 36.60000000000000142, 0.000000000000000000, 0.000000000000000000 ) ) ;
#190 = AXIS2_PLACEMENT_3D ( 'NONE', #797, #1492, #1507 ) ;
#191 = AXIS2_PLACEMENT_3D ( 'NONE', #1838, #376, #991 ) ;
#192 = DIRECTION ( 'NONE',  ( 1.000000000000000000, 0.000000000000000000, -0.000000000000000000 ) ) ;
#193 = FILL_AREA_STYLE ('',( #1485 ) ) ;
#194 = VERTEX_POINT ( 'NONE', #479 ) ;
#195 = LINE ( 'NONE', #1505, #469 ) ;
#196 = ORIENTED_EDGE ( 'NONE', *, *, #659, .F. ) ;
#197 = CARTESIAN_POINT ( 'NONE',  ( 38.00000000000000000, 16.50000000000000000, -3.999999999999999112 ) ) ;
#198 = CARTESIAN_POINT ( 'NONE',  ( 34.00000000000003553, 2.999999999999999112, -16.00000000000000000 ) ) ;
#199 = DIRECTION ( 'NONE',  ( 0.000000000000000000, 0.000000000000000000, 1.000000000000000000 ) ) ;
#200 = DIRECTION ( 'NONE',  ( -1.000000000000000000, -0.000000000000000000, -0.000000000000000000 ) ) ;
#201 = EDGE_LOOP ( 'NONE', ( #1703, #353, #832, #1124 ) ) ;
#202 = EDGE_CURVE ( 'NONE', #1835, #780, #1647, .T. ) ;
#203 = DIRECTION ( 'NONE',  ( 0.000000000000000000, 0.000000000000000000, -1.000000000000000000 ) ) ;
#204 = ORIENTED_EDGE ( 'NONE', *, *, #859, .F. ) ;
#205 = PLANE ( 'NONE',  #336 ) ;
#206 = EDGE_CURVE ( 'NONE', #483, #614, #953, .T. ) ;
#207 = VERTEX_POINT ( 'NONE', #1511 ) ;
#208 = VECTOR ( 'NONE', #986, 1000.000000000000000 ) ;
#209 = LINE ( 'NONE', #189, #939 ) ;
#210 = DIRECTION ( 'NONE',  ( 1.000000000000000000, 0.000000000000000000, 0.000000000000000000 ) ) ;
#211 = ADVANCED_FACE ( 'NONE', ( #1805 ), #792, .F. ) ;
#212 = CARTESIAN_POINT ( 'NONE',  ( 30.99999999999989697, 3.000000000000000000, -13.00000000000000178 ) ) ;
#213 = CARTESIAN_POINT ( 'NONE',  ( 38.00000000000000000, 0.000000000000000000, -3.999999999999999112 ) ) ;
#214 = ORIENTED_EDGE ( 'NONE', *, *, #655, .T. ) ;
#215 = LINE ( 'NONE', #1634, #1156 ) ;
#216 = ORIENTED_EDGE ( 'NONE', *, *, #284, .T. ) ;
#217 =( LENGTH_UNIT ( ) NAMED_UNIT ( * ) SI_UNIT ( .MILLI., .METRE. ) );
#218 = ORIENTED_EDGE ( 'NONE', *, *, #323, .T. ) ;
#219 = PLANE ( 'NONE',  #1612 ) ;
#220 = VECTOR ( 'NONE', #1237, 1000.000000000000000 ) ;
#221 = DIRECTION ( 'NONE',  ( 1.000000000000000000, 0.000000000000000000, 0.000000000000000000 ) ) ;
#222 = AXIS2_PLACEMENT_3D ( 'NONE', #1762, #1800, #934 ) ;
#223 = VERTEX_POINT ( 'NONE', #1249 ) ;
#224 = CARTESIAN_POINT ( 'NONE',  ( 3.399999999999999911, 6.500000000000000000, 0.000000000000000000 ) ) ;
#225 = VERTEX_POINT ( 'NONE', #1677 ) ;
#226 = FACE_OUTER_BOUND ( 'NONE', #1538, .T. ) ;
#227 = EDGE_CURVE ( 'NONE', #946, #624, #1814, .T. ) ;
#228 = ORIENTED_EDGE ( 'NONE', *, *, #807, .F. ) ;
#229 = CARTESIAN_POINT ( 'NONE',  ( 30.99999999999989697, 3.000000000000000000, -13.00000000000000178 ) ) ;
#230 = DIRECTION ( 'NONE',  ( 1.000000000000000000, 0.000000000000000000, 0.000000000000000000 ) ) ;
#231 = CARTESIAN_POINT ( 'NONE',  ( 0.000000000000000000, 0.000000000000000000, -50.00000000000000000 ) ) ;
#232 = EDGE_CURVE ( 'NONE', #1029, #875, #657, .T. ) ;
#233 = VERTEX_POINT ( 'NONE', #1228 ) ;
#234 = CARTESIAN_POINT ( 'NONE',  ( 8.000000000000000000, 16.50000000000000000, -3.999999999999999112 ) ) ;
#235 = DIRECTION ( 'NONE',  ( -0.000000000000000000, -1.000000000000000000, -0.000000000000000000 ) ) ;
#236 = ORIENTED_EDGE ( 'NONE', *, *, #1825, .F. ) ;
#237 = ORIENTED_EDGE ( 'NONE', *, *, #46, .F. ) ;
#238 = LINE ( 'NONE', #951, #996 ) ;
#239 = CARTESIAN_POINT ( 'NONE',  ( 33.99999999999996447, -5.000000000000000888, -34.40000000000000568 ) ) ;
#240 = LINE ( 'NONE', #1089, #356 ) ;
#241 = EDGE_CURVE ( 'NONE', #780, #1581, #100, .T. ) ;
#242 = AXIS2_PLACEMENT_3D ( 'NONE', #1238, #1110, #1407 ) ;
#243 = VERTEX_POINT ( 'NONE', #1796 ) ;
#244 = CYLINDRICAL_SURFACE ( 'NONE', #1342, 1.599999999999997202 ) ;
#245 = DIRECTION ( 'NONE',  ( -0.000000000000000000, -1.000000000000000000, -0.000000000000000000 ) ) ;
#246 = ORIENTED_EDGE ( 'NONE', *, *, #1543, .T. ) ;
#247 = EDGE_CURVE ( 'NONE', #1581, #763, #398, .T. ) ;
#248 = ORIENTED_EDGE ( 'NONE', *, *, #1131, .F. ) ;
#249 = FACE_OUTER_BOUND ( 'NONE', #1002, .T. ) ;
#250 = CARTESIAN_POINT ( 'NONE',  ( 33.39999999999999858, 6.500000000000000000, 0.000000000000000000 ) ) ;
#251 = LINE ( 'NONE', #831, #723 ) ;
#252 = VECTOR ( 'NONE', #1726, 1000.000000000000000 ) ;
#253 = EDGE_LOOP ( 'NONE', ( #1246, #856, #895, #1409, #1021, #1438, #1348, #1623, #878, #1473, #204, #296, #1631, #822, #1510, #1753, #552, #1539, #1353, #421 ) ) ;
#254 = CARTESIAN_POINT ( 'NONE',  ( 33.39999999999999858, 6.500000000000000000, -4.000000000000000000 ) ) ;
#255 = VECTOR ( 'NONE', #519, 1000.000000000000000 ) ;
#256 = EDGE_CURVE ( 'NONE', #1817, #476, #678, .T. ) ;
#257 = CARTESIAN_POINT ( 'NONE',  ( 40.00000000000000000, 8.000000000000000000, 0.000000000000000000 ) ) ;
#258 = ORIENTED_EDGE ( 'NONE', *, *, #1100, .T. ) ;
#259 = SHAPE_DEFINITION_REPRESENTATION ( #1816, #5 ) ;
#260 = CARTESIAN_POINT ( 'NONE',  ( 36.99999999999992895, 3.000000000000000000, -23.00000000000000000 ) ) ;
#261 = EDGE_LOOP ( 'NONE', ( #1633, #993, #1644, #23 ) ) ;
#262 = DIRECTION ( 'NONE',  ( 0.000000000000000000, -1.000000000000000000, 0.000000000000000000 ) ) ;
#263 = EDGE_CURVE ( 'NONE', #966, #617, #1544, .T. ) ;
#264 = DIRECTION ( 'NONE',  ( -0.000000000000000000, -1.000000000000000000, -0.000000000000000000 ) ) ;
#265 = EDGE_CURVE ( 'NONE', #1103, #560, #89, .T. ) ;
#266 = ORIENTED_EDGE ( 'NONE', *, *, #871, .T. ) ;
#267 = EDGE_CURVE ( 'NONE', #1162, #441, #535, .T. ) ;
#268 = LINE ( 'NONE', #448, #1204 ) ;
#269 = EDGE_CURVE ( 'NONE', #1763, #93, #669, .T. ) ;
#270 = CARTESIAN_POINT ( 'NONE',  ( 38.00000000000000000, 0.000000000000000000, -3.999999999999999112 ) ) ;
#271 = LINE ( 'NONE', #844, #821 ) ;
#272 = EDGE_LOOP ( 'NONE', ( #216, #955, #1813, #533 ) ) ;
#273 = LINE ( 'NONE', #815, #1789 ) ;
#274 = ORIENTED_EDGE ( 'NONE', *, *, #41, .F. ) ;
#275 = CARTESIAN_POINT ( 'NONE',  ( 3.400000000000000355, 0.000000000000000000, -4.000000000000000000 ) ) ;
#276 = CARTESIAN_POINT ( 'NONE',  ( 28.00000000000000000, 16.50000000000000000, -3.999999999999999112 ) ) ;
#277 = CARTESIAN_POINT ( 'NONE',  ( 23.40000000000000213, 6.500000000000000000, 0.000000000000000000 ) ) ;
#278 = ORIENTED_EDGE ( 'NONE', *, *, #1272, .F. ) ;
#279 = DIRECTION ( 'NONE',  ( 1.000000000000000000, -0.000000000000000000, 0.000000000000000000 ) ) ;
#280 = VECTOR ( 'NONE', #1081, 1000.000000000000000 ) ;
#281 = ORIENTED_EDGE ( 'NONE', *, *, #1265, .F. ) ;
#282 = CARTESIAN_POINT ( 'NONE',  ( 23.40000000000000213, 6.500000000000000000, 0.000000000000000000 ) ) ;
#283 = VECTOR ( 'NONE', #419, 1000.000000000000000 ) ;
#284 = EDGE_CURVE ( 'NONE', #785, #548, #1257, .T. ) ;
#285 = CARTESIAN_POINT ( 'NONE',  ( 8.000000000000000000, 8.000000000000000000, -3.999999999999999112 ) ) ;
#286 = EDGE_LOOP ( 'NONE', ( #967, #396, #274, #1085 ) ) ;
#287 = CARTESIAN_POINT ( 'NONE',  ( 38.00000000000000000, 16.50000000000000000, -3.999999999999999112 ) ) ;
#288 = ORIENTED_EDGE ( 'NONE', *, *, #1263, .T. ) ;
#289 = EDGE_CURVE ( 'NONE', #1699, #1374, #1833, .T. ) ;
#290 = PLANE ( 'NONE',  #1613 ) ;
#291 = ORIENTED_EDGE ( 'NONE', *, *, #1323, .T. ) ;
#292 = CARTESIAN_POINT ( 'NONE',  ( 33.99999999999996447, 8.000000000000000000, -34.40000000000000568 ) ) ;
#293 = DIRECTION ( 'NONE',  ( -1.000000000000000000, 0.000000000000000000, -2.891205793294679312E-16 ) ) ;
#294 = ORIENTED_EDGE ( 'NONE', *, *, #1761, .T. ) ;
#295 = CARTESIAN_POINT ( 'NONE',  ( 13.40000000000000036, 0.000000000000000000, 0.000000000000000000 ) ) ;
#296 = ORIENTED_EDGE ( 'NONE', *, *, #1073, .T. ) ;
#297 = DIRECTION ( 'NONE',  ( 0.000000000000000000, 1.000000000000000000, 0.000000000000000000 ) ) ;
#298 = ORIENTED_EDGE ( 'NONE', *, *, #520, .F. ) ;
#299 = CIRCLE ( 'NONE', #1474, 1.599999999999997202 ) ;
#300 = CARTESIAN_POINT ( 'NONE',  ( 33.99999999999996447, -5.000000000000000888, -37.60000000000000142 ) ) ;
#301 = CARTESIAN_POINT ( 'NONE',  ( 28.00000000000000000, 0.000000000000000000, -6.999999999999999112 ) ) ;
#302 = ORIENTED_EDGE ( 'NONE', *, *, #337, .F. ) ;
#303 = CARTESIAN_POINT ( 'NONE',  ( 28.00000000000000000, 16.50000000000000000, -3.999999999999999112 ) ) ;
#304 = DIRECTION ( 'NONE',  ( 1.000000000000000000, 0.000000000000000000, 1.445602896647339656E-16 ) ) ;
#305 = ORIENTED_EDGE ( 'NONE', *, *, #329, .T. ) ;
#306 = DIRECTION ( 'NONE',  ( -1.000000000000000000, 0.000000000000000000, -0.000000000000000000 ) ) ;
#307 = ORIENTED_EDGE ( 'NONE', *, *, #329, .F. ) ;
#308 = VECTOR ( 'NONE', #110, 1000.000000000000000 ) ;
#309 = CARTESIAN_POINT ( 'NONE',  ( 34.00000000000003553, -5.000000000000000888, -16.00000000000000000 ) ) ;
#310 = VECTOR ( 'NONE', #1404, 1000.000000000000000 ) ;
#311 = PLANE ( 'NONE',  #178 ) ;
#312 = DIRECTION ( 'NONE',  ( 0.000000000000000000, 0.000000000000000000, -1.000000000000000000 ) ) ;
#313 = DIRECTION ( 'NONE',  ( -0.000000000000000000, 1.000000000000000000, -0.000000000000000000 ) ) ;
#314 = VERTEX_POINT ( 'NONE', #1109 ) ;
#315 = ADVANCED_FACE ( 'NONE', ( #1221 ), #219, .F. ) ;
#316 = CARTESIAN_POINT ( 'NONE',  ( 38.00000000000000000, 8.000000000000000000, 0.000000000000000000 ) ) ;
#317 = ORIENTED_EDGE ( 'NONE', *, *, #1858, .F. ) ;
#318 = DIRECTION ( 'NONE',  ( -0.000000000000000000, -0.000000000000000000, 1.000000000000000000 ) ) ;
#319 = ADVANCED_FACE ( 'NONE', ( #515 ), #1666, .F. ) ;
#320 = CARTESIAN_POINT ( 'NONE',  ( 8.000000000000000000, 0.000000000000000000, -3.999999999999999112 ) ) ;
#321 = CARTESIAN_POINT ( 'NONE',  ( 34.00000000000000000, 8.000000000000000000, -27.59999999999999787 ) ) ;
#322 = ORIENTED_EDGE ( 'NONE', *, *, #438, .T. ) ;
#323 = EDGE_CURVE ( 'NONE', #1291, #813, #1693, .T. ) ;
#324 = DIRECTION ( 'NONE',  ( 0.000000000000000000, 0.000000000000000000, -1.000000000000000000 ) ) ;
#325 = EDGE_LOOP ( 'NONE', ( #664, #167, #1055, #1540 ) ) ;
#326 = CARTESIAN_POINT ( 'NONE',  ( 13.40000000000000036, 6.500000000000000000, 0.000000000000000000 ) ) ;
#327 = CIRCLE ( 'NONE', #905, 1.599999999999997202 ) ;
#328 = DIRECTION ( 'NONE',  ( 0.000000000000000000, 0.000000000000000000, 1.000000000000000000 ) ) ;
#329 = EDGE_CURVE ( 'NONE', #595, #233, #1003, .T. ) ;
#330 = DIRECTION ( 'NONE',  ( 0.000000000000000000, 0.000000000000000000, -1.000000000000000000 ) ) ;
#331 = CARTESIAN_POINT ( 'NONE',  ( 18.00000000000000355, 0.000000000000000000, -6.999999999999999112 ) ) ;
#332 = ORIENTED_EDGE ( 'NONE', *, *, #739, .F. ) ;
#333 = PLANE ( 'NONE',  #1518 ) ;
#334 = VERTEX_POINT ( 'NONE', #943 ) ;
#335 = CARTESIAN_POINT ( 'NONE',  ( 26.59999999999999787, 6.500000000000000000, 0.000000000000000000 ) ) ;
#336 = AXIS2_PLACEMENT_3D ( 'NONE', #788, #949, #1361 ) ;
#337 = EDGE_CURVE ( 'NONE', #1364, #1455, #590, .T. ) ;
#338 = CARTESIAN_POINT ( 'NONE',  ( 34.00000000000000000, 2.999999999999999112, -24.40000000000000568 ) ) ;
#339 = VECTOR ( 'NONE', #86, 1000.000000000000000 ) ;
#340 = AXIS2_PLACEMENT_3D ( 'NONE', #1556, #262, #838 ) ;
#341 = CARTESIAN_POINT ( 'NONE',  ( 22.00000000000000000, 16.50000000000000000, -4.000000000000000000 ) ) ;
#342 =( NAMED_UNIT ( * ) SI_UNIT ( $, .STERADIAN. ) SOLID_ANGLE_UNIT ( ) );
#343 = ORIENTED_EDGE ( 'NONE', *, *, #51, .F. ) ;
#344 = LINE ( 'NONE', #1359, #1757 ) ;
#345 = EDGE_LOOP ( 'NONE', ( #246, #773, #1525, #845 ) ) ;
#346 = EDGE_CURVE ( 'NONE', #582, #1283, #1042, .T. ) ;
#347 = DIRECTION ( 'NONE',  ( 1.000000000000000000, -0.000000000000000000, 8.673617379884037444E-16 ) ) ;
#348 = DIRECTION ( 'NONE',  ( -0.000000000000000000, -0.000000000000000000, 1.000000000000000000 ) ) ;
#349 = DIRECTION ( 'NONE',  ( 1.000000000000000000, 0.000000000000000000, 2.891205793294678326E-16 ) ) ;
#350 = DIRECTION ( 'NONE',  ( -1.000000000000000000, 0.000000000000000000, -1.445602896647338917E-16 ) ) ;
#351 = ORIENTED_EDGE ( 'NONE', *, *, #1422, .T. ) ;
#352 = LINE ( 'NONE', #213, #1189 ) ;
#353 = ORIENTED_EDGE ( 'NONE', *, *, #401, .T. ) ;
#354 = DIRECTION ( 'NONE',  ( -0.000000000000000000, -1.000000000000000000, -0.000000000000000000 ) ) ;
#355 = ORIENTED_EDGE ( 'NONE', *, *, #1301, .T. ) ;
#356 = VECTOR ( 'NONE', #536, 1000.000000000000000 ) ;
#357 = FACE_OUTER_BOUND ( 'NONE', #156, .T. ) ;
#358 = ORIENTED_EDGE ( 'NONE', *, *, #57, .T. ) ;
#359 = AXIS2_PLACEMENT_3D ( 'NONE', #978, #523, #1531 ) ;
#360 = DIRECTION ( 'NONE',  ( 0.000000000000000000, 0.000000000000000000, -1.000000000000000000 ) ) ;
#361 = CARTESIAN_POINT ( 'NONE',  ( 2.000000000000000000, 8.000000000000000000, 0.000000000000000000 ) ) ;
#362 = ORIENTED_EDGE ( 'NONE', *, *, #88, .F. ) ;
#363 = DIRECTION ( 'NONE',  ( -1.000000000000000000, 0.000000000000000000, 0.000000000000000000 ) ) ;
#364 = ORIENTED_EDGE ( 'NONE', *, *, #70, .F. ) ;
#365 = ADVANCED_FACE ( 'NONE', ( #10 ), #727, .F. ) ;
#366 = FACE_BOUND ( 'NONE', #1074, .T. ) ;
#367 = CARTESIAN_POINT ( 'NONE',  ( 22.00000000000000000, 16.50000000000000000, -7.000000000000000888 ) ) ;
#368 = CARTESIAN_POINT ( 'NONE',  ( 34.00000000000003553, -5.000000000000000888, -14.40000000000000213 ) ) ;
#369 = VECTOR ( 'NONE', #318, 1000.000000000000000 ) ;
#370 = CARTESIAN_POINT ( 'NONE',  ( 0.000000000000000000, 3.000000000000000000, 0.000000000000000000 ) ) ;
#371 = AXIS2_PLACEMENT_3D ( 'NONE', #277, #1853, #15 ) ;
#372 = AXIS2_PLACEMENT_3D ( 'NONE', #1770, #1341, #784 ) ;
#373 = ORIENTED_EDGE ( 'NONE', *, *, #1604, .F. ) ;
#374 = CARTESIAN_POINT ( 'NONE',  ( 6.600000000000001421, 6.500000000000000000, -4.000000000000000000 ) ) ;
#375 = EDGE_CURVE ( 'NONE', #1330, #1418, #1332, .T. ) ;
#376 = DIRECTION ( 'NONE',  ( 1.000000000000000000, -0.000000000000000000, 0.000000000000000000 ) ) ;
#377 = ORIENTED_EDGE ( 'NONE', *, *, #29, .T. ) ;
#378 = EDGE_CURVE ( 'NONE', #1170, #165, #1303, .T. ) ;
#379 = ORIENTED_EDGE ( 'NONE', *, *, #459, .T. ) ;
#380 = DIRECTION ( 'NONE',  ( 1.000000000000000000, -0.000000000000000000, 0.000000000000000000 ) ) ;
#381 = DIRECTION ( 'NONE',  ( -0.000000000000000000, 1.000000000000000000, -0.000000000000000000 ) ) ;
#382 = FACE_OUTER_BOUND ( 'NONE', #64, .T. ) ;
#383 = ORIENTED_EDGE ( 'NONE', *, *, #859, .T. ) ;
#384 = FACE_OUTER_BOUND ( 'NONE', #1140, .T. ) ;
#385 = EDGE_CURVE ( 'NONE', #243, #1405, #447, .T. ) ;
#386 = CARTESIAN_POINT ( 'NONE',  ( 6.600000000000001421, 0.000000000000000000, -3.999999999999999112 ) ) ;
#387 = ORIENTED_EDGE ( 'NONE', *, *, #1719, .F. ) ;
#388 = ORIENTED_EDGE ( 'NONE', *, *, #1761, .F. ) ;
#389 = PLANE ( 'NONE',  #456 ) ;
#390 = DIRECTION ( 'NONE',  ( 1.000000000000000000, 0.000000000000000000, 0.000000000000000000 ) ) ;
#391 = DIRECTION ( 'NONE',  ( 0.000000000000000000, 0.000000000000000000, -1.000000000000000000 ) ) ;
#392 = AXIS2_PLACEMENT_3D ( 'NONE', #1588, #869, #729 ) ;
#393 = ORIENTED_EDGE ( 'NONE', *, *, #760, .T. ) ;
#394 = FACE_OUTER_BOUND ( 'NONE', #608, .T. ) ;
#395 = FACE_OUTER_BOUND ( 'NONE', #174, .T. ) ;
#396 = ORIENTED_EDGE ( 'NONE', *, *, #423, .T. ) ;
#397 = EDGE_CURVE ( 'NONE', #1445, #56, #598, .T. ) ;
#398 = LINE ( 'NONE', #970, #280 ) ;
#399 = LINE ( 'NONE', #231, #120 ) ;
#400 = AXIS2_PLACEMENT_3D ( 'NONE', #197, #928, #1663 ) ;
#401 = EDGE_CURVE ( 'NONE', #1343, #972, #610, .T. ) ;
#402 = ORIENTED_EDGE ( 'NONE', *, *, #1626, .T. ) ;
#403 = PLANE ( 'NONE',  #340 ) ;
#404 = AXIS2_PLACEMENT_3D ( 'NONE', #148, #1584, #1439 ) ;
#405 = PLANE ( 'NONE',  #436 ) ;
#406 = ADVANCED_FACE ( 'NONE', ( #1764 ), #879, .F. ) ;
#407 = EDGE_LOOP ( 'NONE', ( #1395, #1083, #650, #1621 ) ) ;
#408 = ADVANCED_FACE ( 'NONE', ( #1433 ), #718, .F. ) ;
#409 = CARTESIAN_POINT ( 'NONE',  ( 16.60000000000000142, 0.000000000000000000, 0.000000000000000000 ) ) ;
#410 = ORIENTED_EDGE ( 'NONE', *, *, #445, .T. ) ;
#411 = PLANE ( 'NONE',  #677 ) ;
#412 = DIRECTION ( 'NONE',  ( -1.000000000000000000, -0.000000000000000000, -0.000000000000000000 ) ) ;
#413 = ORIENTED_EDGE ( 'NONE', *, *, #1563, .F. ) ;
#414 = LINE ( 'NONE', #1673, #1552 ) ;
#415 = ORIENTED_EDGE ( 'NONE', *, *, #1637, .F. ) ;
#416 = LINE ( 'NONE', #1313, #27 ) ;
#417 = EDGE_LOOP ( 'NONE', ( #671, #1591, #1383, #1206 ) ) ;
#418 = DIRECTION ( 'NONE',  ( 1.000000000000000000, 0.000000000000000000, 1.445602896647338917E-16 ) ) ;
#419 = DIRECTION ( 'NONE',  ( -0.000000000000000000, -1.000000000000000000, -0.000000000000000000 ) ) ;
#420 = AXIS2_PLACEMENT_3D ( 'NONE', #198, #1043, #1322 ) ;
#421 = ORIENTED_EDGE ( 'NONE', *, *, #1077, .T. ) ;
#422 = PRODUCT_DEFINITION_FORMATION_WITH_SPECIFIED_SOURCE ( 'ä»', '', #852, .NOT_KNOWN. ) ;
#423 = EDGE_CURVE ( 'NONE', #1432, #674, #143, .T. ) ;
#424 = DIRECTION ( 'NONE',  ( 0.000000000000000000, 0.000000000000000000, -1.000000000000000000 ) ) ;
#425 = EDGE_LOOP ( 'NONE', ( #1603, #80 ) ) ;
#426 = UNCERTAINTY_MEASURE_WITH_UNIT (LENGTH_MEASURE( 1.000000000000000082E-05 ), #473, 'distance_accuracy_value', 'NONE');
#427 = CARTESIAN_POINT ( 'NONE',  ( 3.399999999999999911, 0.000000000000000000, 0.000000000000000000 ) ) ;
#428 = EDGE_CURVE ( 'NONE', #1412, #452, #1587, .T. ) ;
#429 = LINE ( 'NONE', #1007, #1035 ) ;
#430 = FACE_OUTER_BOUND ( 'NONE', #634, .T. ) ;
#431 = ORIENTED_EDGE ( 'NONE', *, *, #152, .T. ) ;
#432 = LINE ( 'NONE', #1143, #135 ) ;
#433 = AXIS2_PLACEMENT_3D ( 'NONE', #1523, #811, #1399 ) ;
#434 = ORIENTED_EDGE ( 'NONE', *, *, #787, .T. ) ;
#435 = AXIS2_PLACEMENT_3D ( 'NONE', #287, #1008, #304 ) ;
#436 = AXIS2_PLACEMENT_3D ( 'NONE', #976, #1135, #1254 ) ;
#437 = DIRECTION ( 'NONE',  ( -0.000000000000000000, -1.000000000000000000, -0.000000000000000000 ) ) ;
#438 = EDGE_CURVE ( 'NONE', #1568, #1236, #738, .T. ) ;
#439 = CARTESIAN_POINT ( 'NONE',  ( 13.40000000000000036, 6.500000000000000000, -4.000000000000000000 ) ) ;
#440 = ORIENTED_EDGE ( 'NONE', *, *, #1458, .T. ) ;
#441 = VERTEX_POINT ( 'NONE', #292 ) ;
#442 = LINE ( 'NONE', #1710, #283 ) ;
#443 = ORIENTED_EDGE ( 'NONE', *, *, #1242, .F. ) ;
#444 = FACE_BOUND ( 'NONE', #1000, .T. ) ;
#445 = EDGE_CURVE ( 'NONE', #334, #1751, #758, .T. ) ;
#446 = ORIENTED_EDGE ( 'NONE', *, *, #944, .F. ) ;
#447 = LINE ( 'NONE', #1022, #1487 ) ;
#448 = CARTESIAN_POINT ( 'NONE',  ( 30.99999999999992895, 0.000000000000000000, -23.00000000000000000 ) ) ;
#449 = ORIENTED_EDGE ( 'NONE', *, *, #688, .T. ) ;
#450 = LINE ( 'NONE', #1569, #1609 ) ;
#451 = DIRECTION ( 'NONE',  ( -0.000000000000000000, -1.000000000000000000, -0.000000000000000000 ) ) ;
#452 = VERTEX_POINT ( 'NONE', #457 ) ;
#453 = AXIS2_PLACEMENT_3D ( 'NONE', #212, #1759, #752 ) ;
#454 = FACE_OUTER_BOUND ( 'NONE', #253, .T. ) ;
#455 = ORIENTED_EDGE ( 'NONE', *, *, #96, .T. ) ;
#456 = AXIS2_PLACEMENT_3D ( 'NONE', #1795, #380, #1247 ) ;
#457 = CARTESIAN_POINT ( 'NONE',  ( 36.99999999999992895, -0.000000000000000000, -23.00000000000000000 ) ) ;
#458 = DIRECTION ( 'NONE',  ( -0.000000000000000000, 1.000000000000000000, 0.000000000000000000 ) ) ;
#459 = EDGE_CURVE ( 'NONE', #116, #1262, #891, .T. ) ;
#460 = CARTESIAN_POINT ( 'NONE',  ( 33.39999999999999858, 0.000000000000000000, 0.000000000000000000 ) ) ;
#461 = DIRECTION ( 'NONE',  ( 0.000000000000000000, 0.000000000000000000, -1.000000000000000000 ) ) ;
#462 = ORIENTED_EDGE ( 'NONE', *, *, #247, .T. ) ;
#463 = ADVANCED_FACE ( 'NONE', ( #1320 ), #1866, .F. ) ;
#464 = CARTESIAN_POINT ( 'NONE',  ( 30.99999999999996447, 0.000000000000000000, -33.00000000000000000 ) ) ;
#465 = VERTEX_POINT ( 'NONE', #36 ) ;
#466 = ORIENTED_EDGE ( 'NONE', *, *, #912, .T. ) ;
#467 = AXIS2_PLACEMENT_3D ( 'NONE', #868, #898, #1292 ) ;
#468 = DIRECTION ( 'NONE',  ( 8.673617379884037444E-16, 0.000000000000000000, -1.000000000000000000 ) ) ;
#469 = VECTOR ( 'NONE', #643, 1000.000000000000000 ) ;
#470 = CARTESIAN_POINT ( 'NONE',  ( 26.59999999999999787, 6.500000000000000000, 0.000000000000000000 ) ) ;
#471 = EDGE_CURVE ( 'NONE', #1018, #1583, #861, .T. ) ;
#472 = LINE ( 'NONE', #632, #1126 ) ;
#473 =( LENGTH_UNIT ( ) NAMED_UNIT ( * ) SI_UNIT ( .MILLI., .METRE. ) );
#474 = ORIENTED_EDGE ( 'NONE', *, *, #1056, .F. ) ;
#475 = DIRECTION ( 'NONE',  ( -1.000000000000000000, -0.000000000000000000, -0.000000000000000000 ) ) ;
#476 = VERTEX_POINT ( 'NONE', #1191 ) ;
#477 = CARTESIAN_POINT ( 'NONE',  ( 30.99999999999992895, 3.000000000000000000, -23.00000000000000000 ) ) ;
#478 = CARTESIAN_POINT ( 'NONE',  ( 30.99999999999992895, 0.000000000000000000, -28.99999999999999645 ) ) ;
#479 = CARTESIAN_POINT ( 'NONE',  ( 12.00000000000000000, 0.000000000000000000, -4.000000000000000000 ) ) ;
#480 = CARTESIAN_POINT ( 'NONE',  ( 36.60000000000000142, 6.500000000000000000, -4.000000000000000000 ) ) ;
#481 = VERTEX_POINT ( 'NONE', #282 ) ;
#482 = LINE ( 'NONE', #775, #1276 ) ;
#483 = VERTEX_POINT ( 'NONE', #645 ) ;
#484 = PLANE ( 'NONE',  #190 ) ;
#485 = VECTOR ( 'NONE', #1295, 1000.000000000000000 ) ;
#486 = CARTESIAN_POINT ( 'NONE',  ( 36.60000000000000142, 6.500000000000000000, 0.000000000000000000 ) ) ;
#487 = ORIENTED_EDGE ( 'NONE', *, *, #1079, .F. ) ;
#488 = DIRECTION ( 'NONE',  ( -0.000000000000000000, 1.000000000000000000, 0.000000000000000000 ) ) ;
#489 = DIRECTION ( 'NONE',  ( -0.000000000000000000, -1.000000000000000000, -0.000000000000000000 ) ) ;
#490 = EDGE_CURVE ( 'NONE', #194, #1783, #1803, .T. ) ;
#491 = ORIENTED_EDGE ( 'NONE', *, *, #1056, .T. ) ;
#492 = LINE ( 'NONE', #1065, #921 ) ;
#493 = ORIENTED_EDGE ( 'NONE', *, *, #269, .F. ) ;
#494 = DIRECTION ( 'NONE',  ( 1.000000000000000000, 0.000000000000000000, 0.000000000000000000 ) ) ;
#495 = AXIS2_PLACEMENT_3D ( 'NONE', #629, #1481, #187 ) ;
#496 = ORIENTED_EDGE ( 'NONE', *, *, #337, .T. ) ;
#497 = FACE_OUTER_BOUND ( 'NONE', #1486, .T. ) ;
#498 = VECTOR ( 'NONE', #956, 1000.000000000000000 ) ;
#499 = CARTESIAN_POINT ( 'NONE',  ( 30.99999999999989697, 3.000000000000000000, -13.00000000000000178 ) ) ;
#500 = DIRECTION ( 'NONE',  ( -0.000000000000000000, -1.000000000000000000, -0.000000000000000000 ) ) ;
#501 = ORIENTED_EDGE ( 'NONE', *, *, #1543, .F. ) ;
#502 = PLANE ( 'NONE',  #222 ) ;
#503 = ORIENTED_EDGE ( 'NONE', *, *, #1662, .F. ) ;
#504 = FACE_OUTER_BOUND ( 'NONE', #694, .T. ) ;
#505 = ORIENTED_EDGE ( 'NONE', *, *, #1611, .T. ) ;
#506 = ORIENTED_EDGE ( 'NONE', *, *, #1435, .F. ) ;
#507 = DIRECTION ( 'NONE',  ( -1.000000000000000000, 0.000000000000000000, 0.000000000000000000 ) ) ;
#508 = PRESENTATION_STYLE_ASSIGNMENT (( #772 ) ) ;
#509 = ORIENTED_EDGE ( 'NONE', *, *, #1406, .F. ) ;
#510 = FACE_OUTER_BOUND ( 'NONE', #1401, .T. ) ;
#511 = ORIENTED_EDGE ( 'NONE', *, *, #1798, .T. ) ;
#512 = DIRECTION ( 'NONE',  ( 8.673617379884037444E-16, 0.000000000000000000, -1.000000000000000000 ) ) ;
#513 = CIRCLE ( 'NONE', #1807, 1.599999999999997202 ) ;
#514 = VECTOR ( 'NONE', #1774, 1000.000000000000000 ) ;
#515 = FACE_OUTER_BOUND ( 'NONE', #1490, .T. ) ;
#516 = DIRECTION ( 'NONE',  ( -1.000000000000000000, 0.000000000000000000, -1.445602896647339656E-16 ) ) ;
#517 = ADVANCED_FACE ( 'NONE', ( #226, #808 ), #484, .T. ) ;
#518 = ORIENTED_EDGE ( 'NONE', *, *, #871, .F. ) ;
#519 = DIRECTION ( 'NONE',  ( 1.000000000000000000, 0.000000000000000000, 2.891205793294679312E-16 ) ) ;
#520 = EDGE_CURVE ( 'NONE', #1503, #18, #1050, .T. ) ;
#521 = DIRECTION ( 'NONE',  ( 1.000000000000000000, 0.000000000000000000, 2.891205793294677833E-16 ) ) ;
#522 = ORIENTED_EDGE ( 'NONE', *, *, #1585, .F. ) ;
#523 = DIRECTION ( 'NONE',  ( 0.000000000000000000, 0.000000000000000000, 1.000000000000000000 ) ) ;
#524 = VECTOR ( 'NONE', #1758, 1000.000000000000000 ) ;
#525 = CARTESIAN_POINT ( 'NONE',  ( 0.000000000000000000, 8.000000000000000000, -50.00000000000000000 ) ) ;
#526 = EDGE_CURVE ( 'NONE', #666, #1763, #654, .T. ) ;
#527 = CIRCLE ( 'NONE', #1698, 1.599999999999997202 ) ;
#528 = DIRECTION ( 'NONE',  ( 0.000000000000000000, 0.000000000000000000, 1.000000000000000000 ) ) ;
#529 = VECTOR ( 'NONE', #1104, 1000.000000000000000 ) ;
#530 = ORIENTED_EDGE ( 'NONE', *, *, #1113, .F. ) ;
#531 = PLANE ( 'NONE',  #1099 ) ;
#532 = CARTESIAN_POINT ( 'NONE',  ( 6.599999999999999645, 6.500000000000000000, 0.000000000000000000 ) ) ;
#533 = ORIENTED_EDGE ( 'NONE', *, *, #944, .T. ) ;
#534 = ADVANCED_FACE ( 'NONE', ( #1625 ), #1351, .F. ) ;
#535 = LINE ( 'NONE', #239, #1846 ) ;
#536 = DIRECTION ( 'NONE',  ( -1.000000000000000000, 0.000000000000000000, -1.445602896647338917E-16 ) ) ;
#537 = ORIENTED_EDGE ( 'NONE', *, *, #124, .F. ) ;
#538 = LINE ( 'NONE', #1112, #681 ) ;
#539 = CARTESIAN_POINT ( 'NONE',  ( 18.00000000000000355, 8.000000000000000000, 0.000000000000000000 ) ) ;
#540 = ORIENTED_EDGE ( 'NONE', *, *, #1765, .T. ) ;
#541 = EDGE_CURVE ( 'NONE', #1562, #223, #1782, .T. ) ;
#542 = DIRECTION ( 'NONE',  ( 1.000000000000000000, -0.000000000000000000, 4.336808689942018722E-16 ) ) ;
#543 = AXIS2_PLACEMENT_3D ( 'NONE', #370, #1524, #812 ) ;
#544 = DIRECTION ( 'NONE',  ( -0.000000000000000000, 1.000000000000000000, -0.000000000000000000 ) ) ;
#545 = CARTESIAN_POINT ( 'NONE',  ( 30.99999999999992895, 3.000000000000000000, -23.00000000000000000 ) ) ;
#546 = VECTOR ( 'NONE', #144, 1000.000000000000000 ) ;
#547 = ADVANCED_FACE ( 'NONE', ( #1087 ), #1645, .F. ) ;
#548 = VERTEX_POINT ( 'NONE', #326 ) ;
#549 = VECTOR ( 'NONE', #28, 1000.000000000000000 ) ;
#550 = DIRECTION ( 'NONE',  ( 0.000000000000000000, 0.000000000000000000, -1.000000000000000000 ) ) ;
#551 = LINE ( 'NONE', #957, #310 ) ;
#552 = ORIENTED_EDGE ( 'NONE', *, *, #1527, .T. ) ;
#553 = CARTESIAN_POINT ( 'NONE',  ( 18.00000000000000355, 16.50000000000000000, -3.999999999999999112 ) ) ;
#554 = VECTOR ( 'NONE', #829, 1000.000000000000000 ) ;
#555 = ORIENTED_EDGE ( 'NONE', *, *, #1265, .T. ) ;
#556 = FACE_OUTER_BOUND ( 'NONE', #1299, .T. ) ;
#557 = ORIENTED_EDGE ( 'NONE', *, *, #1685, .F. ) ;
#558 = VECTOR ( 'NONE', #834, 1000.000000000000000 ) ;
#559 = CARTESIAN_POINT ( 'NONE',  ( 38.00000000000000000, 8.000000000000000000, -6.999999999999999112 ) ) ;
#560 = VERTEX_POINT ( 'NONE', #1792 ) ;
#561 = CARTESIAN_POINT ( 'NONE',  ( 23.40000000000000213, 6.500000000000000000, -4.000000000000000000 ) ) ;
#562 = ADVANCED_FACE ( 'NONE', ( #504 ), #938, .F. ) ;
#563 = LINE ( 'NONE', #163, #1725 ) ;
#564 = PLANE ( 'NONE',  #1275 ) ;
#565 = ORIENTED_EDGE ( 'NONE', *, *, #186, .F. ) ;
#566 = DIRECTION ( 'NONE',  ( 0.000000000000000000, 0.000000000000000000, 1.000000000000000000 ) ) ;
#567 = VERTEX_POINT ( 'NONE', #1376 ) ;
#568 = EDGE_CURVE ( 'NONE', #624, #67, #215, .T. ) ;
#569 = CARTESIAN_POINT ( 'NONE',  ( 33.99999999999996447, 8.000000000000000000, -36.00000000000000711 ) ) ;
#570 = ORIENTED_EDGE ( 'NONE', *, *, #241, .F. ) ;
#571 = CARTESIAN_POINT ( 'NONE',  ( 34.00000000000000000, 2.999999999999999112, -27.59999999999999787 ) ) ;
#572 = EDGE_CURVE ( 'NONE', #1262, #1734, #1233, .T. ) ;
#573 = COLOUR_RGB ( '',0.7921568627450980005, 0.8196078431372548767, 0.9333333333333333481 ) ;
#574 = ORIENTED_EDGE ( 'NONE', *, *, #1242, .T. ) ;
#575 = DIRECTION ( 'NONE',  ( 0.000000000000000000, 0.000000000000000000, -1.000000000000000000 ) ) ;
#576 = EDGE_CURVE ( 'NONE', #628, #737, #1499, .T. ) ;
#577 = ORIENTED_EDGE ( 'NONE', *, *, #13, .T. ) ;
#578 = VECTOR ( 'NONE', #1167, 1000.000000000000000 ) ;
#579 = DIRECTION ( 'NONE',  ( 1.000000000000000000, 0.000000000000000000, 2.891205793294677833E-16 ) ) ;
#580 = PLANE ( 'NONE',  #392 ) ;
#581 = ADVANCED_FACE ( 'NONE', ( #663, #1225, #366, #920 ), #205, .T. ) ;
#582 = VERTEX_POINT ( 'NONE', #69 ) ;
#583 = LINE ( 'NONE', #295, #1542 ) ;
#584 = ORIENTED_EDGE ( 'NONE', *, *, #1626, .F. ) ;
#585 = VECTOR ( 'NONE', #1088, 1000.000000000000000 ) ;
#586 = CARTESIAN_POINT ( 'NONE',  ( 34.00000000000000000, 2.999999999999999112, -26.00000000000000355 ) ) ;
#587 = AXIS2_PLACEMENT_3D ( 'NONE', #896, #1431, #157 ) ;
#588 = ORIENTED_EDGE ( 'NONE', *, *, #79, .T. ) ;
#589 = VECTOR ( 'NONE', #166, 1000.000000000000000 ) ;
#590 = LINE ( 'NONE', #1441, #1820 ) ;
#591 = ADVANCED_FACE ( 'NONE', ( #1811 ), #908, .F. ) ;
#592 = LINE ( 'NONE', #1737, #1443 ) ;
#593 = ORIENTED_EDGE ( 'NONE', *, *, #746, .T. ) ;
#594 = LINE ( 'NONE', #155, #578 ) ;
#595 = VERTEX_POINT ( 'NONE', #777 ) ;
#596 = FACE_BOUND ( 'NONE', #597, .T. ) ;
#597 = EDGE_LOOP ( 'NONE', ( #1450, #1278, #133, #1149 ) ) ;
#598 = LINE ( 'NONE', #1153, #1515 ) ;
#599 = EDGE_CURVE ( 'NONE', #1343, #1162, #1394, .T. ) ;
#600 = FACE_OUTER_BOUND ( 'NONE', #1106, .T. ) ;
#601 = ADVANCED_FACE ( 'NONE', ( #395 ), #1419, .F. ) ;
#602 = CARTESIAN_POINT ( 'NONE',  ( 8.000000000000000000, 0.000000000000000000, -3.999999999999999112 ) ) ;
#603 = DIRECTION ( 'NONE',  ( 0.000000000000000000, 0.000000000000000000, -1.000000000000000000 ) ) ;
#604 = ORIENTED_EDGE ( 'NONE', *, *, #1637, .T. ) ;
#605 = EDGE_CURVE ( 'NONE', #1132, #1330, #708, .T. ) ;
#606 = VECTOR ( 'NONE', #1444, 1000.000000000000000 ) ;
#607 = FACE_OUTER_BOUND ( 'NONE', #753, .T. ) ;
#608 = EDGE_LOOP ( 'NONE', ( #715, #1067, #332, #158 ) ) ;
#609 = EDGE_CURVE ( 'NONE', #946, #1024, #1261, .T. ) ;
#610 = LINE ( 'NONE', #300, #252 ) ;
#611 = CARTESIAN_POINT ( 'NONE',  ( 8.000000000000000000, 0.000000000000000000, -6.999999999999999112 ) ) ;
#612 = CARTESIAN_POINT ( 'NONE',  ( 0.000000000000000000, 8.000000000000000000, 0.000000000000000000 ) ) ;
#613 = CARTESIAN_POINT ( 'NONE',  ( 34.00000000000000000, 8.000000000000000000, -24.40000000000000568 ) ) ;
#614 = VERTEX_POINT ( 'NONE', #984 ) ;
#615 = LINE ( 'NONE', #224, #1128 ) ;
#616 = VECTOR ( 'NONE', #330, 1000.000000000000000 ) ;
#617 = VERTEX_POINT ( 'NONE', #1689 ) ;
#618 = AXIS2_PLACEMENT_3D ( 'NONE', #1034, #488, #751 ) ;
#619 = CARTESIAN_POINT ( 'NONE',  ( 2.023844055306275864E-15, 8.000000000000000000, -7.000000000000004441 ) ) ;
#620 = VECTOR ( 'NONE', #662, 1000.000000000000000 ) ;
#621 = DIRECTION ( 'NONE',  ( 1.000000000000000000, -0.000000000000000000, 0.000000000000000000 ) ) ;
#622 = CARTESIAN_POINT ( 'NONE',  ( 26.60000000000000142, 0.000000000000000000, -3.999999999999999112 ) ) ;
#623 = SURFACE_STYLE_FILL_AREA ( #193 ) ;
#624 = VERTEX_POINT ( 'NONE', #107 ) ;
#625 = EDGE_CURVE ( 'NONE', #483, #1103, #414, .T. ) ;
#626 = FACE_OUTER_BOUND ( 'NONE', #682, .T. ) ;
#627 = EDGE_CURVE ( 'NONE', #548, #97, #965, .T. ) ;
#628 = VERTEX_POINT ( 'NONE', #1528 ) ;
#629 = CARTESIAN_POINT ( 'NONE',  ( 13.40000000000000036, 6.500000000000000000, 0.000000000000000000 ) ) ;
#630 = ADVANCED_FACE ( 'NONE', ( #1697 ), #1548, .F. ) ;
#631 = CARTESIAN_POINT ( 'NONE',  ( 30.99999999999989697, 3.000000000000000000, -13.00000000000000178 ) ) ;
#632 = CARTESIAN_POINT ( 'NONE',  ( 2.000000000000000000, 16.50000000000000000, -7.000000000000000888 ) ) ;
#633 = LINE ( 'NONE', #480, #1385 ) ;
#634 = EDGE_LOOP ( 'NONE', ( #1690, #129, #1337, #717 ) ) ;
#635 = CARTESIAN_POINT ( 'NONE',  ( 33.39999999999999858, 6.500000000000000000, 0.000000000000000000 ) ) ;
#636 = ORIENTED_EDGE ( 'NONE', *, *, #1804, .F. ) ;
#637 = CARTESIAN_POINT ( 'NONE',  ( 28.00000000000000000, 8.000000000000000000, 0.000000000000000000 ) ) ;
#638 = ORIENTED_EDGE ( 'NONE', *, *, #423, .F. ) ;
#639 = DIRECTION ( 'NONE',  ( -1.000000000000000000, 0.000000000000000000, -1.445602896647339163E-16 ) ) ;
#640 = CARTESIAN_POINT ( 'NONE',  ( 34.00000000000003553, 8.000000000000000000, -16.00000000000000000 ) ) ;
#641 = LINE ( 'NONE', #1629, #1264 ) ;
#642 = VERTEX_POINT ( 'NONE', #559 ) ;
#643 = DIRECTION ( 'NONE',  ( -0.000000000000000000, -1.000000000000000000, -0.000000000000000000 ) ) ;
#644 = ORIENTED_EDGE ( 'NONE', *, *, #438, .F. ) ;
#645 = CARTESIAN_POINT ( 'NONE',  ( 30.99999999999989697, 3.000000000000000000, -19.00000000000000000 ) ) ;
#646 = AXIS2_PLACEMENT_3D ( 'NONE', #341, #1628, #1335 ) ;
#647 = EDGE_LOOP ( 'NONE', ( #1738, #927, #1121, #474 ) ) ;
#648 = DIRECTION ( 'NONE',  ( -0.000000000000000000, -1.000000000000000000, -0.000000000000000000 ) ) ;
#649 = CIRCLE ( 'NONE', #1641, 1.599999999999997202 ) ;
#650 = ORIENTED_EDGE ( 'NONE', *, *, #1765, .F. ) ;
#651 = CARTESIAN_POINT ( 'NONE',  ( 13.40000000000000036, 6.500000000000000000, 0.000000000000000000 ) ) ;
#652 = CARTESIAN_POINT ( 'NONE',  ( 13.40000000000000036, 0.000000000000000000, -4.000000000000000000 ) ) ;
#653 = ORIENTED_EDGE ( 'NONE', *, *, #76, .F. ) ;
#654 = LINE ( 'NONE', #637, #132 ) ;
#655 = EDGE_CURVE ( 'NONE', #1659, #1291, #1681, .T. ) ;
#656 = CARTESIAN_POINT ( 'NONE',  ( 2.000000000000000000, 8.000000000000000000, -7.000000000000000888 ) ) ;
#657 = LINE ( 'NONE', #960, #39 ) ;
#658 = PLANE ( 'NONE',  #1747 ) ;
#659 = EDGE_CURVE ( 'NONE', #1581, #582, #551, .T. ) ;
#660 = ORIENTED_EDGE ( 'NONE', *, *, #1239, .F. ) ;
#661 = APPLICATION_CONTEXT ( 'automotive_design' ) ;
#662 = DIRECTION ( 'NONE',  ( -0.000000000000000000, -0.000000000000000000, 1.000000000000000000 ) ) ;
#663 = FACE_BOUND ( 'NONE', #261, .T. ) ;
#664 = ORIENTED_EDGE ( 'NONE', *, *, #1624, .T. ) ;
#665 = EDGE_CURVE ( 'NONE', #1583, #314, #1411, .T. ) ;
#666 = VERTEX_POINT ( 'NONE', #1114 ) ;
#667 = VECTOR ( 'NONE', #182, 1000.000000000000000 ) ;
#668 =( NAMED_UNIT ( * ) PLANE_ANGLE_UNIT ( ) SI_UNIT ( $, .RADIAN. ) );
#669 = LINE ( 'NONE', #1365, #554 ) ;
#670 = DIRECTION ( 'NONE',  ( -1.000000000000000000, 0.000000000000000000, 0.000000000000000000 ) ) ;
#671 = ORIENTED_EDGE ( 'NONE', *, *, #378, .F. ) ;
#672 = LINE ( 'NONE', #103, #1579 ) ;
#673 = DIRECTION ( 'NONE',  ( 0.000000000000000000, 0.000000000000000000, 1.000000000000000000 ) ) ;
#674 = VERTEX_POINT ( 'NONE', #1845 ) ;
#675 = ORIENTED_EDGE ( 'NONE', *, *, #1181, .T. ) ;
#676 = PRODUCT_CONTEXT ( 'NONE', #661, 'mechanical' ) ;
#677 = AXIS2_PLACEMENT_3D ( 'NONE', #276, #843, #418 ) ;
#678 = LINE ( 'NONE', #368, #308 ) ;
#679 = VECTOR ( 'NONE', #1461, 1000.000000000000000 ) ;
#680 = CARTESIAN_POINT ( 'NONE',  ( 28.00000000000000000, 16.50000000000000000, -6.999999999999999112 ) ) ;
#681 = VECTOR ( 'NONE', #1836, 1000.000000000000000 ) ;
#682 = EDGE_LOOP ( 'NONE', ( #214, #218, #1268, #8 ) ) ;
#683 = DIRECTION ( 'NONE',  ( -1.000000000000000000, 0.000000000000000000, -1.445602896647338917E-16 ) ) ;
#684 = ADVANCED_FACE ( 'NONE', ( #693 ), #405, .F. ) ;
#685 = CARTESIAN_POINT ( 'NONE',  ( 0.000000000000000000, 6.500000000000000000, 0.000000000000000000 ) ) ;
#686 = ORIENTED_EDGE ( 'NONE', *, *, #1051, .F. ) ;
#687 = CARTESIAN_POINT ( 'NONE',  ( 40.00000000000000000, 8.000000000000000000, 0.000000000000000000 ) ) ;
#688 = EDGE_CURVE ( 'NONE', #1311, #1029, #273, .T. ) ;
#689 = CARTESIAN_POINT ( 'NONE',  ( 3.399999999999999911, 6.500000000000000000, 0.000000000000000000 ) ) ;
#690 = LINE ( 'NONE', #1229, #1837 ) ;
#691 = ORIENTED_EDGE ( 'NONE', *, *, #719, .T. ) ;
#692 = FACE_BOUND ( 'NONE', #154, .T. ) ;
#693 = FACE_OUTER_BOUND ( 'NONE', #45, .T. ) ;
#694 = EDGE_LOOP ( 'NONE', ( #1516, #977, #302, #917 ) ) ;
#695 = VECTOR ( 'NONE', #136, 1000.000000000000000 ) ;
#696 = CARTESIAN_POINT ( 'NONE',  ( 0.000000000000000000, 0.000000000000000000, 0.000000000000000000 ) ) ;
#697 = VERTEX_POINT ( 'NONE', #386 ) ;
#698 = PLANE ( 'NONE',  #1727 ) ;
#699 = CARTESIAN_POINT ( 'NONE',  ( 32.00000000000000000, 16.50000000000000000, -4.000000000000000000 ) ) ;
#700 = ORIENTED_EDGE ( 'NONE', *, *, #962, .T. ) ;
#701 = CARTESIAN_POINT ( 'NONE',  ( 18.00000000000000355, 8.000000000000000000, -6.999999999999999112 ) ) ;
#702 = ORIENTED_EDGE ( 'NONE', *, *, #625, .T. ) ;
#703 = VECTOR ( 'NONE', #1746, 1000.000000000000000 ) ;
#704 = EDGE_LOOP ( 'NONE', ( #1674, #108, #1712, #702 ) ) ;
#705 = CARTESIAN_POINT ( 'NONE',  ( 30.99999999999996447, 3.000000000000000000, -39.00000000000000000 ) ) ;
#706 = ORIENTED_EDGE ( 'NONE', *, *, #912, .F. ) ;
#707 = VECTOR ( 'NONE', #947, 1000.000000000000000 ) ;
#708 = LINE ( 'NONE', #532, #159 ) ;
#709 = EDGE_LOOP ( 'NONE', ( #73, #291, #1824, #756 ) ) ;
#710 = ADVANCED_FACE ( 'NONE', ( #846 ), #1537, .F. ) ;
#711 = LINE ( 'NONE', #553, #208 ) ;
#712 = ADVANCED_FACE ( 'NONE', ( #1105 ), #1706, .T. ) ;
#713 = LINE ( 'NONE', #1166, #72 ) ;
#714 = CARTESIAN_POINT ( 'NONE',  ( 30.99999999999996447, 0.000000000000000000, -33.00000000000000000 ) ) ;
#715 = ORIENTED_EDGE ( 'NONE', *, *, #936, .T. ) ;
#716 = DIRECTION ( 'NONE',  ( -1.000000000000000000, 0.000000000000000000, -1.084202172485504681E-16 ) ) ;
#717 = ORIENTED_EDGE ( 'NONE', *, *, #807, .T. ) ;
#718 = PLANE ( 'NONE',  #1305 ) ;
#719 = EDGE_CURVE ( 'NONE', #1831, #1144, #121, .T. ) ;
#720 = CARTESIAN_POINT ( 'NONE',  ( 3.399999999999999911, 6.500000000000000000, 0.000000000000000000 ) ) ;
#721 = FACE_OUTER_BOUND ( 'NONE', #1508, .T. ) ;
#722 = CARTESIAN_POINT ( 'NONE',  ( 22.00000000000000000, 8.000000000000000000, 0.000000000000000000 ) ) ;
#723 = VECTOR ( 'NONE', #112, 1000.000000000000000 ) ;
#724 = EDGE_LOOP ( 'NONE', ( #183, #343, #1297, #1357 ) ) ;
#725 = PLANE ( 'NONE',  #1489 ) ;
#726 = ORIENTED_EDGE ( 'NONE', *, *, #206, .T. ) ;
#727 = PLANE ( 'NONE',  #467 ) ;
#728 = APPLICATION_CONTEXT ( 'automotive_design' ) ;
#729 = DIRECTION ( 'NONE',  ( 0.000000000000000000, -0.000000000000000000, 1.000000000000000000 ) ) ;
#730 = EDGE_LOOP ( 'NONE', ( #1130, #816 ) ) ;
#731 = FACE_OUTER_BOUND ( 'NONE', #1309, .T. ) ;
#732 = ORIENTED_EDGE ( 'NONE', *, *, #428, .T. ) ;
#733 = VECTOR ( 'NONE', #1767, 1000.000000000000000 ) ;
#734 = EDGE_CURVE ( 'NONE', #225, #666, #1282, .T. ) ;
#735 = FACE_BOUND ( 'NONE', #709, .T. ) ;
#736 = AXIS2_PLACEMENT_3D ( 'NONE', #95, #115, #1393 ) ;
#737 = VERTEX_POINT ( 'NONE', #1093 ) ;
#738 = LINE ( 'NONE', #477, #1577 ) ;
#739 = EDGE_CURVE ( 'NONE', #1018, #1783, #1723, .T. ) ;
#740 = CARTESIAN_POINT ( 'NONE',  ( 13.40000000000000036, 6.500000000000000000, -4.000000000000000000 ) ) ;
#741 = ORIENTED_EDGE ( 'NONE', *, *, #568, .T. ) ;
#742 = EDGE_CURVE ( 'NONE', #1699, #1170, #1454, .T. ) ;
#743 = CARTESIAN_POINT ( 'NONE',  ( 8.000000000000000000, 0.000000000000000000, -3.999999999999999112 ) ) ;
#744 = CARTESIAN_POINT ( 'NONE',  ( 26.60000000000000142, 6.500000000000000000, -4.000000000000000000 ) ) ;
#745 = ORIENTED_EDGE ( 'NONE', *, *, #572, .T. ) ;
#746 = EDGE_CURVE ( 'NONE', #567, #1219, #1161, .T. ) ;
#747 = DIRECTION ( 'NONE',  ( -0.000000000000000000, 1.000000000000000000, -0.000000000000000000 ) ) ;
#748 = ORIENTED_EDGE ( 'NONE', *, *, #1323, .F. ) ;
#749 = DIRECTION ( 'NONE',  ( 1.000000000000000000, 0.000000000000000000, 0.000000000000000000 ) ) ;
#750 = CARTESIAN_POINT ( 'NONE',  ( 34.00000000000000000, 8.000000000000000000, -26.00000000000000355 ) ) ;
#751 = DIRECTION ( 'NONE',  ( 0.000000000000000000, -0.000000000000000000, 1.000000000000000000 ) ) ;
#752 = DIRECTION ( 'NONE',  ( 0.000000000000000000, 0.000000000000000000, 1.000000000000000000 ) ) ;
#753 = EDGE_LOOP ( 'NONE', ( #1416, #867, #501, #1041 ) ) ;
#754 = VECTOR ( 'NONE', #945, 1000.000000000000000 ) ;
#755 = FACE_BOUND ( 'NONE', #730, .T. ) ;
#756 = ORIENTED_EDGE ( 'NONE', *, *, #471, .T. ) ;
#757 = VECTOR ( 'NONE', #1482, 1000.000000000000000 ) ;
#758 = LINE ( 'NONE', #19, #703 ) ;
#759 = CARTESIAN_POINT ( 'NONE',  ( 36.60000000000000142, 0.000000000000000000, -3.999999999999999112 ) ) ;
#760 = EDGE_CURVE ( 'NONE', #624, #628, #1594, .T. ) ;
#761 = LINE ( 'NONE', #460, #188 ) ;
#762 = DIRECTION ( 'NONE',  ( -0.000000000000000000, -1.000000000000000000, -0.000000000000000000 ) ) ;
#763 = VERTEX_POINT ( 'NONE', #141 ) ;
#764 = DIRECTION ( 'NONE',  ( 0.000000000000000000, 0.000000000000000000, -1.000000000000000000 ) ) ;
#765 = CIRCLE ( 'NONE', #1005, 1.599999999999998979 ) ;
#766 = ORIENTED_EDGE ( 'NONE', *, *, #1630, .T. ) ;
#767 = EDGE_CURVE ( 'NONE', #1015, #126, #432, .T. ) ;
#768 = DIRECTION ( 'NONE',  ( 0.000000000000000000, 0.000000000000000000, -1.000000000000000000 ) ) ;
#769 = VECTOR ( 'NONE', #550, 1000.000000000000000 ) ;
#770 = CARTESIAN_POINT ( 'NONE',  ( 36.99999999999996447, 0.000000000000000000, -33.00000000000000000 ) ) ;
#771 = DIRECTION ( 'NONE',  ( 1.000000000000000000, 0.000000000000000000, 0.000000000000000000 ) ) ;
#772 = SURFACE_STYLE_USAGE ( .BOTH. , #1195 ) ;
#773 = ORIENTED_EDGE ( 'NONE', *, *, #70, .T. ) ;
#774 = ADVANCED_FACE ( 'NONE', ( #1733, #755, #1449, #888, #735, #596, #444, #1151 ), #1459, .F. ) ;
#775 = CARTESIAN_POINT ( 'NONE',  ( 30.99999999999992895, 3.000000000000000000, -23.00000000000000000 ) ) ;
#776 = ORIENTED_EDGE ( 'NONE', *, *, #1550, .F. ) ;
#777 = CARTESIAN_POINT ( 'NONE',  ( 22.00000000000000000, 0.000000000000000000, -4.000000000000000000 ) ) ;
#778 = DIRECTION ( 'NONE',  ( 0.000000000000000000, 0.000000000000000000, -1.000000000000000000 ) ) ;
#779 = ADVANCED_FACE ( 'NONE', ( #607 ), #290, .F. ) ;
#780 = VERTEX_POINT ( 'NONE', #1855 ) ;
#781 = DIRECTION ( 'NONE',  ( 1.000000000000000000, -0.000000000000000000, 2.891205793294679312E-16 ) ) ;
#782 = CARTESIAN_POINT ( 'NONE',  ( 33.99999999999996447, 2.999999999999999112, -37.60000000000000142 ) ) ;
#783 = VERTEX_POINT ( 'NONE', #464 ) ;
#784 = DIRECTION ( 'NONE',  ( 0.000000000000000000, 0.000000000000000000, -1.000000000000000000 ) ) ;
#785 = VERTEX_POINT ( 'NONE', #1743 ) ;
#786 = VECTOR ( 'NONE', #1684, 1000.000000000000000 ) ;
#787 = EDGE_CURVE ( 'NONE', #1405, #783, #1169, .T. ) ;
#788 = CARTESIAN_POINT ( 'NONE',  ( 0.000000000000000000, 0.000000000000000000, 0.000000000000000000 ) ) ;
#789 = UNCERTAINTY_MEASURE_WITH_UNIT (LENGTH_MEASURE( 1.000000000000000082E-05 ), #217, 'distance_accuracy_value', 'NONE');
#790 = ORIENTED_EDGE ( 'NONE', *, *, #267, .T. ) ;
#791 = CARTESIAN_POINT ( 'NONE',  ( 18.00000000000000355, 16.50000000000000000, -6.999999999999999112 ) ) ;
#792 = CYLINDRICAL_SURFACE ( 'NONE', #433, 1.599999999999998979 ) ;
#793 = FACE_OUTER_BOUND ( 'NONE', #201, .T. ) ;
#794 = PLANE ( 'NONE',  #372 ) ;
#795 = ORIENTED_EDGE ( 'NONE', *, *, #1435, .T. ) ;
#796 = EDGE_CURVE ( 'NONE', #126, #476, #1672, .T. ) ;
#797 = CARTESIAN_POINT ( 'NONE',  ( 0.000000000000000000, 3.000000000000000000, 0.000000000000000000 ) ) ;
#798 = VECTOR ( 'NONE', #883, 1000.000000000000000 ) ;
#799 = VECTOR ( 'NONE', #390, 1000.000000000000000 ) ;
#800 = EDGE_CURVE ( 'NONE', #981, #1455, #1469, .T. ) ;
#801 = VECTOR ( 'NONE', #324, 1000.000000000000000 ) ;
#802 = DIRECTION ( 'NONE',  ( 1.000000000000000000, 0.000000000000000000, -0.000000000000000000 ) ) ;
#803 = FACE_OUTER_BOUND ( 'NONE', #1142, .T. ) ;
#804 = ADVANCED_FACE ( 'NONE', ( #454 ), #725, .F. ) ;
#805 = ORIENTED_EDGE ( 'NONE', *, *, #401, .F. ) ;
#806 = CARTESIAN_POINT ( 'NONE',  ( 40.00000000000000000, 8.000000000000000000, -50.00000000000000000 ) ) ;
#807 = EDGE_CURVE ( 'NONE', #465, #1445, #1863, .T. ) ;
#808 = FACE_BOUND ( 'NONE', #1480, .T. ) ;
#809 = EDGE_LOOP ( 'NONE', ( #1009, #817, #1012, #1669 ) ) ;
#810 = DIRECTION ( 'NONE',  ( 1.000000000000000000, 0.000000000000000000, 1.445602896647338917E-16 ) ) ;
#811 = DIRECTION ( 'NONE',  ( -0.000000000000000000, 1.000000000000000000, -0.000000000000000000 ) ) ;
#812 = DIRECTION ( 'NONE',  ( 0.000000000000000000, -0.000000000000000000, -1.000000000000000000 ) ) ;
#813 = VERTEX_POINT ( 'NONE', #866 ) ;
#814 = CARTESIAN_POINT ( 'NONE',  ( 8.000000000000000000, 16.50000000000000000, -6.999999999999999112 ) ) ;
#815 = CARTESIAN_POINT ( 'NONE',  ( 30.99999999999996447, 3.000000000000000000, -33.00000000000000000 ) ) ;
#816 = ORIENTED_EDGE ( 'NONE', *, *, #1711, .F. ) ;
#817 = ORIENTED_EDGE ( 'NONE', *, *, #767, .T. ) ;
#818 = EDGE_CURVE ( 'NONE', #642, #1364, #173, .T. ) ;
#819 = DIRECTION ( 'NONE',  ( 0.000000000000000000, 0.000000000000000000, 1.000000000000000000 ) ) ;
#820 = CARTESIAN_POINT ( 'NONE',  ( 28.00000000000000000, 0.000000000000000000, -6.999999999999999112 ) ) ;
#821 = VECTOR ( 'NONE', #200, 1000.000000000000000 ) ;
#822 = ORIENTED_EDGE ( 'NONE', *, *, #568, .F. ) ;
#823 = DIRECTION ( 'NONE',  ( 1.000000000000000000, 0.000000000000000000, 1.445602896647339163E-16 ) ) ;
#824 = DIRECTION ( 'NONE',  ( 0.000000000000000000, 0.000000000000000000, -1.000000000000000000 ) ) ;
#825 = EDGE_CURVE ( 'NONE', #441, #972, #649, .T. ) ;
#826 = EDGE_LOOP ( 'NONE', ( #1530, #1722, #1360, #570 ) ) ;
#827 = DIRECTION ( 'NONE',  ( 1.000000000000000000, 0.000000000000000000, 0.000000000000000000 ) ) ;
#828 = VECTOR ( 'NONE', #354, 1000.000000000000000 ) ;
#829 = DIRECTION ( 'NONE',  ( -1.000000000000000000, 0.000000000000000000, -1.445602896647338917E-16 ) ) ;
#830 = AXIS2_PLACEMENT_3D ( 'NONE', #1329, #1058, #1497 ) ;
#831 = CARTESIAN_POINT ( 'NONE',  ( 40.00000000000000000, 8.000000000000000000, 0.000000000000000000 ) ) ;
#832 = ORIENTED_EDGE ( 'NONE', *, *, #1574, .T. ) ;
#833 = DIRECTION ( 'NONE',  ( -0.000000000000000000, -1.000000000000000000, -0.000000000000000000 ) ) ;
#834 = DIRECTION ( 'NONE',  ( -0.000000000000000000, -1.000000000000000000, -0.000000000000000000 ) ) ;
#835 = ORIENTED_EDGE ( 'NONE', *, *, #265, .F. ) ;
#836 = CARTESIAN_POINT ( 'NONE',  ( 32.00000000000000000, 8.000000000000000000, -7.000000000000000888 ) ) ;
#837 = ORIENTED_EDGE ( 'NONE', *, *, #227, .T. ) ;
#838 = DIRECTION ( 'NONE',  ( 0.000000000000000000, -0.000000000000000000, -1.000000000000000000 ) ) ;
#839 = CARTESIAN_POINT ( 'NONE',  ( 2.023844055306276653E-15, 8.000000000000000000, -7.000000000000007105 ) ) ;
#840 = EDGE_LOOP ( 'NONE', ( #1111, #503, #1732, #1854 ) ) ;
#841 = AXIS2_PLACEMENT_3D ( 'NONE', #569, #995, #1146 ) ;
#842 = LINE ( 'NONE', #561, #1716 ) ;
#843 = DIRECTION ( 'NONE',  ( -1.445602896647338917E-16, 0.000000000000000000, 1.000000000000000000 ) ) ;
#844 = CARTESIAN_POINT ( 'NONE',  ( 30.99999999999996447, 3.000000000000000000, -33.00000000000000000 ) ) ;
#845 = ORIENTED_EDGE ( 'NONE', *, *, #849, .T. ) ;
#846 = FACE_OUTER_BOUND ( 'NONE', #1828, .T. ) ;
#847 = ORIENTED_EDGE ( 'NONE', *, *, #1406, .T. ) ;
#848 = ADVANCED_FACE ( 'NONE', ( #1572 ), #1039, .F. ) ;
#849 = EDGE_CURVE ( 'NONE', #1330, #966, #615, .T. ) ;
#850 = DIRECTION ( 'NONE',  ( 1.000000000000000000, 0.000000000000000000, 0.000000000000000000 ) ) ;
#851 = EDGE_LOOP ( 'NONE', ( #431, #604, #530, #1319 ) ) ;
#852 = PRODUCT ( 'j3_2', 'j3_2', '', ( #676 ) ) ;
#853 = VECTOR ( 'NONE', #349, 1000.000000000000000 ) ;
#854 = CARTESIAN_POINT ( 'NONE',  ( 30.99999999999996447, 3.000000000000000000, -39.00000000000000000 ) ) ;
#855 = LINE ( 'NONE', #1592, #1187 ) ;
#856 = ORIENTED_EDGE ( 'NONE', *, *, #263, .F. ) ;
#857 = VECTOR ( 'NONE', #264, 1000.000000000000000 ) ;
#858 = CARTESIAN_POINT ( 'NONE',  ( 30.99999999999996447, 0.000000000000000000, -33.00000000000000000 ) ) ;
#859 = EDGE_CURVE ( 'NONE', #1734, #481, #1084, .T. ) ;
#860 = VERTEX_POINT ( 'NONE', #1197 ) ;
#861 = LINE ( 'NONE', #619, #1423 ) ;
#862 = LINE ( 'NONE', #153, #60 ) ;
#863 = DIRECTION ( 'NONE',  ( -0.000000000000000000, -0.000000000000000000, 1.000000000000000000 ) ) ;
#864 = DIRECTION ( 'NONE',  ( -0.000000000000000000, -0.000000000000000000, 1.000000000000000000 ) ) ;
#865 = ORIENTED_EDGE ( 'NONE', *, *, #176, .F. ) ;
#866 = CARTESIAN_POINT ( 'NONE',  ( 32.00000000000000000, 0.000000000000000000, -7.000000000000000888 ) ) ;
#867 = ORIENTED_EDGE ( 'NONE', *, *, #1630, .F. ) ;
#868 = CARTESIAN_POINT ( 'NONE',  ( 30.99999999999996447, 3.000000000000000000, -33.00000000000000000 ) ) ;
#869 = DIRECTION ( 'NONE',  ( -0.000000000000000000, 1.000000000000000000, 0.000000000000000000 ) ) ;
#870 = ORIENTED_EDGE ( 'NONE', *, *, #1662, .T. ) ;
#871 = EDGE_CURVE ( 'NONE', #1283, #1457, #1188, .T. ) ;
#872 = EDGE_LOOP ( 'NONE', ( #1031, #1778, #440, #915 ) ) ;
#873 = DIRECTION ( 'NONE',  ( 1.000000000000000000, 0.000000000000000000, 0.000000000000000000 ) ) ;
#874 = VECTOR ( 'NONE', #1284, 1000.000000000000000 ) ;
#875 = VERTEX_POINT ( 'NONE', #65 ) ;
#876 = VECTOR ( 'NONE', #648, 1000.000000000000000 ) ;
#877 = DIRECTION ( 'NONE',  ( 0.000000000000000000, 0.000000000000000000, -1.000000000000000000 ) ) ;
#878 = ORIENTED_EDGE ( 'NONE', *, *, #1464, .T. ) ;
#879 = CYLINDRICAL_SURFACE ( 'NONE', #1453, 1.599999999999998979 ) ;
#880 = ADVANCED_FACE ( 'NONE', ( #626 ), #502, .F. ) ;
#881 = CARTESIAN_POINT ( 'NONE',  ( 38.00000000000000000, 16.50000000000000000, -6.999999999999999112 ) ) ;
#882 = EDGE_LOOP ( 'NONE', ( #557, #565, #415, #518, #362, #522, #636, #127, #998, #1715, #149, #388, #904, #1467, #25, #974, #142, #1741, #1240, #147, #686, #638, #1498, #307, #1049, #1245, #1387, #1059, #1506, #990, #278, #1190, #865, #660, #236, #237 ) ) ;
#883 = DIRECTION ( 'NONE',  ( -0.000000000000000000, -1.000000000000000000, -0.000000000000000000 ) ) ;
#884 = CLOSED_SHELL ( 'NONE', ( #211, #601, #1377, #534, #997, #406, #1138, #804, #710, #319, #774, #581, #1657, #933, #111, #463, #1150, #1793, #547, #591, #1608, #779, #1849, #712, #1736, #1773, #684, #1019, #1802, #1779, #992, #1819, #848, #1403, #180, #6, #562, #1590, #880, #1155, #1491, #903, #408, #1331, #1851, #517, #630, #909, #1388, #105, #1092, #1442, #1186, #315, #365 ) ) ;
#885 = CARTESIAN_POINT ( 'NONE',  ( 23.40000000000000213, 0.000000000000000000, -4.000000000000000000 ) ) ;
#886 = VERTEX_POINT ( 'NONE', #1632 ) ;
#887 = VECTOR ( 'NONE', #210, 1000.000000000000000 ) ;
#888 = FACE_BOUND ( 'NONE', #1823, .T. ) ;
#889 = VECTOR ( 'NONE', #235, 1000.000000000000000 ) ;
#890 = ORIENTED_EDGE ( 'NONE', *, *, #1462, .F. ) ;
#891 = LINE ( 'NONE', #168, #950 ) ;
#892 = DIRECTION ( 'NONE',  ( 1.000000000000000000, -0.000000000000000000, 2.891205793294678326E-16 ) ) ;
#893 = CARTESIAN_POINT ( 'NONE',  ( 34.00000000000003553, 8.000000000000000000, -17.59999999999999787 ) ) ;
#894 = CARTESIAN_POINT ( 'NONE',  ( 34.00000000000000000, 2.999999999999999112, -26.00000000000000355 ) ) ;
#895 = ORIENTED_EDGE ( 'NONE', *, *, #849, .F. ) ;
#896 = CARTESIAN_POINT ( 'NONE',  ( 0.000000000000000000, 8.000000000000000000, 0.000000000000000000 ) ) ;
#897 = EDGE_LOOP ( 'NONE', ( #491, #506, #706, #98 ) ) ;
#898 = DIRECTION ( 'NONE',  ( 0.000000000000000000, 0.000000000000000000, 1.000000000000000000 ) ) ;
#899 = DIRECTION ( 'NONE',  ( 0.000000000000000000, 0.000000000000000000, 1.000000000000000000 ) ) ;
#900 = ORIENTED_EDGE ( 'NONE', *, *, #1711, .T. ) ;
#901 = CARTESIAN_POINT ( 'NONE',  ( 23.40000000000000213, 6.500000000000000000, -4.000000000000000000 ) ) ;
#902 = CYLINDRICAL_SURFACE ( 'NONE', #1025, 1.599999999999997202 ) ;
#903 = ADVANCED_FACE ( 'NONE', ( #510 ), #794, .F. ) ;
#904 = ORIENTED_EDGE ( 'NONE', *, *, #973, .F. ) ;
#905 = AXIS2_PLACEMENT_3D ( 'NONE', #894, #1347, #53 ) ;
#906 = CARTESIAN_POINT ( 'NONE',  ( 33.99999999999996447, 8.000000000000000000, -37.60000000000000142 ) ) ;
#907 = ORIENTED_EDGE ( 'NONE', *, *, #1285, .F. ) ;
#908 = PLANE ( 'NONE',  #495 ) ;
#909 = ADVANCED_FACE ( 'NONE', ( #55 ), #1660, .F. ) ;
#910 = VECTOR ( 'NONE', #1750, 1000.000000000000000 ) ;
#911 = CARTESIAN_POINT ( 'NONE',  ( 16.60000000000000497, 0.000000000000000000, -3.999999999999999112 ) ) ;
#912 = EDGE_CURVE ( 'NONE', #1230, #1568, #482, .T. ) ;
#913 = CARTESIAN_POINT ( 'NONE',  ( 13.40000000000000036, 0.000000000000000000, 0.000000000000000000 ) ) ;
#914 = DIRECTION ( 'NONE',  ( 1.000000000000000000, -0.000000000000000000, 2.891205793294677833E-16 ) ) ;
#915 = ORIENTED_EDGE ( 'NONE', *, *, #1250, .T. ) ;
#916 = CARTESIAN_POINT ( 'NONE',  ( 12.00000000000000000, 16.50000000000000000, -4.000000000000000000 ) ) ;
#917 = ORIENTED_EDGE ( 'NONE', *, *, #818, .F. ) ;
#918 = EDGE_CURVE ( 'NONE', #1262, #140, #195, .T. ) ;
#919 = VECTOR ( 'NONE', #494, 1000.000000000000000 ) ;
#920 = FACE_OUTER_BOUND ( 'NONE', #882, .T. ) ;
#921 = VECTOR ( 'NONE', #34, 1000.000000000000000 ) ;
#922 = CARTESIAN_POINT ( 'NONE',  ( 8.000000000000000000, 16.50000000000000000, -6.999999999999999112 ) ) ;
#923 = CARTESIAN_POINT ( 'NONE',  ( 22.00000000000000000, 8.000000000000000000, -4.000000000000000000 ) ) ;
#924 = ORIENTED_EDGE ( 'NONE', *, *, #742, .T. ) ;
#925 = PRODUCT_RELATED_PRODUCT_CATEGORY ( 'part', '', ( #852 ) ) ;
#926 = CARTESIAN_POINT ( 'NONE',  ( 12.00000000000000000, 8.000000000000000000, -4.000000000000000000 ) ) ;
#927 = ORIENTED_EDGE ( 'NONE', *, *, #1745, .F. ) ;
#928 = DIRECTION ( 'NONE',  ( 1.000000000000000000, -0.000000000000000000, 0.000000000000000000 ) ) ;
#929 = DIRECTION ( 'NONE',  ( 2.891205793294677833E-16, 0.000000000000000000, -1.000000000000000000 ) ) ;
#930 = CARTESIAN_POINT ( 'NONE',  ( 2.023844055306275469E-15, 8.000000000000000000, -7.000000000000001776 ) ) ;
#931 = CARTESIAN_POINT ( 'NONE',  ( 30.99999999999989697, 0.000000000000000000, -13.00000000000000178 ) ) ;
#932 = ORIENTED_EDGE ( 'NONE', *, *, #471, .F. ) ;
#933 = ADVANCED_FACE ( 'NONE', ( #1349 ), #333, .F. ) ;
#934 = DIRECTION ( 'NONE',  ( 0.000000000000000000, 0.000000000000000000, 1.000000000000000000 ) ) ;
#935 = VERTEX_POINT ( 'NONE', #926 ) ;
#936 = EDGE_CURVE ( 'NONE', #935, #194, #1214, .T. ) ;
#937 = VECTOR ( 'NONE', #221, 1000.000000000000000 ) ;
#938 = PLANE ( 'NONE',  #400 ) ;
#939 = VECTOR ( 'NONE', #348, 1000.000000000000000 ) ;
#940 = EDGE_CURVE ( 'NONE', #18, #1270, #1622, .T. ) ;
#941 = EDGE_LOOP ( 'NONE', ( #1314, #588, #248, #48 ) ) ;
#942 = CARTESIAN_POINT ( 'NONE',  ( 0.000000000000000000, 0.000000000000000000, 0.000000000000000000 ) ) ;
#943 = CARTESIAN_POINT ( 'NONE',  ( 30.99999999999996447, 0.000000000000000000, -39.00000000000000000 ) ) ;
#944 = EDGE_CURVE ( 'NONE', #223, #785, #492, .T. ) ;
#945 = DIRECTION ( 'NONE',  ( -0.000000000000000000, -0.000000000000000000, 1.000000000000000000 ) ) ;
#946 = VERTEX_POINT ( 'NONE', #78 ) ;
#947 = DIRECTION ( 'NONE',  ( -0.000000000000000000, -1.000000000000000000, -0.000000000000000000 ) ) ;
#948 = VERTEX_POINT ( 'NONE', #1642 ) ;
#949 = DIRECTION ( 'NONE',  ( 0.000000000000000000, -1.000000000000000000, 0.000000000000000000 ) ) ;
#950 = VECTOR ( 'NONE', #749, 1000.000000000000000 ) ;
#951 = CARTESIAN_POINT ( 'NONE',  ( 0.000000000000000000, 0.000000000000000000, 0.000000000000000000 ) ) ;
#952 = VECTOR ( 'NONE', #1651, 1000.000000000000000 ) ;
#953 = LINE ( 'NONE', #1101, #799 ) ;
#954 = LINE ( 'NONE', #1102, #754 ) ;
#955 = ORIENTED_EDGE ( 'NONE', *, *, #959, .T. ) ;
#956 = DIRECTION ( 'NONE',  ( -0.000000000000000000, -1.000000000000000000, -0.000000000000000000 ) ) ;
#957 = CARTESIAN_POINT ( 'NONE',  ( 5.782411586589356653E-16, 8.000000000000000000, -4.000000000000000000 ) ) ;
#958 = EDGE_LOOP ( 'NONE', ( #1640, #1273 ) ) ;
#959 = EDGE_CURVE ( 'NONE', #548, #1562, #344, .T. ) ;
#960 = CARTESIAN_POINT ( 'NONE',  ( 30.99999999999996447, 3.000000000000000000, -39.00000000000000000 ) ) ;
#961 = DIRECTION ( 'NONE',  ( -1.000000000000000000, 0.000000000000000000, -2.891205793294677833E-16 ) ) ;
#962 = EDGE_CURVE ( 'NONE', #1236, #1037, #1790, .T. ) ;
#963 = ORIENTED_EDGE ( 'NONE', *, *, #1070, .F. ) ;
#964 = DIRECTION ( 'NONE',  ( -0.000000000000000000, 1.000000000000000000, -0.000000000000000000 ) ) ;
#965 = LINE ( 'NONE', #1123, #558 ) ;
#966 = VERTEX_POINT ( 'NONE', #1514 ) ;
#967 = ORIENTED_EDGE ( 'NONE', *, *, #1520, .T. ) ;
#968 = STYLED_ITEM ( 'NONE', ( #508 ), #1339 ) ;
#969 = LINE ( 'NONE', #942, #1691 ) ;
#970 = CARTESIAN_POINT ( 'NONE',  ( 8.000000000000000000, 16.50000000000000000, -3.999999999999999112 ) ) ;
#971 = CARTESIAN_POINT ( 'NONE',  ( 30.99999999999992895, 3.000000000000000000, -23.00000000000000000 ) ) ;
#972 = VERTEX_POINT ( 'NONE', #906 ) ;
#973 = EDGE_CURVE ( 'NONE', #1455, #1702, #352, .T. ) ;
#974 = ORIENTED_EDGE ( 'NONE', *, *, #323, .F. ) ;
#975 = LINE ( 'NONE', #988, #106 ) ;
#976 = CARTESIAN_POINT ( 'NONE',  ( 2.000000000000000000, 16.50000000000000000, -4.000000000000000000 ) ) ;
#977 = ORIENTED_EDGE ( 'NONE', *, *, #800, .T. ) ;
#978 = CARTESIAN_POINT ( 'NONE',  ( 0.000000000000000000, 0.000000000000000000, 0.000000000000000000 ) ) ;
#979 = VECTOR ( 'NONE', #521, 1000.000000000000000 ) ;
#980 = CARTESIAN_POINT ( 'NONE',  ( 36.99999999999996447, -0.000000000000000000, -33.00000000000000000 ) ) ;
#981 = VERTEX_POINT ( 'NONE', #184 ) ;
#982 = VERTEX_POINT ( 'NONE', #652 ) ;
#983 = LINE ( 'NONE', #1526, #620 ) ;
#984 = CARTESIAN_POINT ( 'NONE',  ( 36.99999999999989342, 3.000000000000000000, -19.00000000000000000 ) ) ;
#985 = EDGE_LOOP ( 'NONE', ( #1769, #305, #1636, #1302 ) ) ;
#986 = DIRECTION ( 'NONE',  ( -0.000000000000000000, -1.000000000000000000, -0.000000000000000000 ) ) ;
#987 = DIRECTION ( 'NONE',  ( 1.000000000000000000, 0.000000000000000000, 0.000000000000000000 ) ) ;
#988 = CARTESIAN_POINT ( 'NONE',  ( 0.000000000000000000, 8.000000000000000000, 0.000000000000000000 ) ) ;
#989 = EDGE_CURVE ( 'NONE', #465, #886, #983, .T. ) ;
#990 = ORIENTED_EDGE ( 'NONE', *, *, #1408, .F. ) ;
#991 = DIRECTION ( 'NONE',  ( 0.000000000000000000, 0.000000000000000000, -1.000000000000000000 ) ) ;
#992 = ADVANCED_FACE ( 'NONE', ( #394 ), #531, .F. ) ;
#993 = ORIENTED_EDGE ( 'NONE', *, *, #445, .F. ) ;
#994 = VECTOR ( 'NONE', #850, 1000.000000000000000 ) ;
#995 = DIRECTION ( 'NONE',  ( 0.000000000000000000, 1.000000000000000000, 0.000000000000000000 ) ) ;
#996 = VECTOR ( 'NONE', #109, 1000.000000000000000 ) ;
#997 = ADVANCED_FACE ( 'NONE', ( #1133 ), #244, .F. ) ;
#998 = ORIENTED_EDGE ( 'NONE', *, *, #1422, .F. ) ;
#999 = LINE ( 'NONE', #1158, #1718 ) ;
#1000 = EDGE_LOOP ( 'NONE', ( #1841, #1551, #675, #258 ) ) ;
#1001 = CARTESIAN_POINT ( 'NONE',  ( 0.000000000000000000, 8.000000000000000000, -50.00000000000000000 ) ) ;
#1002 = EDGE_LOOP ( 'NONE', ( #1016, #1791, #776, #1307 ) ) ;
#1003 = LINE ( 'NONE', #1655, #1215 ) ;
#1004 = PLANE ( 'NONE',  #1173 ) ;
#1005 = AXIS2_PLACEMENT_3D ( 'NONE', #640, #1465, #1174 ) ;
#1006 = VECTOR ( 'NONE', #768, 1000.000000000000000 ) ;
#1007 = CARTESIAN_POINT ( 'NONE',  ( 36.60000000000000142, 6.500000000000000000, 0.000000000000000000 ) ) ;
#1008 = DIRECTION ( 'NONE',  ( -1.445602896647339656E-16, 0.000000000000000000, 1.000000000000000000 ) ) ;
#1009 = ORIENTED_EDGE ( 'NONE', *, *, #1483, .F. ) ;
#1010 = AXIS2_PLACEMENT_3D ( 'NONE', #586, #747, #575 ) ;
#1011 = DIRECTION ( 'NONE',  ( -1.000000000000000000, -0.000000000000000000, -0.000000000000000000 ) ) ;
#1012 = ORIENTED_EDGE ( 'NONE', *, *, #796, .T. ) ;
#1013 = CARTESIAN_POINT ( 'NONE',  ( 30.99999999999989697, 3.000000000000000000, -19.00000000000000000 ) ) ;
#1014 = DIRECTION ( 'NONE',  ( 1.084202172485504434E-16, 0.000000000000000000, -1.000000000000000000 ) ) ;
#1015 = VERTEX_POINT ( 'NONE', #114 ) ;
#1016 = ORIENTED_EDGE ( 'NONE', *, *, #1604, .T. ) ;
#1017 = CARTESIAN_POINT ( 'NONE',  ( 40.00000000000000000, 0.000000000000000000, -50.00000000000000000 ) ) ;
#1018 = VERTEX_POINT ( 'NONE', #1704 ) ;
#1019 = ADVANCED_FACE ( 'NONE', ( #384 ), #698, .F. ) ;
#1020 = CARTESIAN_POINT ( 'NONE',  ( 33.99999999999996447, 8.000000000000000000, -36.00000000000000711 ) ) ;
#1021 = ORIENTED_EDGE ( 'NONE', *, *, #1825, .T. ) ;
#1022 = CARTESIAN_POINT ( 'NONE',  ( 36.99999999999996447, 3.000000000000000000, -33.00000000000000000 ) ) ;
#1023 = LINE ( 'NONE', #427, #177 ) ;
#1024 = VERTEX_POINT ( 'NONE', #1818 ) ;
#1025 = AXIS2_PLACEMENT_3D ( 'NONE', #1222, #313, #1827 ) ;
#1026 = DIRECTION ( 'NONE',  ( 0.000000000000000000, 0.000000000000000000, -1.000000000000000000 ) ) ;
#1027 = DIRECTION ( 'NONE',  ( 1.000000000000000000, -0.000000000000000000, 0.000000000000000000 ) ) ;
#1028 = VECTOR ( 'NONE', #1766, 1000.000000000000000 ) ;
#1029 = VERTEX_POINT ( 'NONE', #1122 ) ;
#1030 = CARTESIAN_POINT ( 'NONE',  ( 0.000000000000000000, 8.000000000000000000, 0.000000000000000000 ) ) ;
#1031 = ORIENTED_EDGE ( 'NONE', *, *, #989, .T. ) ;
#1032 = DIRECTION ( 'NONE',  ( -0.000000000000000000, -1.000000000000000000, -0.000000000000000000 ) ) ;
#1033 = CARTESIAN_POINT ( 'NONE',  ( 36.99999999999996447, 0.000000000000000000, -39.00000000000000000 ) ) ;
#1034 = CARTESIAN_POINT ( 'NONE',  ( 0.000000000000000000, 6.500000000000000000, 0.000000000000000000 ) ) ;
#1035 = VECTOR ( 'NONE', #863, 1000.000000000000000 ) ;
#1036 = CARTESIAN_POINT ( 'NONE',  ( 30.99999999999992895, 3.000000000000000000, -28.99999999999999645 ) ) ;
#1037 = VERTEX_POINT ( 'NONE', #1392 ) ;
#1038 = AXIS2_PLACEMENT_3D ( 'NONE', #525, #1119, #802 ) ;
#1039 = PLANE ( 'NONE',  #1700 ) ;
#1040 = VECTOR ( 'NONE', #424, 1000.000000000000000 ) ;
#1041 = ORIENTED_EDGE ( 'NONE', *, *, #263, .T. ) ;
#1042 = LINE ( 'NONE', #151, #1274 ) ;
#1043 = DIRECTION ( 'NONE',  ( -0.000000000000000000, 1.000000000000000000, -0.000000000000000000 ) ) ;
#1044 = LINE ( 'NONE', #1182, #1421 ) ;
#1045 = LINE ( 'NONE', #1336, #667 ) ;
#1046 = VERTEX_POINT ( 'NONE', #1241 ) ;
#1047 = EDGE_CURVE ( 'NONE', #1270, #1103, #1680, .T. ) ;
#1048 = DIRECTION ( 'NONE',  ( 0.000000000000000000, 0.000000000000000000, 1.000000000000000000 ) ) ;
#1049 = ORIENTED_EDGE ( 'NONE', *, *, #1430, .F. ) ;
#1050 = LINE ( 'NONE', #81, #828 ) ;
#1051 = EDGE_CURVE ( 'NONE', #674, #140, #672, .T. ) ;
#1052 = LINE ( 'NONE', #478, #757 ) ;
#1053 = CARTESIAN_POINT ( 'NONE',  ( 3.400000000000000355, 6.500000000000000000, -4.000000000000000000 ) ) ;
#1054 = DIRECTION ( 'NONE',  ( -0.000000000000000000, -1.000000000000000000, -0.000000000000000000 ) ) ;
#1055 = ORIENTED_EDGE ( 'NONE', *, *, #572, .F. ) ;
#1056 = EDGE_CURVE ( 'NONE', #452, #1801, #1269, .T. ) ;
#1057 = PRESENTATION_LAYER_ASSIGNMENT (  '', '', ( #968 ) ) ;
#1058 = DIRECTION ( 'NONE',  ( 0.000000000000000000, 0.000000000000000000, -1.000000000000000000 ) ) ;
#1059 = ORIENTED_EDGE ( 'NONE', *, *, #1263, .F. ) ;
#1060 = DIRECTION ( 'NONE',  ( 0.000000000000000000, 0.000000000000000000, 1.000000000000000000 ) ) ;
#1061 = PLANE ( 'NONE',  #1235 ) ;
#1062 = FACE_OUTER_BOUND ( 'NONE', #985, .T. ) ;
#1063 = PLANE ( 'NONE',  #453 ) ;
#1064 = ORIENTED_EDGE ( 'NONE', *, *, #1047, .F. ) ;
#1065 = CARTESIAN_POINT ( 'NONE',  ( 16.60000000000000142, 6.500000000000000000, 0.000000000000000000 ) ) ;
#1066 = VECTOR ( 'NONE', #1072, 1000.000000000000000 ) ;
#1067 = ORIENTED_EDGE ( 'NONE', *, *, #490, .T. ) ;
#1068 = VECTOR ( 'NONE', #1231, 1000.000000000000000 ) ;
#1069 = CARTESIAN_POINT ( 'NONE',  ( 12.00000000000000000, 0.000000000000000000, -4.000000000000000000 ) ) ;
#1070 = EDGE_CURVE ( 'NONE', #481, #116, #1829, .T. ) ;
#1071 = PLANE ( 'NONE',  #1327 ) ;
#1072 = DIRECTION ( 'NONE',  ( -1.000000000000000000, 0.000000000000000000, -1.445602896647338917E-16 ) ) ;
#1073 = EDGE_CURVE ( 'NONE', #1734, #4, #538, .T. ) ;
#1074 = EDGE_LOOP ( 'NONE', ( #317, #835, #1064, #1165 ) ) ;
#1075 = CARTESIAN_POINT ( 'NONE',  ( 30.99999999999992895, 3.000000000000000000, -28.99999999999999645 ) ) ;
#1076 = ORIENTED_EDGE ( 'NONE', *, *, #1685, .T. ) ;
#1077 = EDGE_CURVE ( 'NONE', #886, #56, #975, .T. ) ;
#1078 = CARTESIAN_POINT ( 'NONE',  ( 16.60000000000000142, 6.500000000000000000, 0.000000000000000000 ) ) ;
#1079 = EDGE_CURVE ( 'NONE', #628, #860, #1670, .T. ) ;
#1080 = PLANE ( 'NONE',  #63 ) ;
#1081 = DIRECTION ( 'NONE',  ( -0.000000000000000000, -1.000000000000000000, -0.000000000000000000 ) ) ;
#1082 = FACE_OUTER_BOUND ( 'NONE', #16, .T. ) ;
#1083 = ORIENTED_EDGE ( 'NONE', *, *, #1301, .F. ) ;
#1084 = LINE ( 'NONE', #1488, #42 ) ;
#1085 = ORIENTED_EDGE ( 'NONE', *, *, #526, .F. ) ;
#1086 = VECTOR ( 'NONE', #1054, 1000.000000000000000 ) ;
#1087 = FACE_OUTER_BOUND ( 'NONE', #1255, .T. ) ;
#1088 = DIRECTION ( 'NONE',  ( -0.000000000000000000, -1.000000000000000000, -0.000000000000000000 ) ) ;
#1089 = CARTESIAN_POINT ( 'NONE',  ( 28.00000000000000000, 0.000000000000000000, -3.999999999999999112 ) ) ;
#1090 = ORIENTED_EDGE ( 'NONE', *, *, #599, .T. ) ;
#1091 = LINE ( 'NONE', #374, #498 ) ;
#1092 = ADVANCED_FACE ( 'NONE', ( #556, #692 ), #403, .T. ) ;
#1093 = CARTESIAN_POINT ( 'NONE',  ( 36.60000000000000142, 6.500000000000000000, -4.000000000000000000 ) ) ;
#1094 = ORIENTED_EDGE ( 'NONE', *, *, #1468, .F. ) ;
#1095 = VECTOR ( 'NONE', #1380, 1000.000000000000000 ) ;
#1096 = AXIS2_PLACEMENT_3D ( 'NONE', #705, #603, #139 ) ;
#1097 = ORIENTED_EDGE ( 'NONE', *, *, #1051, .T. ) ;
#1098 = CARTESIAN_POINT ( 'NONE',  ( 18.00000000000000355, 16.50000000000000000, -3.999999999999999112 ) ) ;
#1099 = AXIS2_PLACEMENT_3D ( 'NONE', #1535, #1547, #1260 ) ;
#1100 = EDGE_CURVE ( 'NONE', #1440, #642, #1384, .T. ) ;
#1101 = CARTESIAN_POINT ( 'NONE',  ( 30.99999999999989697, 3.000000000000000000, -19.00000000000000000 ) ) ;
#1102 = CARTESIAN_POINT ( 'NONE',  ( 18.00000000000000355, 0.000000000000000000, -3.999999999999999112 ) ) ;
#1103 = VERTEX_POINT ( 'NONE', #119 ) ;
#1104 = DIRECTION ( 'NONE',  ( 0.000000000000000000, 0.000000000000000000, -1.000000000000000000 ) ) ;
#1105 = FACE_OUTER_BOUND ( 'NONE', #345, .T. ) ;
#1106 = EDGE_LOOP ( 'NONE', ( #383, #1137, #379, #745 ) ) ;
#1107 = EDGE_CURVE ( 'NONE', #207, #1178, #1561, .T. ) ;
#1108 = EDGE_LOOP ( 'NONE', ( #294, #185, #1593, #1771 ) ) ;
#1109 = CARTESIAN_POINT ( 'NONE',  ( 18.00000000000000355, 8.000000000000000000, -3.999999999999999112 ) ) ;
#1110 = DIRECTION ( 'NONE',  ( 1.000000000000000000, -0.000000000000000000, 0.000000000000000000 ) ) ;
#1111 = ORIENTED_EDGE ( 'NONE', *, *, #767, .F. ) ;
#1112 = CARTESIAN_POINT ( 'NONE',  ( 26.59999999999999787, 6.500000000000000000, 0.000000000000000000 ) ) ;
#1113 = EDGE_CURVE ( 'NONE', #780, #1615, #1810, .T. ) ;
#1114 = CARTESIAN_POINT ( 'NONE',  ( 28.00000000000000000, 8.000000000000000000, -6.999999999999999112 ) ) ;
#1115 = ORIENTED_EDGE ( 'NONE', *, *, #1127, .F. ) ;
#1116 = CIRCLE ( 'NONE', #420, 1.599999999999997202 ) ;
#1117 = DIRECTION ( 'NONE',  ( 0.000000000000000000, -0.000000000000000000, 1.000000000000000000 ) ) ;
#1118 = VECTOR ( 'NONE', #71, 1000.000000000000000 ) ;
#1119 = DIRECTION ( 'NONE',  ( 0.000000000000000000, 0.000000000000000000, 1.000000000000000000 ) ) ;
#1120 = LINE ( 'NONE', #361, #1294 ) ;
#1121 = ORIENTED_EDGE ( 'NONE', *, *, #1600, .F. ) ;
#1122 = CARTESIAN_POINT ( 'NONE',  ( 30.99999999999996447, 3.000000000000000000, -39.00000000000000000 ) ) ;
#1123 = CARTESIAN_POINT ( 'NONE',  ( 13.40000000000000036, 6.500000000000000000, 0.000000000000000000 ) ) ;
#1124 = ORIENTED_EDGE ( 'NONE', *, *, #267, .F. ) ;
#1125 = VECTOR ( 'NONE', #1279, 1000.000000000000000 ) ;
#1126 = VECTOR ( 'NONE', #1620, 1000.000000000000000 ) ;
#1127 = EDGE_CURVE ( 'NONE', #1132, #697, #1091, .T. ) ;
#1128 = VECTOR ( 'NONE', #1479, 1000.000000000000000 ) ;
#1129 = DIRECTION ( 'NONE',  ( 0.000000000000000000, 0.000000000000000000, -1.000000000000000000 ) ) ;
#1130 = ORIENTED_EDGE ( 'NONE', *, *, #1667, .F. ) ;
#1131 = EDGE_CURVE ( 'NONE', #642, #981, #1456, .T. ) ;
#1132 = VERTEX_POINT ( 'NONE', #128 ) ;
#1133 = FACE_OUTER_BOUND ( 'NONE', #417, .T. ) ;
#1134 = ORIENTED_EDGE ( 'NONE', *, *, #1107, .T. ) ;
#1135 = DIRECTION ( 'NONE',  ( -1.000000000000000000, 0.000000000000000000, 0.000000000000000000 ) ) ;
#1136 = EDGE_CURVE ( 'NONE', #614, #1503, #855, .T. ) ;
#1137 = ORIENTED_EDGE ( 'NONE', *, *, #1070, .T. ) ;
#1138 = ADVANCED_FACE ( 'NONE', ( #430 ), #564, .F. ) ;
#1139 = DIRECTION ( 'NONE',  ( -0.000000000000000000, -1.000000000000000000, -0.000000000000000000 ) ) ;
#1140 = EDGE_LOOP ( 'NONE', ( #462, #1076, #1115, #364, #766, #14, #1281, #196 ) ) ;
#1141 = CARTESIAN_POINT ( 'NONE',  ( 32.00000000000000000, 8.000000000000000000, 0.000000000000000000 ) ) ;
#1142 = EDGE_LOOP ( 'NONE', ( #511, #1147, #1606, #1794 ) ) ;
#1143 = CARTESIAN_POINT ( 'NONE',  ( 34.00000000000003553, -5.000000000000000888, -17.59999999999999787 ) ) ;
#1144 = VERTEX_POINT ( 'NONE', #1437 ) ;
#1145 = MECHANICAL_DESIGN_GEOMETRIC_PRESENTATION_REPRESENTATION (  '', ( #968 ), #1775 ) ;
#1146 = DIRECTION ( 'NONE',  ( 0.000000000000000000, 0.000000000000000000, 1.000000000000000000 ) ) ;
#1147 = ORIENTED_EDGE ( 'NONE', *, *, #1517, .T. ) ;
#1148 = CARTESIAN_POINT ( 'NONE',  ( 0.000000000000000000, 0.000000000000000000, 0.000000000000000000 ) ) ;
#1149 = ORIENTED_EDGE ( 'NONE', *, *, #734, .T. ) ;
#1150 = ADVANCED_FACE ( 'NONE', ( #731 ), #1602, .F. ) ;
#1151 = FACE_OUTER_BOUND ( 'NONE', #872, .T. ) ;
#1152 = ORIENTED_EDGE ( 'NONE', *, *, #1272, .T. ) ;
#1153 = CARTESIAN_POINT ( 'NONE',  ( 0.000000000000000000, 0.000000000000000000, 0.000000000000000000 ) ) ;
#1154 = FACE_OUTER_BOUND ( 'NONE', #941, .T. ) ;
#1155 = ADVANCED_FACE ( 'NONE', ( #1316 ), #1582, .F. ) ;
#1156 = VECTOR ( 'NONE', #1772, 1000.000000000000000 ) ;
#1157 = CARTESIAN_POINT ( 'NONE',  ( 36.99999999999989342, -0.000000000000000000, -13.00000000000000178 ) ) ;
#1158 = CARTESIAN_POINT ( 'NONE',  ( 36.99999999999992895, 3.000000000000000000, -28.99999999999999645 ) ) ;
#1159 = ORIENTED_EDGE ( 'NONE', *, *, #918, .F. ) ;
#1160 = VECTOR ( 'NONE', #833, 1000.000000000000000 ) ;
#1161 = LINE ( 'NONE', #1318, #1040 ) ;
#1162 = VERTEX_POINT ( 'NONE', #1428 ) ;
#1163 = DIRECTION ( 'NONE',  ( -0.000000000000000000, -1.000000000000000000, -0.000000000000000000 ) ) ;
#1164 = DIRECTION ( 'NONE',  ( -8.673617379884035472E-16, -0.000000000000000000, 1.000000000000000000 ) ) ;
#1165 = ORIENTED_EDGE ( 'NONE', *, *, #940, .F. ) ;
#1166 = CARTESIAN_POINT ( 'NONE',  ( 30.99999999999992895, 3.000000000000000000, -28.99999999999999645 ) ) ;
#1167 = DIRECTION ( 'NONE',  ( -1.000000000000000000, -0.000000000000000000, -0.000000000000000000 ) ) ;
#1168 = ORIENTED_EDGE ( 'NONE', *, *, #13, .F. ) ;
#1169 = LINE ( 'NONE', #858, #1217 ) ;
#1170 = VERTEX_POINT ( 'NONE', #571 ) ;
#1171 = DIRECTION ( 'NONE',  ( 0.000000000000000000, 0.000000000000000000, 1.000000000000000000 ) ) ;
#1172 = CARTESIAN_POINT ( 'NONE',  ( 34.00000000000000000, 8.000000000000000000, -26.00000000000000355 ) ) ;
#1173 = AXIS2_PLACEMENT_3D ( 'NONE', #881, #1850, #293 ) ;
#1174 = DIRECTION ( 'NONE',  ( 0.000000000000000000, 0.000000000000000000, 1.000000000000000000 ) ) ;
#1175 = CARTESIAN_POINT ( 'NONE',  ( 16.60000000000000142, 0.000000000000000000, 0.000000000000000000 ) ) ;
#1176 = ORIENTED_EDGE ( 'NONE', *, *, #1207, .F. ) ;
#1177 = DIRECTION ( 'NONE',  ( -0.000000000000000000, -1.000000000000000000, -0.000000000000000000 ) ) ;
#1178 = VERTEX_POINT ( 'NONE', #1017 ) ;
#1179 = DIRECTION ( 'NONE',  ( 1.000000000000000000, -0.000000000000000000, 8.673617379884037444E-16 ) ) ;
#1180 = LINE ( 'NONE', #1646, #514 ) ;
#1181 = EDGE_CURVE ( 'NONE', #1659, #1440, #1280, .T. ) ;
#1182 = CARTESIAN_POINT ( 'NONE',  ( 32.00000000000000000, 16.50000000000000000, -7.000000000000000888 ) ) ;
#1183 = DIRECTION ( 'NONE',  ( -0.000000000000000000, -1.000000000000000000, -0.000000000000000000 ) ) ;
#1184 = EDGE_LOOP ( 'NONE', ( #455, #487, #1862, #741 ) ) ;
#1185 = AXIS2_PLACEMENT_3D ( 'NONE', #1653, #1208, #1218 ) ;
#1186 = ADVANCED_FACE ( 'NONE', ( #1447 ), #146, .F. ) ;
#1187 = VECTOR ( 'NONE', #864, 1000.000000000000000 ) ;
#1188 = LINE ( 'NONE', #47, #801 ) ;
#1189 = VECTOR ( 'NONE', #1366, 1000.000000000000000 ) ;
#1190 = ORIENTED_EDGE ( 'NONE', *, *, #490, .F. ) ;
#1191 = CARTESIAN_POINT ( 'NONE',  ( 34.00000000000003553, 8.000000000000000000, -14.40000000000000213 ) ) ;
#1192 = LINE ( 'NONE', #770, #1028 ) ;
#1193 = EDGE_CURVE ( 'NONE', #4, #67, #1731, .T. ) ;
#1194 = LINE ( 'NONE', #743, #733 ) ;
#1195 = SURFACE_SIDE_STYLE ('',( #623 ) ) ;
#1196 = ORIENTED_EDGE ( 'NONE', *, *, #1293, .T. ) ;
#1197 = CARTESIAN_POINT ( 'NONE',  ( 33.39999999999999858, 0.000000000000000000, -4.000000000000000000 ) ) ;
#1198 = EDGE_LOOP ( 'NONE', ( #732, #1664, #509, #574 ) ) ;
#1199 = DIRECTION ( 'NONE',  ( 0.000000000000000000, 0.000000000000000000, -1.000000000000000000 ) ) ;
#1200 = FACE_OUTER_BOUND ( 'NONE', #851, .T. ) ;
#1201 = CARTESIAN_POINT ( 'NONE',  ( 38.00000000000000000, 0.000000000000000000, -6.999999999999999112 ) ) ;
#1202 = CARTESIAN_POINT ( 'NONE',  ( 36.99999999999992895, 3.000000000000000000, -23.00000000000000000 ) ) ;
#1203 = ORIENTED_EDGE ( 'NONE', *, *, #131, .T. ) ;
#1204 = VECTOR ( 'NONE', #1129, 1000.000000000000000 ) ;
#1205 = CARTESIAN_POINT ( 'NONE',  ( 30.99999999999989697, 0.000000000000000000, -13.00000000000000178 ) ) ;
#1206 = ORIENTED_EDGE ( 'NONE', *, *, #1667, .T. ) ;
#1207 = EDGE_CURVE ( 'NONE', #223, #1675, #442, .T. ) ;
#1208 = DIRECTION ( 'NONE',  ( -0.000000000000000000, 1.000000000000000000, -0.000000000000000000 ) ) ;
#1209 = DIRECTION ( 'NONE',  ( 2.891205793294678326E-16, 0.000000000000000000, -1.000000000000000000 ) ) ;
#1210 = CARTESIAN_POINT ( 'NONE',  ( 30.99999999999992895, 3.000000000000000000, -23.00000000000000000 ) ) ;
#1211 = FACE_OUTER_BOUND ( 'NONE', #1213, .T. ) ;
#1212 = EDGE_CURVE ( 'NONE', #783, #334, #1417, .T. ) ;
#1213 = EDGE_LOOP ( 'NONE', ( #1586, #113, #653, #355 ) ) ;
#1214 = LINE ( 'NONE', #916, #707 ) ;
#1215 = VECTOR ( 'NONE', #360, 1000.000000000000000 ) ;
#1216 = ORIENTED_EDGE ( 'NONE', *, *, #1600, .T. ) ;
#1217 = VECTOR ( 'NONE', #1011, 1000.000000000000000 ) ;
#1218 = DIRECTION ( 'NONE',  ( 0.000000000000000000, 0.000000000000000000, 1.000000000000000000 ) ) ;
#1219 = VERTEX_POINT ( 'NONE', #885 ) ;
#1220 = DIRECTION ( 'NONE',  ( 4.336808689942018722E-16, 0.000000000000000000, -1.000000000000000000 ) ) ;
#1221 = FACE_OUTER_BOUND ( 'NONE', #724, .T. ) ;
#1222 = CARTESIAN_POINT ( 'NONE',  ( 33.99999999999996447, -5.000000000000000888, -36.00000000000000711 ) ) ;
#1223 = DIRECTION ( 'NONE',  ( -1.000000000000000000, -0.000000000000000000, -0.000000000000000000 ) ) ;
#1224 = ORIENTED_EDGE ( 'NONE', *, *, #627, .T. ) ;
#1225 = FACE_BOUND ( 'NONE', #647, .T. ) ;
#1226 =( NAMED_UNIT ( * ) SI_UNIT ( $, .STERADIAN. ) SOLID_ANGLE_UNIT ( ) );
#1227 = EDGE_CURVE ( 'NONE', #93, #225, #1861, .T. ) ;
#1228 = CARTESIAN_POINT ( 'NONE',  ( 22.00000000000000000, 0.000000000000000000, -7.000000000000000888 ) ) ;
#1229 = CARTESIAN_POINT ( 'NONE',  ( 5.782411586589365527E-16, 8.000000000000000000, -4.000000000000004441 ) ) ;
#1230 = VERTEX_POINT ( 'NONE', #3 ) ;
#1231 = DIRECTION ( 'NONE',  ( -0.000000000000000000, -1.000000000000000000, -0.000000000000000000 ) ) ;
#1232 = VECTOR ( 'NONE', #892, 1000.000000000000000 ) ;
#1233 = LINE ( 'NONE', #335, #339 ) ;
#1234 = ORIENTED_EDGE ( 'NONE', *, *, #973, .T. ) ;
#1235 = AXIS2_PLACEMENT_3D ( 'NONE', #922, #1209, #1784 ) ;
#1236 = VERTEX_POINT ( 'NONE', #1036 ) ;
#1237 = DIRECTION ( 'NONE',  ( 0.000000000000000000, 0.000000000000000000, -1.000000000000000000 ) ) ;
#1238 = CARTESIAN_POINT ( 'NONE',  ( 36.99999999999996447, 3.000000000000000000, -33.00000000000000000 ) ) ;
#1239 = EDGE_CURVE ( 'NONE', #97, #982, #583, .T. ) ;
#1240 = ORIENTED_EDGE ( 'NONE', *, *, #1193, .F. ) ;
#1241 = CARTESIAN_POINT ( 'NONE',  ( 18.00000000000000355, 0.000000000000000000, -3.999999999999999112 ) ) ;
#1242 = EDGE_CURVE ( 'NONE', #1328, #1412, #999, .T. ) ;
#1243 = DIRECTION ( 'NONE',  ( -0.000000000000000000, -1.000000000000000000, -0.000000000000000000 ) ) ;
#1244 = AXIS2_PLACEMENT_3D ( 'NONE', #1210, #199, #192 ) ;
#1245 = ORIENTED_EDGE ( 'NONE', *, *, #746, .F. ) ;
#1246 = ORIENTED_EDGE ( 'NONE', *, *, #1804, .T. ) ;
#1247 = DIRECTION ( 'NONE',  ( 0.000000000000000000, 0.000000000000000000, -1.000000000000000000 ) ) ;
#1248 = VECTOR ( 'NONE', #1780, 1000.000000000000000 ) ;
#1249 = CARTESIAN_POINT ( 'NONE',  ( 16.60000000000000497, 6.500000000000000000, -4.000000000000000000 ) ) ;
#1250 = EDGE_CURVE ( 'NONE', #207, #465, #594, .T. ) ;
#1251 = CARTESIAN_POINT ( 'NONE',  ( 30.99999999999989697, 3.000000000000000000, -13.00000000000000178 ) ) ;
#1252 = ORIENTED_EDGE ( 'NONE', *, *, #346, .T. ) ;
#1253 = CARTESIAN_POINT ( 'NONE',  ( 30.99999999999992895, 0.000000000000000000, -23.00000000000000000 ) ) ;
#1254 = DIRECTION ( 'NONE',  ( 0.000000000000000000, 0.000000000000000000, 1.000000000000000000 ) ) ;
#1255 = EDGE_LOOP ( 'NONE', ( #288, #413, #446, #1521 ) ) ;
#1256 = PLANE ( 'NONE',  #1296 ) ;
#1257 = LINE ( 'NONE', #651, #1671 ) ;
#1258 = DIRECTION ( 'NONE',  ( -1.000000000000000000, -0.000000000000000000, -0.000000000000000000 ) ) ;
#1259 = ORIENTED_EDGE ( 'NONE', *, *, #739, .T. ) ;
#1260 = DIRECTION ( 'NONE',  ( 0.000000000000000000, 0.000000000000000000, 1.000000000000000000 ) ) ;
#1261 = LINE ( 'NONE', #1822, #1821 ) ;
#1262 = VERTEX_POINT ( 'NONE', #744 ) ;
#1263 = EDGE_CURVE ( 'NONE', #1675, #1546, #22, .T. ) ;
#1264 = VECTOR ( 'NONE', #1183, 1000.000000000000000 ) ;
#1265 = EDGE_CURVE ( 'NONE', #243, #1311, #271, .T. ) ;
#1266 = CARTESIAN_POINT ( 'NONE',  ( 34.00000000000003553, 2.999999999999999112, -16.00000000000000000 ) ) ;
#1267 = EDGE_CURVE ( 'NONE', #1170, #1699, #327, .T. ) ;
#1268 = ORIENTED_EDGE ( 'NONE', *, *, #68, .F. ) ;
#1269 = LINE ( 'NONE', #1253, #11 ) ;
#1270 = VERTEX_POINT ( 'NONE', #931 ) ;
#1271 = DIRECTION ( 'NONE',  ( -1.000000000000000000, 0.000000000000000000, 0.000000000000000000 ) ) ;
#1272 = EDGE_CURVE ( 'NONE', #1783, #35, #1476, .T. ) ;
#1273 = ORIENTED_EDGE ( 'NONE', *, *, #1574, .F. ) ;
#1274 = VECTOR ( 'NONE', #1032, 1000.000000000000000 ) ;
#1275 = AXIS2_PLACEMENT_3D ( 'NONE', #1570, #1027, #1308 ) ;
#1276 = VECTOR ( 'NONE', #475, 1000.000000000000000 ) ;
#1277 = CARTESIAN_POINT ( 'NONE',  ( 0.000000000000000000, 0.000000000000000000, 0.000000000000000000 ) ) ;
#1278 = ORIENTED_EDGE ( 'NONE', *, *, #269, .T. ) ;
#1279 = DIRECTION ( 'NONE',  ( -1.000000000000000000, 0.000000000000000000, -1.445602896647339656E-16 ) ) ;
#1280 = LINE ( 'NONE', #1141, #1424 ) ;
#1281 = ORIENTED_EDGE ( 'NONE', *, *, #346, .F. ) ;
#1282 = LINE ( 'NONE', #839, #979 ) ;
#1283 = VERTEX_POINT ( 'NONE', #1502 ) ;
#1284 = DIRECTION ( 'NONE',  ( -0.000000000000000000, -1.000000000000000000, -0.000000000000000000 ) ) ;
#1285 = EDGE_CURVE ( 'NONE', #737, #1702, #633, .T. ) ;
#1286 = CARTESIAN_POINT ( 'NONE',  ( 0.000000000000000000, 0.000000000000000000, 0.000000000000000000 ) ) ;
#1287 = CARTESIAN_POINT ( 'NONE',  ( 38.00000000000000000, 16.50000000000000000, -6.999999999999999112 ) ) ;
#1288 = ORIENTED_EDGE ( 'NONE', *, *, #1745, .T. ) ;
#1289 = EDGE_CURVE ( 'NONE', #614, #560, #1768, .T. ) ;
#1290 = DIRECTION ( 'NONE',  ( -0.000000000000000000, -1.000000000000000000, -0.000000000000000000 ) ) ;
#1291 = VERTEX_POINT ( 'NONE', #1777 ) ;
#1292 = DIRECTION ( 'NONE',  ( 1.000000000000000000, 0.000000000000000000, -0.000000000000000000 ) ) ;
#1293 = EDGE_CURVE ( 'NONE', #1046, #1675, #1045, .T. ) ;
#1294 = VECTOR ( 'NONE', #1694, 1000.000000000000000 ) ;
#1295 = DIRECTION ( 'NONE',  ( -0.000000000000000000, -1.000000000000000000, -0.000000000000000000 ) ) ;
#1296 = AXIS2_PLACEMENT_3D ( 'NONE', #1098, #1676, #810 ) ;
#1297 = ORIENTED_EDGE ( 'NONE', *, *, #688, .F. ) ;
#1298 = DIRECTION ( 'NONE',  ( 0.000000000000000000, 0.000000000000000000, -1.000000000000000000 ) ) ;
#1299 = EDGE_LOOP ( 'NONE', ( #102, #555, #449, #1730 ) ) ;
#1300 = DIRECTION ( 'NONE',  ( 0.000000000000000000, 0.000000000000000000, 1.000000000000000000 ) ) ;
#1301 = EDGE_CURVE ( 'NONE', #1436, #1270, #641, .T. ) ;
#1302 = ORIENTED_EDGE ( 'NONE', *, *, #1227, .F. ) ;
#1303 = LINE ( 'NONE', #1576, #1338 ) ;
#1304 = CARTESIAN_POINT ( 'NONE',  ( 36.99999999999996447, 3.000000000000000000, -33.00000000000000000 ) ) ;
#1305 = AXIS2_PLACEMENT_3D ( 'NONE', #1013, #1471, #1618 ) ;
#1306 = VECTOR ( 'NONE', #673, 1000.000000000000000 ) ;
#1307 = ORIENTED_EDGE ( 'NONE', *, *, #665, .F. ) ;
#1308 = DIRECTION ( 'NONE',  ( 0.000000000000000000, 0.000000000000000000, -1.000000000000000000 ) ) ;
#1309 = EDGE_LOOP ( 'NONE', ( #593, #1334, #963, #1661 ) ) ;
#1310 = CARTESIAN_POINT ( 'NONE',  ( 38.00000000000000000, 0.000000000000000000, -3.999999999999999112 ) ) ;
#1311 = VERTEX_POINT ( 'NONE', #1466 ) ;
#1312 = DIRECTION ( 'NONE',  ( 0.000000000000000000, 0.000000000000000000, -1.000000000000000000 ) ) ;
#1313 = CARTESIAN_POINT ( 'NONE',  ( 3.400000000000000355, 6.500000000000000000, -4.000000000000000000 ) ) ;
#1314 = ORIENTED_EDGE ( 'NONE', *, *, #68, .T. ) ;
#1315 = LINE ( 'NONE', #1053, #524 ) ;
#1316 = FACE_OUTER_BOUND ( 'NONE', #1391, .T. ) ;
#1317 = EDGE_LOOP ( 'NONE', ( #837, #393, #84, #358 ) ) ;
#1318 = CARTESIAN_POINT ( 'NONE',  ( 23.40000000000000213, 0.000000000000000000, 0.000000000000000000 ) ) ;
#1319 = ORIENTED_EDGE ( 'NONE', *, *, #202, .F. ) ;
#1320 = FACE_OUTER_BOUND ( 'NONE', #325, .T. ) ;
#1321 = EDGE_CURVE ( 'NONE', #1230, #452, #1326, .T. ) ;
#1322 = DIRECTION ( 'NONE',  ( 0.000000000000000000, 0.000000000000000000, -1.000000000000000000 ) ) ;
#1323 = EDGE_CURVE ( 'NONE', #314, #935, #1495, .T. ) ;
#1324 = VECTOR ( 'NONE', #500, 1000.000000000000000 ) ;
#1325 = LINE ( 'NONE', #31, #1549 ) ;
#1326 = LINE ( 'NONE', #1202, #91 ) ;
#1327 = AXIS2_PLACEMENT_3D ( 'NONE', #791, #929, #1500 ) ;
#1328 = VERTEX_POINT ( 'NONE', #171 ) ;
#1329 = CARTESIAN_POINT ( 'NONE',  ( 30.99999999999992895, 3.000000000000000000, -28.99999999999999645 ) ) ;
#1330 = VERTEX_POINT ( 'NONE', #1356 ) ;
#1331 = ADVANCED_FACE ( 'NONE', ( #1211 ), #1063, .F. ) ;
#1332 = LINE ( 'NONE', #1735, #1756 ) ;
#1333 = LINE ( 'NONE', #1493, #549 ) ;
#1334 = ORIENTED_EDGE ( 'NONE', *, *, #1611, .F. ) ;
#1335 = DIRECTION ( 'NONE',  ( 0.000000000000000000, 0.000000000000000000, 1.000000000000000000 ) ) ;
#1336 = CARTESIAN_POINT ( 'NONE',  ( 18.00000000000000355, 0.000000000000000000, -3.999999999999999112 ) ) ;
#1337 = ORIENTED_EDGE ( 'NONE', *, *, #989, .F. ) ;
#1338 = VECTOR ( 'NONE', #1607, 1000.000000000000000 ) ;
#1339 = MANIFOLD_SOLID_BREP ( 'ÇÐ³ý-À­Éì8', #884 ) ;
#1340 = VECTOR ( 'NONE', #873, 1000.000000000000000 ) ;
#1341 = DIRECTION ( 'NONE',  ( 1.000000000000000000, -0.000000000000000000, 0.000000000000000000 ) ) ;
#1342 = AXIS2_PLACEMENT_3D ( 'NONE', #1402, #964, #94 ) ;
#1343 = VERTEX_POINT ( 'NONE', #782 ) ;
#1344 = CARTESIAN_POINT ( 'NONE',  ( 33.99999999999996447, 2.999999999999999112, -36.00000000000000711 ) ) ;
#1345 = CARTESIAN_POINT ( 'NONE',  ( 28.00000000000000000, 8.000000000000000000, -3.999999999999999112 ) ) ;
#1346 = DIRECTION ( 'NONE',  ( -1.000000000000000000, 0.000000000000000000, -1.445602896647339163E-16 ) ) ;
#1347 = DIRECTION ( 'NONE',  ( -0.000000000000000000, 1.000000000000000000, -0.000000000000000000 ) ) ;
#1348 = ORIENTED_EDGE ( 'NONE', *, *, #284, .F. ) ;
#1349 = FACE_OUTER_BOUND ( 'NONE', #1184, .T. ) ;
#1350 = EDGE_LOOP ( 'NONE', ( #1839, #584, #1446, #1224 ) ) ;
#1351 = CYLINDRICAL_SURFACE ( 'NONE', #1185, 1.599999999999997202 ) ;
#1352 = EDGE_CURVE ( 'NONE', #481, #567, #62, .T. ) ;
#1353 = ORIENTED_EDGE ( 'NONE', *, *, #123, .F. ) ;
#1354 = DIRECTION ( 'NONE',  ( 0.000000000000000000, 0.000000000000000000, -1.000000000000000000 ) ) ;
#1355 = FACE_OUTER_BOUND ( 'NONE', #1317, .T. ) ;
#1356 = CARTESIAN_POINT ( 'NONE',  ( 6.599999999999999645, 6.500000000000000000, 0.000000000000000000 ) ) ;
#1357 = ORIENTED_EDGE ( 'NONE', *, *, #1714, .T. ) ;
#1358 = VECTOR ( 'NONE', #639, 1000.000000000000000 ) ;
#1359 = CARTESIAN_POINT ( 'NONE',  ( 13.40000000000000036, 6.500000000000000000, 0.000000000000000000 ) ) ;
#1360 = ORIENTED_EDGE ( 'NONE', *, *, #247, .F. ) ;
#1361 = DIRECTION ( 'NONE',  ( 0.000000000000000000, -0.000000000000000000, -1.000000000000000000 ) ) ;
#1362 = VECTOR ( 'NONE', #1298, 1000.000000000000000 ) ;
#1363 = DIRECTION ( 'NONE',  ( 0.000000000000000000, 0.000000000000000000, 1.000000000000000000 ) ) ;
#1364 = VERTEX_POINT ( 'NONE', #1648 ) ;
#1365 = CARTESIAN_POINT ( 'NONE',  ( 5.782411586589360597E-16, 8.000000000000000000, -4.000000000000003553 ) ) ;
#1366 = DIRECTION ( 'NONE',  ( -1.000000000000000000, 0.000000000000000000, -1.445602896647339656E-16 ) ) ;
#1367 = VECTOR ( 'NONE', #381, 1000.000000000000000 ) ;
#1368 = ORIENTED_EDGE ( 'NONE', *, *, #375, .F. ) ;
#1369 = AXIS2_PLACEMENT_3D ( 'NONE', #257, #1271, #1386 ) ;
#1370 = CARTESIAN_POINT ( 'NONE',  ( 13.40000000000000036, 6.500000000000000000, -4.000000000000000000 ) ) ;
#1371 = LINE ( 'NONE', #1379, #1118 ) ;
#1372 = CARTESIAN_POINT ( 'NONE',  ( 32.00000000000000000, 0.000000000000000000, -4.000000000000000000 ) ) ;
#1373 = DIRECTION ( 'NONE',  ( 0.000000000000000000, 0.000000000000000000, -1.000000000000000000 ) ) ;
#1374 = VERTEX_POINT ( 'NONE', #613 ) ;
#1375 = DIRECTION ( 'NONE',  ( -0.000000000000000000, -1.000000000000000000, -0.000000000000000000 ) ) ;
#1376 = CARTESIAN_POINT ( 'NONE',  ( 23.40000000000000213, 0.000000000000000000, 0.000000000000000000 ) ) ;
#1377 = ADVANCED_FACE ( 'NONE', ( #793 ), #902, .F. ) ;
#1378 = ORIENTED_EDGE ( 'NONE', *, *, #1136, .F. ) ;
#1379 = CARTESIAN_POINT ( 'NONE',  ( 36.99999999999989342, 0.000000000000000000, -13.00000000000000178 ) ) ;
#1380 = DIRECTION ( 'NONE',  ( 0.000000000000000000, 0.000000000000000000, 1.000000000000000000 ) ) ;
#1381 = PLANE ( 'NONE',  #242 ) ;
#1382 = EDGE_CURVE ( 'NONE', #1144, #1178, #1678, .T. ) ;
#1383 = ORIENTED_EDGE ( 'NONE', *, *, #289, .T. ) ;
#1384 = LINE ( 'NONE', #1410, #255 ) ;
#1385 = VECTOR ( 'NONE', #762, 1000.000000000000000 ) ;
#1386 = DIRECTION ( 'NONE',  ( 0.000000000000000000, 0.000000000000000000, 1.000000000000000000 ) ) ;
#1387 = ORIENTED_EDGE ( 'NONE', *, *, #1464, .F. ) ;
#1388 = ADVANCED_FACE ( 'NONE', ( #382 ), #101, .F. ) ;
#1389 = DIRECTION ( 'NONE',  ( -1.000000000000000000, -0.000000000000000000, -0.000000000000000000 ) ) ;
#1390 = LINE ( 'NONE', #545, #1865 ) ;
#1391 = EDGE_LOOP ( 'NONE', ( #496, #1234, #907, #1729, #1429, #377, #138, #890 ) ) ;
#1392 = CARTESIAN_POINT ( 'NONE',  ( 30.99999999999992895, 0.000000000000000000, -28.99999999999999645 ) ) ;
#1393 = DIRECTION ( 'NONE',  ( 0.000000000000000000, 0.000000000000000000, 1.000000000000000000 ) ) ;
#1394 = CIRCLE ( 'NONE', #1786, 1.599999999999997202 ) ;
#1395 = ORIENTED_EDGE ( 'NONE', *, *, #940, .T. ) ;
#1396 = VECTOR ( 'NONE', #1519, 1000.000000000000000 ) ;
#1397 = CARTESIAN_POINT ( 'NONE',  ( 34.00000000000003553, 2.999999999999999112, -14.40000000000000213 ) ) ;
#1398 = VECTOR ( 'NONE', #1375, 1000.000000000000000 ) ;
#1399 = DIRECTION ( 'NONE',  ( 0.000000000000000000, 0.000000000000000000, 1.000000000000000000 ) ) ;
#1400 = LINE ( 'NONE', #260, #786 ) ;
#1401 = EDGE_LOOP ( 'NONE', ( #1707, #298, #1378, #1460 ) ) ;
#1402 = CARTESIAN_POINT ( 'NONE',  ( 34.00000000000000000, -5.000000000000000888, -26.00000000000000355 ) ) ;
#1403 = ADVANCED_FACE ( 'NONE', ( #803 ), #658, .F. ) ;
#1404 = DIRECTION ( 'NONE',  ( -1.000000000000000000, 0.000000000000000000, -1.445602896647339163E-16 ) ) ;
#1405 = VERTEX_POINT ( 'NONE', #980 ) ;
#1406 = EDGE_CURVE ( 'NONE', #1328, #1230, #1400, .T. ) ;
#1407 = DIRECTION ( 'NONE',  ( 0.000000000000000000, 0.000000000000000000, -1.000000000000000000 ) ) ;
#1408 = EDGE_CURVE ( 'NONE', #35, #1046, #954, .T. ) ;
#1409 = ORIENTED_EDGE ( 'NONE', *, *, #375, .T. ) ;
#1410 = CARTESIAN_POINT ( 'NONE',  ( 2.023844055306278625E-15, 8.000000000000000000, -7.000000000000010658 ) ) ;
#1411 = LINE ( 'NONE', #539, #1306 ) ;
#1412 = VERTEX_POINT ( 'NONE', #1533 ) ;
#1413 = VECTOR ( 'NONE', #391, 1000.000000000000000 ) ;
#1414 = AXIS2_PLACEMENT_3D ( 'NONE', #1665, #542, #1220 ) ;
#1415 = LINE ( 'NONE', #1559, #874 ) ;
#1416 = ORIENTED_EDGE ( 'NONE', *, *, #1585, .T. ) ;
#1417 = LINE ( 'NONE', #714, #66 ) ;
#1418 = VERTEX_POINT ( 'NONE', #1806 ) ;
#1419 = CYLINDRICAL_SURFACE ( 'NONE', #736, 1.599999999999997202 ) ;
#1420 = ORIENTED_EDGE ( 'NONE', *, *, #131, .F. ) ;
#1421 = VECTOR ( 'NONE', #1494, 1000.000000000000000 ) ;
#1422 = EDGE_CURVE ( 'NONE', #1178, #1445, #399, .T. ) ;
#1423 = VECTOR ( 'NONE', #579, 1000.000000000000000 ) ;
#1424 = VECTOR ( 'NONE', #164, 1000.000000000000000 ) ;
#1425 = VECTOR ( 'NONE', #1290, 1000.000000000000000 ) ;
#1426 = LINE ( 'NONE', #720, #695 ) ;
#1427 = DIRECTION ( 'NONE',  ( -0.000000000000000000, -1.000000000000000000, -0.000000000000000000 ) ) ;
#1428 = CARTESIAN_POINT ( 'NONE',  ( 33.99999999999996447, 2.999999999999999112, -34.40000000000000568 ) ) ;
#1429 = ORIENTED_EDGE ( 'NONE', *, *, #1079, .T. ) ;
#1430 = EDGE_CURVE ( 'NONE', #1219, #595, #240, .T. ) ;
#1431 = DIRECTION ( 'NONE',  ( 0.000000000000000000, -1.000000000000000000, 0.000000000000000000 ) ) ;
#1432 = VERTEX_POINT ( 'NONE', #820 ) ;
#1433 = FACE_OUTER_BOUND ( 'NONE', #704, .T. ) ;
#1434 = DIRECTION ( 'NONE',  ( -0.000000000000000000, -1.000000000000000000, -0.000000000000000000 ) ) ;
#1435 = EDGE_CURVE ( 'NONE', #1568, #1801, #1390, .T. ) ;
#1436 = VERTEX_POINT ( 'NONE', #1251 ) ;
#1437 = CARTESIAN_POINT ( 'NONE',  ( 40.00000000000000000, 0.000000000000000000, 0.000000000000000000 ) ) ;
#1438 = ORIENTED_EDGE ( 'NONE', *, *, #627, .F. ) ;
#1439 = DIRECTION ( 'NONE',  ( 0.000000000000000000, 0.000000000000000000, 1.000000000000000000 ) ) ;
#1440 = VERTEX_POINT ( 'NONE', #836 ) ;
#1441 = CARTESIAN_POINT ( 'NONE',  ( 38.00000000000000000, 16.50000000000000000, -3.999999999999999112 ) ) ;
#1442 = ADVANCED_FACE ( 'NONE', ( #1512 ), #1381, .F. ) ;
#1443 = VECTOR ( 'NONE', #1164, 1000.000000000000000 ) ;
#1444 = DIRECTION ( 'NONE',  ( -0.000000000000000000, -0.000000000000000000, 1.000000000000000000 ) ) ;
#1445 = VERTEX_POINT ( 'NONE', #1545 ) ;
#1446 = ORIENTED_EDGE ( 'NONE', *, *, #959, .F. ) ;
#1447 = FACE_OUTER_BOUND ( 'NONE', #1478, .T. ) ;
#1448 = ORIENTED_EDGE ( 'NONE', *, *, #1136, .T. ) ;
#1449 = FACE_BOUND ( 'NONE', #958, .T. ) ;
#1450 = ORIENTED_EDGE ( 'NONE', *, *, #526, .T. ) ;
#1451 = DIRECTION ( 'NONE',  ( -0.000000000000000000, 1.000000000000000000, -0.000000000000000000 ) ) ;
#1452 = LINE ( 'NONE', #740, #1658 ) ;
#1453 = AXIS2_PLACEMENT_3D ( 'NONE', #309, #1451, #1171 ) ;
#1454 = CIRCLE ( 'NONE', #1010, 1.599999999999997202 ) ;
#1455 = VERTEX_POINT ( 'NONE', #83 ) ;
#1456 = LINE ( 'NONE', #1287, #134 ) ;
#1457 = VERTEX_POINT ( 'NONE', #117 ) ;
#1458 = EDGE_CURVE ( 'NONE', #1831, #207, #251, .T. ) ;
#1459 = PLANE ( 'NONE',  #587 ) ;
#1460 = ORIENTED_EDGE ( 'NONE', *, *, #1289, .T. ) ;
#1461 = DIRECTION ( 'NONE',  ( -0.000000000000000000, -0.000000000000000000, 1.000000000000000000 ) ) ;
#1462 = EDGE_CURVE ( 'NONE', #1364, #1659, #690, .T. ) ;
#1463 = FACE_OUTER_BOUND ( 'NONE', #1108, .T. ) ;
#1464 = EDGE_CURVE ( 'NONE', #1546, #567, #1834, .T. ) ;
#1465 = DIRECTION ( 'NONE',  ( 0.000000000000000000, 1.000000000000000000, 0.000000000000000000 ) ) ;
#1466 = CARTESIAN_POINT ( 'NONE',  ( 30.99999999999996447, 3.000000000000000000, -33.00000000000000000 ) ) ;
#1467 = ORIENTED_EDGE ( 'NONE', *, *, #800, .F. ) ;
#1468 = EDGE_CURVE ( 'NONE', #582, #1835, #1120, .T. ) ;
#1469 = LINE ( 'NONE', #1310, #589 ) ;
#1470 = EDGE_LOOP ( 'NONE', ( #870, #1496 ) ) ;
#1471 = DIRECTION ( 'NONE',  ( 0.000000000000000000, 0.000000000000000000, -1.000000000000000000 ) ) ;
#1472 = FACE_OUTER_BOUND ( 'NONE', #826, .T. ) ;
#1473 = ORIENTED_EDGE ( 'NONE', *, *, #1352, .F. ) ;
#1474 = AXIS2_PLACEMENT_3D ( 'NONE', #750, #179, #899 ) ;
#1475 = CARTESIAN_POINT ( 'NONE',  ( 18.00000000000000355, 0.000000000000000000, -3.999999999999999112 ) ) ;
#1476 = LINE ( 'NONE', #331, #1688 ) ;
#1477 = AXIS2_PLACEMENT_3D ( 'NONE', #1619, #621, #778 ) ;
#1478 = EDGE_LOOP ( 'NONE', ( #410, #1420, #1513, #1781 ) ) ;
#1479 = DIRECTION ( 'NONE',  ( -1.000000000000000000, -0.000000000000000000, -0.000000000000000000 ) ) ;
#1480 = EDGE_LOOP ( 'NONE', ( #924, #1565 ) ) ;
#1481 = DIRECTION ( 'NONE',  ( -1.000000000000000000, 0.000000000000000000, 0.000000000000000000 ) ) ;
#1482 = DIRECTION ( 'NONE',  ( 1.000000000000000000, 0.000000000000000000, 0.000000000000000000 ) ) ;
#1483 = EDGE_CURVE ( 'NONE', #1015, #1817, #513, .T. ) ;
#1484 = FACE_OUTER_BOUND ( 'NONE', #897, .T. ) ;
#1485 = FILL_AREA_STYLE_COLOUR ( '', #573 ) ;
#1486 = EDGE_LOOP ( 'NONE', ( #1259, #1152, #373, #932 ) ) ;
#1487 = VECTOR ( 'NONE', #437, 1000.000000000000000 ) ;
#1488 = CARTESIAN_POINT ( 'NONE',  ( 23.40000000000000213, 6.500000000000000000, 0.000000000000000000 ) ) ;
#1489 = AXIS2_PLACEMENT_3D ( 'NONE', #1030, #1605, #306 ) ;
#1490 = EDGE_LOOP ( 'NONE', ( #351, #228, #1695, #1134 ) ) ;
#1491 = ADVANCED_FACE ( 'NONE', ( #1082, #1656 ), #1668, .T. ) ;
#1492 = DIRECTION ( 'NONE',  ( 0.000000000000000000, -1.000000000000000000, 0.000000000000000000 ) ) ;
#1493 = CARTESIAN_POINT ( 'NONE',  ( 30.99999999999996447, 3.000000000000000000, -33.00000000000000000 ) ) ;
#1494 = DIRECTION ( 'NONE',  ( -0.000000000000000000, -1.000000000000000000, -0.000000000000000000 ) ) ;
#1495 = LINE ( 'NONE', #44, #1566 ) ;
#1496 = ORIENTED_EDGE ( 'NONE', *, *, #1483, .T. ) ;
#1497 = DIRECTION ( 'NONE',  ( -1.000000000000000000, 0.000000000000000000, -0.000000000000000000 ) ) ;
#1498 = ORIENTED_EDGE ( 'NONE', *, *, #1517, .F. ) ;
#1499 = LINE ( 'NONE', #58, #1396 ) ;
#1500 = DIRECTION ( 'NONE',  ( -1.000000000000000000, 0.000000000000000000, -2.891205793294677833E-16 ) ) ;
#1501 = DIRECTION ( 'NONE',  ( -0.000000000000000000, -1.000000000000000000, -0.000000000000000000 ) ) ;
#1502 = CARTESIAN_POINT ( 'NONE',  ( 2.000000000000000000, 0.000000000000000000, -4.000000000000000000 ) ) ;
#1503 = VERTEX_POINT ( 'NONE', #162 ) ;
#1504 = AXIS2_PLACEMENT_3D ( 'NONE', #971, #670, #528 ) ;
#1505 = CARTESIAN_POINT ( 'NONE',  ( 26.60000000000000142, 6.500000000000000000, -4.000000000000000000 ) ) ;
#1506 = ORIENTED_EDGE ( 'NONE', *, *, #1293, .F. ) ;
#1507 = DIRECTION ( 'NONE',  ( 0.000000000000000000, -0.000000000000000000, -1.000000000000000000 ) ) ;
#1508 = EDGE_LOOP ( 'NONE', ( #118, #1097, #1159, #122, #505, #40, #387, #493 ) ) ;
#1509 = DIRECTION ( 'NONE',  ( 1.000000000000000000, 0.000000000000000000, -0.000000000000000000 ) ) ;
#1510 = ORIENTED_EDGE ( 'NONE', *, *, #227, .F. ) ;
#1511 = CARTESIAN_POINT ( 'NONE',  ( 40.00000000000000000, 8.000000000000000000, -50.00000000000000000 ) ) ;
#1512 = FACE_OUTER_BOUND ( 'NONE', #1649, .T. ) ;
#1513 = ORIENTED_EDGE ( 'NONE', *, *, #232, .F. ) ;
#1514 = CARTESIAN_POINT ( 'NONE',  ( 3.399999999999999911, 6.500000000000000000, 0.000000000000000000 ) ) ;
#1515 = VECTOR ( 'NONE', #1596, 1000.000000000000000 ) ;
#1516 = ORIENTED_EDGE ( 'NONE', *, *, #1131, .T. ) ;
#1517 = EDGE_CURVE ( 'NONE', #233, #1432, #1717, .T. ) ;
#1518 = AXIS2_PLACEMENT_3D ( 'NONE', #635, #363, #1048 ) ;
#1519 = DIRECTION ( 'NONE',  ( 1.000000000000000000, 0.000000000000000000, 0.000000000000000000 ) ) ;
#1520 = EDGE_CURVE ( 'NONE', #666, #1432, #1708, .T. ) ;
#1521 = ORIENTED_EDGE ( 'NONE', *, *, #1207, .T. ) ;
#1522 = LINE ( 'NONE', #367, #876 ) ;
#1523 = CARTESIAN_POINT ( 'NONE',  ( 34.00000000000003553, -5.000000000000000888, -16.00000000000000000 ) ) ;
#1524 = DIRECTION ( 'NONE',  ( 0.000000000000000000, -1.000000000000000000, 0.000000000000000000 ) ) ;
#1525 = ORIENTED_EDGE ( 'NONE', *, *, #605, .T. ) ;
#1526 = CARTESIAN_POINT ( 'NONE',  ( 0.000000000000000000, 8.000000000000000000, 0.000000000000000000 ) ) ;
#1527 = EDGE_CURVE ( 'NONE', #1024, #1144, #1580, .T. ) ;
#1528 = CARTESIAN_POINT ( 'NONE',  ( 33.39999999999999858, 6.500000000000000000, -3.999999999999999112 ) ) ;
#1529 = ORIENTED_EDGE ( 'NONE', *, *, #241, .T. ) ;
#1530 = ORIENTED_EDGE ( 'NONE', *, *, #1113, .T. ) ;
#1531 = DIRECTION ( 'NONE',  ( 1.000000000000000000, 0.000000000000000000, 0.000000000000000000 ) ) ;
#1532 = CARTESIAN_POINT ( 'NONE',  ( 8.000000000000000000, 8.000000000000000000, 0.000000000000000000 ) ) ;
#1533 = CARTESIAN_POINT ( 'NONE',  ( 36.99999999999992895, 0.000000000000000000, -28.99999999999999645 ) ) ;
#1534 = VERTEX_POINT ( 'NONE', #275 ) ;
#1535 = CARTESIAN_POINT ( 'NONE',  ( 12.00000000000000000, 16.50000000000000000, -4.000000000000000000 ) ) ;
#1536 = AXIS2_PLACEMENT_3D ( 'NONE', #486, #1755, #1354 ) ;
#1537 = PLANE ( 'NONE',  #1369 ) ;
#1538 = EDGE_LOOP ( 'NONE', ( #847, #466, #322, #577 ) ) ;
#1539 = ORIENTED_EDGE ( 'NONE', *, *, #719, .F. ) ;
#1540 = ORIENTED_EDGE ( 'NONE', *, *, #918, .T. ) ;
#1541 = CARTESIAN_POINT ( 'NONE',  ( 30.99999999999992895, 0.000000000000000000, -23.00000000000000000 ) ) ;
#1542 = VECTOR ( 'NONE', #1721, 1000.000000000000000 ) ;
#1543 = EDGE_CURVE ( 'NONE', #966, #948, #1426, .T. ) ;
#1544 = LINE ( 'NONE', #689, #585 ) ;
#1545 = CARTESIAN_POINT ( 'NONE',  ( 0.000000000000000000, 0.000000000000000000, -50.00000000000000000 ) ) ;
#1546 = VERTEX_POINT ( 'NONE', #409 ) ;
#1547 = DIRECTION ( 'NONE',  ( -1.000000000000000000, 0.000000000000000000, 0.000000000000000000 ) ) ;
#1548 = PLANE ( 'NONE',  #191 ) ;
#1549 = VECTOR ( 'NONE', #1501, 1000.000000000000000 ) ;
#1550 = EDGE_CURVE ( 'NONE', #314, #1046, #711, .T. ) ;
#1551 = ORIENTED_EDGE ( 'NONE', *, *, #1462, .T. ) ;
#1552 = VECTOR ( 'NONE', #245, 1000.000000000000000 ) ;
#1553 = PLANE ( 'NONE',  #1414 ) ;
#1554 = DIRECTION ( 'NONE',  ( -0.000000000000000000, -1.000000000000000000, -0.000000000000000000 ) ) ;
#1555 = ORIENTED_EDGE ( 'NONE', *, *, #378, .T. ) ;
#1556 = CARTESIAN_POINT ( 'NONE',  ( 0.000000000000000000, 3.000000000000000000, 0.000000000000000000 ) ) ;
#1557 = DIRECTION ( 'NONE',  ( 0.000000000000000000, -0.000000000000000000, -1.000000000000000000 ) ) ;
#1558 = ORIENTED_EDGE ( 'NONE', *, *, #936, .F. ) ;
#1559 = CARTESIAN_POINT ( 'NONE',  ( 16.60000000000000142, 6.500000000000000000, 0.000000000000000000 ) ) ;
#1560 = CARTESIAN_POINT ( 'NONE',  ( 26.59999999999999787, 0.000000000000000000, 0.000000000000000000 ) ) ;
#1561 = LINE ( 'NONE', #806, #1398 ) ;
#1562 = VERTEX_POINT ( 'NONE', #439 ) ;
#1563 = EDGE_CURVE ( 'NONE', #785, #1546, #1415, .T. ) ;
#1564 = DIRECTION ( 'NONE',  ( -4.336808689942017736E-16, -0.000000000000000000, 1.000000000000000000 ) ) ;
#1565 = ORIENTED_EDGE ( 'NONE', *, *, #1267, .T. ) ;
#1566 = VECTOR ( 'NONE', #350, 1000.000000000000000 ) ;
#1567 = DIRECTION ( 'NONE',  ( -0.000000000000000000, -1.000000000000000000, -0.000000000000000000 ) ) ;
#1568 = VERTEX_POINT ( 'NONE', #1859 ) ;
#1569 = CARTESIAN_POINT ( 'NONE',  ( 12.00000000000000000, 8.000000000000000000, 0.000000000000000000 ) ) ;
#1570 = CARTESIAN_POINT ( 'NONE',  ( 0.000000000000000000, 8.000000000000000000, 0.000000000000000000 ) ) ;
#1571 = ORIENTED_EDGE ( 'NONE', *, *, #152, .F. ) ;
#1572 = FACE_OUTER_BOUND ( 'NONE', #286, .T. ) ;
#1573 = EDGE_LOOP ( 'NONE', ( #434, #1652, #281, #1860 ) ) ;
#1574 = EDGE_CURVE ( 'NONE', #972, #441, #150, .T. ) ;
#1575 = VECTOR ( 'NONE', #1346, 1000.000000000000000 ) ;
#1576 = CARTESIAN_POINT ( 'NONE',  ( 34.00000000000000000, -5.000000000000000888, -27.59999999999999787 ) ) ;
#1577 = VECTOR ( 'NONE', #1312, 1000.000000000000000 ) ;
#1578 = EDGE_CURVE ( 'NONE', #875, #243, #125, .T. ) ;
#1579 = VECTOR ( 'NONE', #683, 1000.000000000000000 ) ;
#1580 = LINE ( 'NONE', #1277, #994 ) ;
#1581 = VERTEX_POINT ( 'NONE', #285 ) ;
#1582 = PLANE ( 'NONE',  #435 ) ;
#1583 = VERTEX_POINT ( 'NONE', #701 ) ;
#1584 = DIRECTION ( 'NONE',  ( 0.000000000000000000, 1.000000000000000000, 0.000000000000000000 ) ) ;
#1585 = EDGE_CURVE ( 'NONE', #617, #1534, #1023, .T. ) ;
#1586 = ORIENTED_EDGE ( 'NONE', *, *, #1047, .T. ) ;
#1587 = LINE ( 'NONE', #1754, #679 ) ;
#1588 = CARTESIAN_POINT ( 'NONE',  ( 0.000000000000000000, 6.500000000000000000, 0.000000000000000000 ) ) ;
#1589 = ORIENTED_EDGE ( 'NONE', *, *, #124, .T. ) ;
#1590 = ADVANCED_FACE ( 'NONE', ( #1154 ), #1004, .F. ) ;
#1591 = ORIENTED_EDGE ( 'NONE', *, *, #742, .F. ) ;
#1592 = CARTESIAN_POINT ( 'NONE',  ( 36.99999999999989342, 3.000000000000000000, -13.00000000000000178 ) ) ;
#1593 = ORIENTED_EDGE ( 'NONE', *, *, #57, .F. ) ;
#1594 = LINE ( 'NONE', #24, #77 ) ;
#1595 = ORIENTED_EDGE ( 'NONE', *, *, #176, .T. ) ;
#1596 = DIRECTION ( 'NONE',  ( -0.000000000000000000, -0.000000000000000000, 1.000000000000000000 ) ) ;
#1597 = AXIS2_PLACEMENT_3D ( 'NONE', #1172, #1627, #328 ) ;
#1598 = CIRCLE ( 'NONE', #1597, 1.599999999999997202 ) ;
#1599 = DIRECTION ( 'NONE',  ( -0.000000000000000000, -1.000000000000000000, -0.000000000000000000 ) ) ;
#1600 = EDGE_CURVE ( 'NONE', #1801, #1037, #268, .T. ) ;
#1601 = CARTESIAN_POINT ( 'NONE',  ( 18.00000000000000355, 0.000000000000000000, -6.999999999999999112 ) ) ;
#1602 = PLANE ( 'NONE',  #371 ) ;
#1603 = ORIENTED_EDGE ( 'NONE', *, *, #92, .F. ) ;
#1604 = EDGE_CURVE ( 'NONE', #1583, #35, #862, .T. ) ;
#1605 = DIRECTION ( 'NONE',  ( 0.000000000000000000, 0.000000000000000000, -1.000000000000000000 ) ) ;
#1606 = ORIENTED_EDGE ( 'NONE', *, *, #1520, .F. ) ;
#1607 = DIRECTION ( 'NONE',  ( -0.000000000000000000, 1.000000000000000000, -0.000000000000000000 ) ) ;
#1608 = ADVANCED_FACE ( 'NONE', ( #1 ), #580, .F. ) ;
#1609 = VECTOR ( 'NONE', #1026, 1000.000000000000000 ) ;
#1610 = CARTESIAN_POINT ( 'NONE',  ( 32.00000000000000000, 8.000000000000000000, -4.000000000000000000 ) ) ;
#1611 = EDGE_CURVE ( 'NONE', #116, #1219, #842, .T. ) ;
#1612 = AXIS2_PLACEMENT_3D ( 'NONE', #1683, #507, #819 ) ;
#1613 = AXIS2_PLACEMENT_3D ( 'NONE', #1752, #716, #1713 ) ;
#1614 = CARTESIAN_POINT ( 'NONE',  ( 33.99999999999996447, 2.999999999999999112, -36.00000000000000711 ) ) ;
#1615 = VERTEX_POINT ( 'NONE', #12 ) ;
#1616 = CARTESIAN_POINT ( 'NONE',  ( 28.00000000000000000, 16.50000000000000000, -3.999999999999999112 ) ) ;
#1617 = ORIENTED_EDGE ( 'NONE', *, *, #1127, .T. ) ;
#1618 = DIRECTION ( 'NONE',  ( -1.000000000000000000, 0.000000000000000000, -0.000000000000000000 ) ) ;
#1619 = CARTESIAN_POINT ( 'NONE',  ( 8.000000000000000000, 16.50000000000000000, -3.999999999999999112 ) ) ;
#1620 = DIRECTION ( 'NONE',  ( -0.000000000000000000, -1.000000000000000000, -0.000000000000000000 ) ) ;
#1621 = ORIENTED_EDGE ( 'NONE', *, *, #520, .T. ) ;
#1622 = LINE ( 'NONE', #1205, #1248 ) ;
#1623 = ORIENTED_EDGE ( 'NONE', *, *, #1563, .T. ) ;
#1624 = EDGE_CURVE ( 'NONE', #140, #4, #592, .T. ) ;
#1625 = FACE_OUTER_BOUND ( 'NONE', #1705, .T. ) ;
#1626 = EDGE_CURVE ( 'NONE', #1562, #982, #1452, .T. ) ;
#1627 = DIRECTION ( 'NONE',  ( 0.000000000000000000, 1.000000000000000000, 0.000000000000000000 ) ) ;
#1628 = DIRECTION ( 'NONE',  ( -1.000000000000000000, 0.000000000000000000, 0.000000000000000000 ) ) ;
#1629 = CARTESIAN_POINT ( 'NONE',  ( 30.99999999999989697, 3.000000000000000000, -13.00000000000000178 ) ) ;
#1630 = EDGE_CURVE ( 'NONE', #948, #1534, #416, .T. ) ;
#1631 = ORIENTED_EDGE ( 'NONE', *, *, #1193, .T. ) ;
#1632 = CARTESIAN_POINT ( 'NONE',  ( 0.000000000000000000, 8.000000000000000000, 0.000000000000000000 ) ) ;
#1633 = ORIENTED_EDGE ( 'NONE', *, *, #1742, .F. ) ;
#1634 = CARTESIAN_POINT ( 'NONE',  ( 33.39999999999999858, 6.500000000000000000, 0.000000000000000000 ) ) ;
#1635 = LINE ( 'NONE', #320, #1358 ) ;
#1636 = ORIENTED_EDGE ( 'NONE', *, *, #1798, .F. ) ;
#1637 = EDGE_CURVE ( 'NONE', #1457, #1615, #1701, .T. ) ;
#1638 = PLANE ( 'NONE',  #646 ) ;
#1639 = AXIS2_PLACEMENT_3D ( 'NONE', #26, #1179, #468 ) ;
#1640 = ORIENTED_EDGE ( 'NONE', *, *, #825, .F. ) ;
#1641 = AXIS2_PLACEMENT_3D ( 'NONE', #1020, #297, #1300 ) ;
#1642 = CARTESIAN_POINT ( 'NONE',  ( 3.399999999999999911, 6.500000000000000000, -3.999999999999999112 ) ) ;
#1643 = VECTOR ( 'NONE', #566, 1000.000000000000000 ) ;
#1644 = ORIENTED_EDGE ( 'NONE', *, *, #1212, .F. ) ;
#1645 = PLANE ( 'NONE',  #104 ) ;
#1646 = CARTESIAN_POINT ( 'NONE',  ( 22.00000000000000000, 16.50000000000000000, -4.000000000000000000 ) ) ;
#1647 = LINE ( 'NONE', #930, #853 ) ;
#1648 = CARTESIAN_POINT ( 'NONE',  ( 38.00000000000000000, 8.000000000000000000, -3.999999999999999112 ) ) ;
#1649 = EDGE_LOOP ( 'NONE', ( #1799, #1788, #1864, #1203 ) ) ;
#1650 = PRODUCT_DEFINITION ( 'æœ', '', #422, #1857 ) ;
#1651 = DIRECTION ( 'NONE',  ( -0.000000000000000000, -1.000000000000000000, -0.000000000000000000 ) ) ;
#1652 = ORIENTED_EDGE ( 'NONE', *, *, #1714, .F. ) ;
#1653 = CARTESIAN_POINT ( 'NONE',  ( 33.99999999999996447, -5.000000000000000888, -36.00000000000000711 ) ) ;
#1654 = ORIENTED_EDGE ( 'NONE', *, *, #1107, .F. ) ;
#1655 = CARTESIAN_POINT ( 'NONE',  ( 22.00000000000000000, 0.000000000000000000, -4.000000000000000000 ) ) ;
#1656 = FACE_BOUND ( 'NONE', #1470, .T. ) ;
#1657 = ADVANCED_FACE ( 'NONE', ( #1463 ), #169, .F. ) ;
#1658 = VECTOR ( 'NONE', #1139, 1000.000000000000000 ) ;
#1659 = VERTEX_POINT ( 'NONE', #1610 ) ;
#1660 = PLANE ( 'NONE',  #830 ) ;
#1661 = ORIENTED_EDGE ( 'NONE', *, *, #1352, .T. ) ;
#1662 = EDGE_CURVE ( 'NONE', #1817, #1015, #1116, .T. ) ;
#1663 = DIRECTION ( 'NONE',  ( 0.000000000000000000, 0.000000000000000000, -1.000000000000000000 ) ) ;
#1664 = ORIENTED_EDGE ( 'NONE', *, *, #1321, .F. ) ;
#1665 = CARTESIAN_POINT ( 'NONE',  ( 6.599999999999999645, 6.500000000000000000, 0.000000000000000000 ) ) ;
#1666 = PLANE ( 'NONE',  #1038 ) ;
#1667 = EDGE_CURVE ( 'NONE', #1374, #165, #299, .T. ) ;
#1668 = PLANE ( 'NONE',  #543 ) ;
#1669 = ORIENTED_EDGE ( 'NONE', *, *, #256, .F. ) ;
#1670 = LINE ( 'NONE', #254, #1160 ) ;
#1671 = VECTOR ( 'NONE', #74, 1000.000000000000000 ) ;
#1672 = CIRCLE ( 'NONE', #404, 1.599999999999998979 ) ;
#1673 = CARTESIAN_POINT ( 'NONE',  ( 30.99999999999989697, 3.000000000000000000, -19.00000000000000000 ) ) ;
#1674 = ORIENTED_EDGE ( 'NONE', *, *, #265, .T. ) ;
#1675 = VERTEX_POINT ( 'NONE', #911 ) ;
#1676 = DIRECTION ( 'NONE',  ( -1.445602896647338917E-16, 0.000000000000000000, 1.000000000000000000 ) ) ;
#1677 = CARTESIAN_POINT ( 'NONE',  ( 22.00000000000000000, 8.000000000000000000, -7.000000000000000888 ) ) ;
#1678 = LINE ( 'NONE', #1815, #1413 ) ;
#1679 = ORIENTED_EDGE ( 'NONE', *, *, #202, .T. ) ;
#1680 = LINE ( 'NONE', #1687, #529 ) ;
#1681 = LINE ( 'NONE', #699, #889 ) ;
#1682 = EDGE_LOOP ( 'NONE', ( #1288, #443, #1168, #700 ) ) ;
#1683 = CARTESIAN_POINT ( 'NONE',  ( 30.99999999999996447, 3.000000000000000000, -33.00000000000000000 ) ) ;
#1684 = DIRECTION ( 'NONE',  ( -0.000000000000000000, -0.000000000000000000, 1.000000000000000000 ) ) ;
#1685 = EDGE_CURVE ( 'NONE', #763, #697, #1635, .T. ) ;
#1686 = ORIENTED_EDGE ( 'NONE', *, *, #1468, .T. ) ;
#1687 = CARTESIAN_POINT ( 'NONE',  ( 30.99999999999989697, 0.000000000000000000, -13.00000000000000178 ) ) ;
#1688 = VECTOR ( 'NONE', #914, 1000.000000000000000 ) ;
#1689 = CARTESIAN_POINT ( 'NONE',  ( 3.399999999999999911, 0.000000000000000000, 0.000000000000000000 ) ) ;
#1690 = ORIENTED_EDGE ( 'NONE', *, *, #397, .T. ) ;
#1691 = VECTOR ( 'NONE', #827, 1000.000000000000000 ) ;
#1692 = FACE_OUTER_BOUND ( 'NONE', #407, .T. ) ;
#1693 = LINE ( 'NONE', #1372, #220 ) ;
#1694 = DIRECTION ( 'NONE',  ( 0.000000000000000000, 0.000000000000000000, -1.000000000000000000 ) ) ;
#1695 = ORIENTED_EDGE ( 'NONE', *, *, #1250, .F. ) ;
#1696 = DIRECTION ( 'NONE',  ( -0.000000000000000000, -1.000000000000000000, -0.000000000000000000 ) ) ;
#1697 = FACE_OUTER_BOUND ( 'NONE', #1198, .T. ) ;
#1698 = AXIS2_PLACEMENT_3D ( 'NONE', #1614, #61, #312 ) ;
#1699 = VERTEX_POINT ( 'NONE', #338 ) ;
#1700 = AXIS2_PLACEMENT_3D ( 'NONE', #1616, #279, #764 ) ;
#1701 = LINE ( 'NONE', #611, #1232 ) ;
#1702 = VERTEX_POINT ( 'NONE', #759 ) ;
#1703 = ORIENTED_EDGE ( 'NONE', *, *, #599, .F. ) ;
#1704 = CARTESIAN_POINT ( 'NONE',  ( 12.00000000000000000, 8.000000000000000000, -7.000000000000000888 ) ) ;
#1705 = EDGE_LOOP ( 'NONE', ( #805, #537, #790, #1760 ) ) ;
#1706 = PLANE ( 'NONE',  #1848 ) ;
#1707 = ORIENTED_EDGE ( 'NONE', *, *, #1858, .T. ) ;
#1708 = LINE ( 'NONE', #1728, #485 ) ;
#1709 = DIRECTION ( 'NONE',  ( -4.336808689942017736E-16, -0.000000000000000000, 1.000000000000000000 ) ) ;
#1710 = CARTESIAN_POINT ( 'NONE',  ( 16.60000000000000497, 6.500000000000000000, -4.000000000000000000 ) ) ;
#1711 = EDGE_CURVE ( 'NONE', #165, #1374, #1598, .T. ) ;
#1712 = ORIENTED_EDGE ( 'NONE', *, *, #206, .F. ) ;
#1713 = DIRECTION ( 'NONE',  ( -1.084202172485504681E-16, 0.000000000000000000, 1.000000000000000000 ) ) ;
#1714 = EDGE_CURVE ( 'NONE', #1311, #783, #1333, .T. ) ;
#1715 = ORIENTED_EDGE ( 'NONE', *, *, #1382, .F. ) ;
#1716 = VECTOR ( 'NONE', #1599, 1000.000000000000000 ) ;
#1717 = LINE ( 'NONE', #301, #546 ) ;
#1718 = VECTOR ( 'NONE', #1740, 1000.000000000000000 ) ;
#1719 = EDGE_CURVE ( 'NONE', #93, #595, #1180, .T. ) ;
#1720 = LINE ( 'NONE', #854, #1844 ) ;
#1721 = DIRECTION ( 'NONE',  ( 0.000000000000000000, 0.000000000000000000, -1.000000000000000000 ) ) ;
#1722 = ORIENTED_EDGE ( 'NONE', *, *, #186, .T. ) ;
#1723 = LINE ( 'NONE', #7, #161 ) ;
#1724 = ORIENTED_EDGE ( 'NONE', *, *, #1267, .F. ) ;
#1725 = VECTOR ( 'NONE', #1709, 1000.000000000000000 ) ;
#1726 = DIRECTION ( 'NONE',  ( -0.000000000000000000, 1.000000000000000000, -0.000000000000000000 ) ) ;
#1727 = AXIS2_PLACEMENT_3D ( 'NONE', #234, #85, #823 ) ;
#1728 = CARTESIAN_POINT ( 'NONE',  ( 28.00000000000000000, 16.50000000000000000, -6.999999999999999112 ) ) ;
#1729 = ORIENTED_EDGE ( 'NONE', *, *, #576, .F. ) ;
#1730 = ORIENTED_EDGE ( 'NONE', *, *, #232, .T. ) ;
#1731 = LINE ( 'NONE', #1148, #1340 ) ;
#1732 = ORIENTED_EDGE ( 'NONE', *, *, #256, .T. ) ;
#1733 = FACE_BOUND ( 'NONE', #425, .T. ) ;
#1734 = VERTEX_POINT ( 'NONE', #470 ) ;
#1735 = CARTESIAN_POINT ( 'NONE',  ( 6.599999999999999645, 6.500000000000000000, 0.000000000000000000 ) ) ;
#1736 = ADVANCED_FACE ( 'NONE', ( #1472 ), #38, .F. ) ;
#1737 = CARTESIAN_POINT ( 'NONE',  ( 26.59999999999999787, 0.000000000000000000, 0.000000000000000000 ) ) ;
#1738 = ORIENTED_EDGE ( 'NONE', *, *, #428, .F. ) ;
#1739 = LINE ( 'NONE', #270, #1125 ) ;
#1740 = DIRECTION ( 'NONE',  ( -0.000000000000000000, -1.000000000000000000, -0.000000000000000000 ) ) ;
#1741 = ORIENTED_EDGE ( 'NONE', *, *, #96, .F. ) ;
#1742 = EDGE_CURVE ( 'NONE', #1751, #1405, #1192, .T. ) ;
#1743 = CARTESIAN_POINT ( 'NONE',  ( 16.60000000000000142, 6.500000000000000000, 0.000000000000000000 ) ) ;
#1744 = ORIENTED_EDGE ( 'NONE', *, *, #1382, .T. ) ;
#1745 = EDGE_CURVE ( 'NONE', #1037, #1412, #1052, .T. ) ;
#1746 = DIRECTION ( 'NONE',  ( 1.000000000000000000, 0.000000000000000000, 0.000000000000000000 ) ) ;
#1747 = AXIS2_PLACEMENT_3D ( 'NONE', #680, #90, #961 ) ;
#1748 = CARTESIAN_POINT ( 'NONE',  ( 0.000000000000000000, 6.500000000000000000, 0.000000000000000000 ) ) ;
#1749 = PLANE ( 'NONE',  #618 ) ;
#1750 = DIRECTION ( 'NONE',  ( -8.673617379884035472E-16, -0.000000000000000000, 1.000000000000000000 ) ) ;
#1751 = VERTEX_POINT ( 'NONE', #1033 ) ;
#1752 = CARTESIAN_POINT ( 'NONE',  ( 3.399999999999999911, 6.500000000000000000, 0.000000000000000000 ) ) ;
#1753 = ORIENTED_EDGE ( 'NONE', *, *, #609, .T. ) ;
#1754 = CARTESIAN_POINT ( 'NONE',  ( 36.99999999999992895, 0.000000000000000000, -23.00000000000000000 ) ) ;
#1755 = DIRECTION ( 'NONE',  ( 1.000000000000000000, -0.000000000000000000, 0.000000000000000000 ) ) ;
#1756 = VECTOR ( 'NONE', #1163, 1000.000000000000000 ) ;
#1757 = VECTOR ( 'NONE', #203, 1000.000000000000000 ) ;
#1758 = DIRECTION ( 'NONE',  ( 1.000000000000000000, 0.000000000000000000, 0.000000000000000000 ) ) ;
#1759 = DIRECTION ( 'NONE',  ( -1.000000000000000000, 0.000000000000000000, 0.000000000000000000 ) ) ;
#1760 = ORIENTED_EDGE ( 'NONE', *, *, #825, .T. ) ;
#1761 = EDGE_CURVE ( 'NONE', #1702, #1024, #209, .T. ) ;
#1762 = CARTESIAN_POINT ( 'NONE',  ( 32.00000000000000000, 16.50000000000000000, -4.000000000000000000 ) ) ;
#1763 = VERTEX_POINT ( 'NONE', #1345 ) ;
#1764 = FACE_OUTER_BOUND ( 'NONE', #840, .T. ) ;
#1765 = EDGE_CURVE ( 'NONE', #1503, #1436, #50, .T. ) ;
#1766 = DIRECTION ( 'NONE',  ( -0.000000000000000000, -0.000000000000000000, 1.000000000000000000 ) ) ;
#1767 = DIRECTION ( 'NONE',  ( -0.000000000000000000, -0.000000000000000000, 1.000000000000000000 ) ) ;
#1768 = LINE ( 'NONE', #1797, #1086 ) ;
#1769 = ORIENTED_EDGE ( 'NONE', *, *, #1719, .T. ) ;
#1770 = CARTESIAN_POINT ( 'NONE',  ( 36.99999999999989342, 3.000000000000000000, -13.00000000000000178 ) ) ;
#1771 = ORIENTED_EDGE ( 'NONE', *, *, #1285, .T. ) ;
#1772 = DIRECTION ( 'NONE',  ( -0.000000000000000000, -1.000000000000000000, -0.000000000000000000 ) ) ;
#1773 = ADVANCED_FACE ( 'NONE', ( #1200 ), #1061, .F. ) ;
#1774 = DIRECTION ( 'NONE',  ( -0.000000000000000000, -1.000000000000000000, -0.000000000000000000 ) ) ;
#1775 =( GEOMETRIC_REPRESENTATION_CONTEXT ( 3 ) GLOBAL_UNCERTAINTY_ASSIGNED_CONTEXT ( ( #426 ) ) GLOBAL_UNIT_ASSIGNED_CONTEXT ( ( #473, #32, #342 ) ) REPRESENTATION_CONTEXT ( 'NONE', 'WORKASPACE' ) );
#1776 = LINE ( 'NONE', #1475, #1066 ) ;
#1777 = CARTESIAN_POINT ( 'NONE',  ( 32.00000000000000000, 0.000000000000000000, -4.000000000000000000 ) ) ;
#1778 = ORIENTED_EDGE ( 'NONE', *, *, #123, .T. ) ;
#1779 = ADVANCED_FACE ( 'NONE', ( #497 ), #1071, .F. ) ;
#1780 = DIRECTION ( 'NONE',  ( -1.000000000000000000, -0.000000000000000000, -0.000000000000000000 ) ) ;
#1781 = ORIENTED_EDGE ( 'NONE', *, *, #51, .T. ) ;
#1782 = LINE ( 'NONE', #1370, #919 ) ;
#1783 = VERTEX_POINT ( 'NONE', #20 ) ;
#1784 = DIRECTION ( 'NONE',  ( -1.000000000000000000, 0.000000000000000000, -2.891205793294678326E-16 ) ) ;
#1785 = LINE ( 'NONE', #612, #75 ) ;
#1786 = AXIS2_PLACEMENT_3D ( 'NONE', #1344, #49, #1199 ) ;
#1787 = CARTESIAN_POINT ( 'NONE',  ( 23.40000000000000213, 6.500000000000000000, 0.000000000000000000 ) ) ;
#1788 = ORIENTED_EDGE ( 'NONE', *, *, #385, .F. ) ;
#1789 = VECTOR ( 'NONE', #824, 1000.000000000000000 ) ;
#1790 = LINE ( 'NONE', #1075, #952 ) ;
#1791 = ORIENTED_EDGE ( 'NONE', *, *, #1408, .T. ) ;
#1792 = CARTESIAN_POINT ( 'NONE',  ( 36.99999999999989342, 0.000000000000000000, -19.00000000000000000 ) ) ;
#1793 = ADVANCED_FACE ( 'NONE', ( #600 ), #311, .F. ) ;
#1794 = ORIENTED_EDGE ( 'NONE', *, *, #734, .F. ) ;
#1795 = CARTESIAN_POINT ( 'NONE',  ( 18.00000000000000355, 16.50000000000000000, -3.999999999999999112 ) ) ;
#1796 = CARTESIAN_POINT ( 'NONE',  ( 36.99999999999996447, 3.000000000000000000, -33.00000000000000000 ) ) ;
#1797 = CARTESIAN_POINT ( 'NONE',  ( 36.99999999999989342, 3.000000000000000000, -19.00000000000000000 ) ) ;
#1798 = EDGE_CURVE ( 'NONE', #225, #233, #1522, .T. ) ;
#1799 = ORIENTED_EDGE ( 'NONE', *, *, #1742, .T. ) ;
#1800 = DIRECTION ( 'NONE',  ( -1.000000000000000000, 0.000000000000000000, 0.000000000000000000 ) ) ;
#1801 = VERTEX_POINT ( 'NONE', #1541 ) ;
#1802 = ADVANCED_FACE ( 'NONE', ( #249 ), #389, .F. ) ;
#1803 = LINE ( 'NONE', #1069, #1006 ) ;
#1804 = EDGE_CURVE ( 'NONE', #56, #617, #969, .T. ) ;
#1805 = FACE_OUTER_BOUND ( 'NONE', #809, .T. ) ;
#1806 = CARTESIAN_POINT ( 'NONE',  ( 6.599999999999999645, 0.000000000000000000, 0.000000000000000000 ) ) ;
#1807 = AXIS2_PLACEMENT_3D ( 'NONE', #1266, #1840, #1373 ) ;
#1808 = EDGE_LOOP ( 'NONE', ( #1812, #1196, #1176, #33, #402, #1595, #1558, #748 ) ) ;
#1809 = VECTOR ( 'NONE', #59, 1000.000000000000000 ) ;
#1810 = LINE ( 'NONE', #814, #1068 ) ;
#1811 = FACE_OUTER_BOUND ( 'NONE', #1350, .T. ) ;
#1812 = ORIENTED_EDGE ( 'NONE', *, *, #1550, .T. ) ;
#1813 = ORIENTED_EDGE ( 'NONE', *, *, #541, .T. ) ;
#1814 = LINE ( 'NONE', #250, #9 ) ;
#1815 = CARTESIAN_POINT ( 'NONE',  ( 40.00000000000000000, 0.000000000000000000, 0.000000000000000000 ) ) ;
#1816 = PRODUCT_DEFINITION_SHAPE ( 'NONE', 'NONE',  #1650 ) ;
#1817 = VERTEX_POINT ( 'NONE', #1397 ) ;
#1818 = CARTESIAN_POINT ( 'NONE',  ( 36.60000000000000142, 0.000000000000000000, 0.000000000000000000 ) ) ;
#1819 = ADVANCED_FACE ( 'NONE', ( #87 ), #1256, .F. ) ;
#1820 = VECTOR ( 'NONE', #175, 1000.000000000000000 ) ;
#1821 = VECTOR ( 'NONE', #1243, 1000.000000000000000 ) ;
#1822 = CARTESIAN_POINT ( 'NONE',  ( 36.60000000000000142, 6.500000000000000000, 0.000000000000000000 ) ) ;
#1823 = EDGE_LOOP ( 'NONE', ( #1679, #1529, #54, #1686 ) ) ;
#1824 = ORIENTED_EDGE ( 'NONE', *, *, #30, .T. ) ;
#1825 = EDGE_CURVE ( 'NONE', #1418, #97, #238, .T. ) ;
#1826 = CARTESIAN_POINT ( 'NONE',  ( 30.99999999999989697, 0.000000000000000000, -19.00000000000000000 ) ) ;
#1827 = DIRECTION ( 'NONE',  ( 0.000000000000000000, 0.000000000000000000, 1.000000000000000000 ) ) ;
#1828 = EDGE_LOOP ( 'NONE', ( #1744, #1654, #1843, #691 ) ) ;
#1829 = LINE ( 'NONE', #1842, #769 ) ;
#1830 = CARTESIAN_POINT ( 'NONE',  ( 40.00000000000000000, 8.000000000000000000, 0.000000000000000000 ) ) ;
#1831 = VERTEX_POINT ( 'NONE', #687 ) ;
#1832 = APPLICATION_PROTOCOL_DEFINITION ( 'draft international standard', 'automotive_design', 1998, #728 ) ;
#1833 = LINE ( 'NONE', #82, #1367 ) ;
#1834 = LINE ( 'NONE', #696, #937 ) ;
#1835 = VERTEX_POINT ( 'NONE', #656 ) ;
#1836 = DIRECTION ( 'NONE',  ( -0.000000000000000000, -1.000000000000000000, -0.000000000000000000 ) ) ;
#1837 = VECTOR ( 'NONE', #516, 1000.000000000000000 ) ;
#1838 = CARTESIAN_POINT ( 'NONE',  ( 36.99999999999992895, 3.000000000000000000, -23.00000000000000000 ) ) ;
#1839 = ORIENTED_EDGE ( 'NONE', *, *, #1239, .T. ) ;
#1840 = DIRECTION ( 'NONE',  ( -0.000000000000000000, 1.000000000000000000, -0.000000000000000000 ) ) ;
#1841 = ORIENTED_EDGE ( 'NONE', *, *, #818, .T. ) ;
#1842 = CARTESIAN_POINT ( 'NONE',  ( 23.40000000000000213, 6.500000000000000000, 0.000000000000000000 ) ) ;
#1843 = ORIENTED_EDGE ( 'NONE', *, *, #1458, .F. ) ;
#1844 = VECTOR ( 'NONE', #1427, 1000.000000000000000 ) ;
#1845 = CARTESIAN_POINT ( 'NONE',  ( 28.00000000000000000, 0.000000000000000000, -3.999999999999999112 ) ) ;
#1846 = VECTOR ( 'NONE', #544, 1000.000000000000000 ) ;
#1847 = ORIENTED_EDGE ( 'NONE', *, *, #76, .T. ) ;
#1848 = AXIS2_PLACEMENT_3D ( 'NONE', #685, #130, #1557 ) ;
#1849 = ADVANCED_FACE ( 'NONE', ( #357 ), #1553, .F. ) ;
#1850 = DIRECTION ( 'NONE',  ( 2.891205793294679312E-16, 0.000000000000000000, -1.000000000000000000 ) ) ;
#1851 = ADVANCED_FACE ( 'NONE', ( #1692 ), #1080, .F. ) ;
#1852 = LINE ( 'NONE', #303, #798 ) ;
#1853 = DIRECTION ( 'NONE',  ( -1.000000000000000000, 0.000000000000000000, 0.000000000000000000 ) ) ;
#1854 = ORIENTED_EDGE ( 'NONE', *, *, #92, .T. ) ;
#1855 = CARTESIAN_POINT ( 'NONE',  ( 8.000000000000000000, 8.000000000000000000, -6.999999999999999112 ) ) ;
#1856 = ORIENTED_EDGE ( 'NONE', *, *, #962, .F. ) ;
#1857 = PRODUCT_DEFINITION_CONTEXT ( 'detailed design', #728, 'design' ) ;
#1858 = EDGE_CURVE ( 'NONE', #560, #18, #1371, .T. ) ;
#1859 = CARTESIAN_POINT ( 'NONE',  ( 30.99999999999992895, 3.000000000000000000, -23.00000000000000000 ) ) ;
#1860 = ORIENTED_EDGE ( 'NONE', *, *, #385, .T. ) ;
#1861 = LINE ( 'NONE', #722, #1362 ) ;
#1862 = ORIENTED_EDGE ( 'NONE', *, *, #760, .F. ) ;
#1863 = LINE ( 'NONE', #1001, #1425 ) ;
#1864 = ORIENTED_EDGE ( 'NONE', *, *, #1578, .F. ) ;
#1865 = VECTOR ( 'NONE', #1554, 1000.000000000000000 ) ;
#1866 = PLANE ( 'NONE',  #1639 ) ;
#1867 =( GEOMETRIC_REPRESENTATION_CONTEXT ( 3 ) GLOBAL_UNCERTAINTY_ASSIGNED_CONTEXT ( ( #789 ) ) GLOBAL_UNIT_ASSIGNED_CONTEXT ( ( #217, #668, #1226 ) ) REPRESENTATION_CONTEXT ( 'NONE', 'WORKASPACE' ) );
ENDSEC;
END-ISO-10303-21;
