ISO-10303-21;
HEADER;
FILE_DESCRIPTION (( 'STEP AP214' ),
    '1' );
FILE_NAME ('j3_3.STEP',
    '2026-08-29T12:19:07',
    ( '' ),
    ( '' ),
    'SwSTEP 2.0',
    'SolidWorks 2024',
    '' );
FILE_SCHEMA (( 'AUTOMOTIVE_DESIGN' ));
ENDSEC;

DATA;
#1 = VECTOR ( 'NONE', #58, 1000.000000000000000 ) ;
#2 = DIRECTION ( 'NONE',  ( 1.000000000000000000, 0.000000000000000000, -0.000000000000000000 ) ) ;
#3 = EDGE_CURVE ( 'NONE', #1059, #901, #152, .T. ) ;
#4 = CARTESIAN_POINT ( 'NONE',  ( 4.394632805807921193E-14, 6.000000000000000000, -19.00000000000003553 ) ) ;
#5 = EDGE_LOOP ( 'NONE', ( #1414, #397 ) ) ;
#6 = CARTESIAN_POINT ( 'NONE',  ( 13.00000000000010481, 6.000000000000000000, -32.99999999999997868 ) ) ;
#7 = ORIENTED_EDGE ( 'NONE', *, *, #348, .F. ) ;
#8 = EDGE_CURVE ( 'NONE', #901, #1173, #873, .T. ) ;
#9 = LINE ( 'NONE', #766, #245 ) ;
#10 = AXIS2_PLACEMENT_3D ( 'NONE', #1049, #1281, #1042 ) ;
#11 = CARTESIAN_POINT ( 'NONE',  ( 13.00000000000007105, 6.000000000000000000, -28.99999999999999645 ) ) ;
#12 = EDGE_CURVE ( 'NONE', #1357, #1270, #234, .T. ) ;
#13 = CARTESIAN_POINT ( 'NONE',  ( 19.99999999999996447, 4.500000000000000000, -17.60000000000000497 ) ) ;
#14 = EDGE_CURVE ( 'NONE', #781, #1173, #920, .T. ) ;
#15 = LINE ( 'NONE', #478, #417 ) ;
#16 = ORIENTED_EDGE ( 'NONE', *, *, #454, .F. ) ;
#17 = CARTESIAN_POINT ( 'NONE',  ( 6.000000000000208722, 2.999999999999999112, -34.39999999999999147 ) ) ;
#18 = PRODUCT ( 'j3_3', 'j3_3', '', ( #434 ) ) ;
#19 = CARTESIAN_POINT ( 'NONE',  ( 0.000000000000000000, 6.000000000000000000, -12.99999999999999112 ) ) ;
#20 = EDGE_CURVE ( 'NONE', #1246, #1274, #1107, .T. ) ;
#21 = VECTOR ( 'NONE', #622, 1000.000000000000000 ) ;
#22 = DIRECTION ( 'NONE',  ( -0.000000000000000000, -1.000000000000000000, -0.000000000000000000 ) ) ;
#23 = VECTOR ( 'NONE', #1080, 1000.000000000000000 ) ;
#24 = DIRECTION ( 'NONE',  ( 0.000000000000000000, -0.000000000000000000, 1.000000000000000000 ) ) ;
#25 = CARTESIAN_POINT ( 'NONE',  ( 6.000000000000000000, 3.000000000000000000, -15.99999999999999645 ) ) ;
#26 = EDGE_CURVE ( 'NONE', #1409, #101, #551, .T. ) ;
#27 = EDGE_LOOP ( 'NONE', ( #988, #696, #462, #186 ) ) ;
#28 = FACE_OUTER_BOUND ( 'NONE', #1403, .T. ) ;
#29 = CARTESIAN_POINT ( 'NONE',  ( 6.000000000000208722, 3.000000000000000000, -39.49999999999999289 ) ) ;
#30 = AXIS2_PLACEMENT_3D ( 'NONE', #196, #878, #1098 ) ;
#31 = ORIENTED_EDGE ( 'NONE', *, *, #498, .T. ) ;
#32 = VECTOR ( 'NONE', #744, 1000.000000000000000 ) ;
#33 = DIRECTION ( 'NONE',  ( 0.000000000000000000, -0.000000000000000000, -1.000000000000000000 ) ) ;
#34 = DIRECTION ( 'NONE',  ( -0.000000000000000000, -1.000000000000000000, -0.000000000000000000 ) ) ;
#35 = AXIS2_PLACEMENT_3D ( 'NONE', #859, #115, #1310 ) ;
#36 = VECTOR ( 'NONE', #282, 1000.000000000000000 ) ;
#37 = ORIENTED_EDGE ( 'NONE', *, *, #965, .T. ) ;
#38 = VECTOR ( 'NONE', #1159, 1000.000000000000000 ) ;
#39 = AXIS2_PLACEMENT_3D ( 'NONE', #256, #915, #358 ) ;
#40 = DIRECTION ( 'NONE',  ( -0.000000000000000000, -1.000000000000000000, -0.000000000000000000 ) ) ;
#41 = CARTESIAN_POINT ( 'NONE',  ( 20.00000000000000000, 6.000000000000000000, -50.00000000000000000 ) ) ;
#42 = EDGE_CURVE ( 'NONE', #374, #414, #1144, .T. ) ;
#43 = ORIENTED_EDGE ( 'NONE', *, *, #465, .F. ) ;
#44 = ORIENTED_EDGE ( 'NONE', *, *, #110, .T. ) ;
#45 = DIRECTION ( 'NONE',  ( -0.000000000000000000, -1.000000000000000000, -0.000000000000000000 ) ) ;
#46 = LINE ( 'NONE', #243, #579 ) ;
#47 = ADVANCED_FACE ( 'NONE', ( #377 ), #703, .F. ) ;
#48 = ORIENTED_EDGE ( 'NONE', *, *, #1118, .F. ) ;
#49 = CARTESIAN_POINT ( 'NONE',  ( 20.00000000000010303, 4.500000000000000000, -34.39999999999997726 ) ) ;
#50 = VECTOR ( 'NONE', #588, 1000.000000000000000 ) ;
#51 = EDGE_CURVE ( 'NONE', #293, #1158, #922, .T. ) ;
#52 = ORIENTED_EDGE ( 'NONE', *, *, #1178, .T. ) ;
#53 = DIRECTION ( 'NONE',  ( -0.000000000000000000, -0.000000000000000000, 1.000000000000000000 ) ) ;
#54 = CARTESIAN_POINT ( 'NONE',  ( 16.00000000000003553, 14.49999999999999822, -18.99999999999999645 ) ) ;
#55 = CARTESIAN_POINT ( 'NONE',  ( 20.00000000000010303, 4.500000000000000000, -34.39999999999997726 ) ) ;
#56 = ORIENTED_EDGE ( 'NONE', *, *, #1213, .F. ) ;
#57 = ORIENTED_EDGE ( 'NONE', *, *, #1318, .T. ) ;
#58 = DIRECTION ( 'NONE',  ( -0.000000000000000000, -0.000000000000000000, -1.000000000000000000 ) ) ;
#59 = DIRECTION ( 'NONE',  ( -0.000000000000000000, -1.000000000000000000, -0.000000000000000000 ) ) ;
#60 = EDGE_CURVE ( 'NONE', #927, #953, #557, .T. ) ;
#61 = VECTOR ( 'NONE', #616, 1000.000000000000000 ) ;
#62 = LINE ( 'NONE', #490, #36 ) ;
#63 = VECTOR ( 'NONE', #219, 1000.000000000000000 ) ;
#64 = CARTESIAN_POINT ( 'NONE',  ( 20.00000000000000000, 4.500000000000000000, -27.59999999999999787 ) ) ;
#65 = ORIENTED_EDGE ( 'NONE', *, *, #1039, .F. ) ;
#66 = ORIENTED_EDGE ( 'NONE', *, *, #1366, .T. ) ;
#67 = DIRECTION ( 'NONE',  ( 0.000000000000000000, 1.000000000000000000, -0.000000000000000000 ) ) ;
#68 = LINE ( 'NONE', #1194, #138 ) ;
#69 = ORIENTED_EDGE ( 'NONE', *, *, #1345, .T. ) ;
#70 = EDGE_CURVE ( 'NONE', #970, #374, #1258, .T. ) ;
#71 = FACE_OUTER_BOUND ( 'NONE', #488, .T. ) ;
#72 = CARTESIAN_POINT ( 'NONE',  ( 20.00000000000000000, 4.500000000000000000, -24.39999999999999858 ) ) ;
#73 = ORIENTED_EDGE ( 'NONE', *, *, #430, .T. ) ;
#74 = ORIENTED_EDGE ( 'NONE', *, *, #539, .F. ) ;
#75 = CARTESIAN_POINT ( 'NONE',  ( 0.000000000000000000, 6.000000000000000000, 0.000000000000000000 ) ) ;
#76 = DIRECTION ( 'NONE',  ( 0.000000000000000000, -0.000000000000000000, -1.000000000000000000 ) ) ;
#77 = EDGE_LOOP ( 'NONE', ( #1069, #148 ) ) ;
#78 = CARTESIAN_POINT ( 'NONE',  ( 6.000000000000000000, 6.000000000000000000, -14.39999999999999503 ) ) ;
#79 = CARTESIAN_POINT ( 'NONE',  ( 6.000000000000000000, 6.000000000000000000, -15.99999999999999645 ) ) ;
#80 = ORIENTED_EDGE ( 'NONE', *, *, #159, .T. ) ;
#81 = VERTEX_POINT ( 'NONE', #114 ) ;
#82 = CARTESIAN_POINT ( 'NONE',  ( 20.00000000000000000, 0.000000000000000000, 0.000000000000000000 ) ) ;
#83 = DIRECTION ( 'NONE',  ( 0.000000000000000000, 0.000000000000000000, -1.000000000000000000 ) ) ;
#84 = CIRCLE ( 'NONE', #884, 3.499999999999999556 ) ;
#85 = DIRECTION ( 'NONE',  ( 1.000000000000000000, -0.000000000000000000, 2.312964634635743450E-15 ) ) ;
#86 = LINE ( 'NONE', #1404, #1112 ) ;
#87 = AXIS2_PLACEMENT_3D ( 'NONE', #689, #1070, #928 ) ;
#88 = ORIENTED_EDGE ( 'NONE', *, *, #20, .T. ) ;
#89 = ORIENTED_EDGE ( 'NONE', *, *, #12, .F. ) ;
#90 = LINE ( 'NONE', #82, #339 ) ;
#91 = CARTESIAN_POINT ( 'NONE',  ( 0.000000000000000000, 6.000000000000000000, 0.000000000000000000 ) ) ;
#92 = VECTOR ( 'NONE', #1341, 1000.000000000000000 ) ;
#93 = ORIENTED_EDGE ( 'NONE', *, *, #136, .T. ) ;
#94 = DIRECTION ( 'NONE',  ( -0.000000000000000000, -1.000000000000000000, -0.000000000000000000 ) ) ;
#95 = ORIENTED_EDGE ( 'NONE', *, *, #1224, .F. ) ;
#96 = DIRECTION ( 'NONE',  ( -0.000000000000000000, 1.000000000000000000, -0.000000000000000000 ) ) ;
#97 = VERTEX_POINT ( 'NONE', #491 ) ;
#98 = FACE_BOUND ( 'NONE', #633, .T. ) ;
#99 = CARTESIAN_POINT ( 'NONE',  ( 16.00000000000010303, 14.49999999999999822, -38.99999999999998579 ) ) ;
#100 = EDGE_CURVE ( 'NONE', #1173, #781, #1255, .T. ) ;
#101 = VERTEX_POINT ( 'NONE', #741 ) ;
#102 = CARTESIAN_POINT ( 'NONE',  ( 19.99999999999996447, 4.500000000000000000, -17.60000000000000497 ) ) ;
#103 =( GEOMETRIC_REPRESENTATION_CONTEXT ( 3 ) GLOBAL_UNCERTAINTY_ASSIGNED_CONTEXT ( ( #1131 ) ) GLOBAL_UNIT_ASSIGNED_CONTEXT ( ( #108, #764, #871 ) ) REPRESENTATION_CONTEXT ( 'NONE', 'WORKASPACE' ) );
#104 = AXIS2_PLACEMENT_3D ( 'NONE', #738, #1180, #500 ) ;
#105 = CARTESIAN_POINT ( 'NONE',  ( 6.000000000000000000, 2.999999999999999112, -15.99999999999999645 ) ) ;
#106 = ORIENTED_EDGE ( 'NONE', *, *, #508, .T. ) ;
#107 = DIRECTION ( 'NONE',  ( -0.000000000000000000, -1.000000000000000000, -0.000000000000000000 ) ) ;
#108 =( LENGTH_UNIT ( ) NAMED_UNIT ( * ) SI_UNIT ( .MILLI., .METRE. ) );
#109 = AXIS2_PLACEMENT_3D ( 'NONE', #1082, #515, #2 ) ;
#110 = EDGE_CURVE ( 'NONE', #844, #595, #278, .T. ) ;
#111 = VECTOR ( 'NONE', #1335, 1000.000000000000000 ) ;
#112 = CARTESIAN_POINT ( 'NONE',  ( 6.000000000000000000, 14.49999999999999822, -17.59999999999999787 ) ) ;
#113 = STYLED_ITEM ( 'NONE', ( #1001 ), #1195 ) ;
#114 = CARTESIAN_POINT ( 'NONE',  ( 19.99999999999996447, 4.500000000000000000, -14.40000000000000391 ) ) ;
#115 = DIRECTION ( 'NONE',  ( 0.000000000000000000, -0.000000000000000000, 1.000000000000000000 ) ) ;
#116 = AXIS2_PLACEMENT_3D ( 'NONE', #482, #914, #1378 ) ;
#117 = ORIENTED_EDGE ( 'NONE', *, *, #51, .T. ) ;
#118 = DIRECTION ( 'NONE',  ( -1.000000000000000000, 0.000000000000000000, -0.000000000000000000 ) ) ;
#119 = AXIS2_PLACEMENT_3D ( 'NONE', #177, #1287, #1046 ) ;
#120 = CIRCLE ( 'NONE', #1100, 1.599999999999997202 ) ;
#121 = PLANE ( 'NONE',  #947 ) ;
#122 = ADVANCED_FACE ( 'NONE', ( #511 ), #1381, .F. ) ;
#123 = FACE_BOUND ( 'NONE', #1052, .T. ) ;
#124 = LINE ( 'NONE', #770, #657 ) ;
#125 = DIRECTION ( 'NONE',  ( 0.000000000000000000, 0.000000000000000000, 1.000000000000000000 ) ) ;
#126 = EDGE_LOOP ( 'NONE', ( #1298, #887, #485, #802 ) ) ;
#127 = CARTESIAN_POINT ( 'NONE',  ( 6.000000000000103917, 3.000000000000000000, -25.99999999999999645 ) ) ;
#128 = DIRECTION ( 'NONE',  ( -1.000000000000000000, 0.000000000000000000, 0.000000000000000000 ) ) ;
#129 = LINE ( 'NONE', #1094, #1412 ) ;
#130 = EDGE_CURVE ( 'NONE', #953, #927, #182, .T. ) ;
#131 = LINE ( 'NONE', #665, #63 ) ;
#132 = FILL_AREA_STYLE_COLOUR ( '', #1209 ) ;
#133 = DIRECTION ( 'NONE',  ( 0.000000000000000000, -1.000000000000000000, 0.000000000000000000 ) ) ;
#134 = CARTESIAN_POINT ( 'NONE',  ( 13.00000000000003553, 0.000000000000000000, -19.00000000000000355 ) ) ;
#135 = CARTESIAN_POINT ( 'NONE',  ( 20.00000000000000000, 6.000000000000000000, 0.000000000000000000 ) ) ;
#136 = EDGE_CURVE ( 'NONE', #414, #1127, #963, .T. ) ;
#137 = EDGE_LOOP ( 'NONE', ( #168, #145, #1105, #44 ) ) ;
#138 = VECTOR ( 'NONE', #827, 1000.000000000000000 ) ;
#139 = AXIS2_PLACEMENT_3D ( 'NONE', #75, #392, #611 ) ;
#140 = ORIENTED_EDGE ( 'NONE', *, *, #547, .F. ) ;
#141 = CYLINDRICAL_SURFACE ( 'NONE', #1056, 3.499999999999996003 ) ;
#142 = FACE_OUTER_BOUND ( 'NONE', #801, .T. ) ;
#143 = EDGE_CURVE ( 'NONE', #595, #1417, #1406, .T. ) ;
#144 = EDGE_CURVE ( 'NONE', #1139, #690, #826, .T. ) ;
#145 = ORIENTED_EDGE ( 'NONE', *, *, #837, .T. ) ;
#146 = CARTESIAN_POINT ( 'NONE',  ( 6.000000000000103917, 2.999999999999999112, -25.99999999999999645 ) ) ;
#147 = LINE ( 'NONE', #29, #92 ) ;
#148 = ORIENTED_EDGE ( 'NONE', *, *, #1156, .T. ) ;
#149 = AXIS2_PLACEMENT_3D ( 'NONE', #1188, #1402, #336 ) ;
#150 = CARTESIAN_POINT ( 'NONE',  ( 0.000000000000000000, 0.000000000000000000, 0.000000000000000000 ) ) ;
#151 = DIRECTION ( 'NONE',  ( -0.000000000000000000, -1.000000000000000000, -0.000000000000000000 ) ) ;
#152 = CIRCLE ( 'NONE', #1231, 3.499999999999999556 ) ;
#153 = ORIENTED_EDGE ( 'NONE', *, *, #1369, .F. ) ;
#154 =( NAMED_UNIT ( * ) PLANE_ANGLE_UNIT ( ) SI_UNIT ( $, .RADIAN. ) );
#155 = VECTOR ( 'NONE', #1130, 1000.000000000000000 ) ;
#156 = LINE ( 'NONE', #572, #923 ) ;
#157 = ADVANCED_FACE ( 'NONE', ( #1183, #1374, #205, #286, #295, #212, #314 ), #398, .F. ) ;
#158 = FACE_OUTER_BOUND ( 'NONE', #27, .T. ) ;
#159 = EDGE_CURVE ( 'NONE', #980, #1373, #634, .T. ) ;
#160 = ORIENTED_EDGE ( 'NONE', *, *, #664, .T. ) ;
#161 = ORIENTED_EDGE ( 'NONE', *, *, #590, .F. ) ;
#162 = ORIENTED_EDGE ( 'NONE', *, *, #408, .F. ) ;
#163 = DIRECTION ( 'NONE',  ( 0.000000000000000000, 0.000000000000000000, -1.000000000000000000 ) ) ;
#164 = CARTESIAN_POINT ( 'NONE',  ( 16.00000000000007105, 14.49999999999999822, -22.99999999999998579 ) ) ;
#165 = DIRECTION ( 'NONE',  ( -0.000000000000000000, -1.000000000000000000, -0.000000000000000000 ) ) ;
#166 = EDGE_CURVE ( 'NONE', #519, #912, #90, .T. ) ;
#167 = VERTEX_POINT ( 'NONE', #503 ) ;
#168 = ORIENTED_EDGE ( 'NONE', *, *, #787, .T. ) ;
#169 = LINE ( 'NONE', #360, #860 ) ;
#170 = VECTOR ( 'NONE', #375, 1000.000000000000000 ) ;
#171 = VECTOR ( 'NONE', #165, 1000.000000000000000 ) ;
#172 = ORIENTED_EDGE ( 'NONE', *, *, #179, .T. ) ;
#173 = DIRECTION ( 'NONE',  ( 0.000000000000000000, 0.000000000000000000, -1.000000000000000000 ) ) ;
#174 = DIRECTION ( 'NONE',  ( 1.000000000000000000, 0.000000000000000000, 2.312964634635743844E-15 ) ) ;
#175 = ORIENTED_EDGE ( 'NONE', *, *, #795, .F. ) ;
#176 = ORIENTED_EDGE ( 'NONE', *, *, #590, .T. ) ;
#177 = CARTESIAN_POINT ( 'NONE',  ( 20.00000000000000000, 6.000000000000000000, 0.000000000000000000 ) ) ;
#178 = FACE_OUTER_BOUND ( 'NONE', #679, .T. ) ;
#179 = EDGE_CURVE ( 'NONE', #1149, #789, #1267, .T. ) ;
#180 = EDGE_LOOP ( 'NONE', ( #1048, #948 ) ) ;
#181 = CARTESIAN_POINT ( 'NONE',  ( 16.00000000000003553, 14.49999999999999822, -12.99999999999999112 ) ) ;
#182 = CIRCLE ( 'NONE', #984, 3.499999999999996003 ) ;
#183 = AXIS2_PLACEMENT_3D ( 'NONE', #877, #446, #527 ) ;
#184 = DIRECTION ( 'NONE',  ( -1.000000000000000000, -0.000000000000000000, -0.000000000000000000 ) ) ;
#185 = ORIENTED_EDGE ( 'NONE', *, *, #487, .T. ) ;
#186 = ORIENTED_EDGE ( 'NONE', *, *, #539, .T. ) ;
#187 = FACE_OUTER_BOUND ( 'NONE', #1157, .T. ) ;
#188 = LINE ( 'NONE', #279, #1301 ) ;
#189 = VERTEX_POINT ( 'NONE', #406 ) ;
#190 = EDGE_CURVE ( 'NONE', #1274, #817, #415, .T. ) ;
#191 = LINE ( 'NONE', #273, #61 ) ;
#192 = DIRECTION ( 'NONE',  ( 0.000000000000000000, -1.000000000000000000, 0.000000000000000000 ) ) ;
#193 = VERTEX_POINT ( 'NONE', #748 ) ;
#194 = ORIENTED_EDGE ( 'NONE', *, *, #288, .T. ) ;
#195 = CARTESIAN_POINT ( 'NONE',  ( 20.00000000000000000, 4.500000000000000000, -27.59999999999999787 ) ) ;
#196 = CARTESIAN_POINT ( 'NONE',  ( 20.00000000000000000, 4.500000000000000000, -24.39999999999999858 ) ) ;
#197 = VECTOR ( 'NONE', #796, 1000.000000000000000 ) ;
#198 = ORIENTED_EDGE ( 'NONE', *, *, #867, .T. ) ;
#199 = AXIS2_PLACEMENT_3D ( 'NONE', #612, #1054, #76 ) ;
#200 = PLANE ( 'NONE',  #10 ) ;
#201 = ADVANCED_FACE ( 'NONE', ( #1305 ), #1193, .F. ) ;
#202 = DIRECTION ( 'NONE',  ( -0.000000000000000000, -1.000000000000000000, -0.000000000000000000 ) ) ;
#203 = VERTEX_POINT ( 'NONE', #724 ) ;
#204 = ORIENTED_EDGE ( 'NONE', *, *, #408, .T. ) ;
#205 = FACE_BOUND ( 'NONE', #1422, .T. ) ;
#206 = DIRECTION ( 'NONE',  ( 0.000000000000000000, 0.000000000000000000, -1.000000000000000000 ) ) ;
#207 = DIRECTION ( 'NONE',  ( -0.000000000000000000, -1.000000000000000000, -0.000000000000000000 ) ) ;
#208 = CARTESIAN_POINT ( 'NONE',  ( 6.000000000000103917, 3.000000000000000000, -25.99999999999999645 ) ) ;
#209 = EDGE_CURVE ( 'NONE', #970, #1149, #845, .T. ) ;
#210 = AXIS2_PLACEMENT_3D ( 'NONE', #1368, #419, #544 ) ;
#211 = ORIENTED_EDGE ( 'NONE', *, *, #1147, .F. ) ;
#212 = FACE_BOUND ( 'NONE', #1202, .T. ) ;
#213 = EDGE_CURVE ( 'NONE', #239, #497, #486, .T. ) ;
#214 = CARTESIAN_POINT ( 'NONE',  ( 19.99999999999996447, 0.000000000000000000, -14.40000000000000391 ) ) ;
#215 = DIRECTION ( 'NONE',  ( -1.000000000000000000, 0.000000000000000000, 0.000000000000000000 ) ) ;
#216 = VERTEX_POINT ( 'NONE', #1166 ) ;
#217 = CARTESIAN_POINT ( 'NONE',  ( 16.00000000000003553, 6.000000000000000000, -18.99999999999999645 ) ) ;
#218 = ORIENTED_EDGE ( 'NONE', *, *, #521, .F. ) ;
#219 = DIRECTION ( 'NONE',  ( -0.000000000000000000, -1.000000000000000000, -0.000000000000000000 ) ) ;
#220 = ADVANCED_FACE ( 'NONE', ( #187 ), #1053, .F. ) ;
#221 = CYLINDRICAL_SURFACE ( 'NONE', #1090, 1.600000000000000755 ) ;
#222 = CARTESIAN_POINT ( 'NONE',  ( 6.000000000000000000, 3.000000000000000000, -15.99999999999999645 ) ) ;
#223 = LINE ( 'NONE', #319, #694 ) ;
#224 = ORIENTED_EDGE ( 'NONE', *, *, #726, .F. ) ;
#225 = CARTESIAN_POINT ( 'NONE',  ( 16.00000000000010303, 0.000000000000000000, -38.99999999999998579 ) ) ;
#226 = ADVANCED_FACE ( 'NONE', ( #543 ), #322, .F. ) ;
#227 = DIRECTION ( 'NONE',  ( 0.000000000000000000, 0.000000000000000000, -1.000000000000000000 ) ) ;
#228 = AXIS2_PLACEMENT_3D ( 'NONE', #208, #1216, #540 ) ;
#229 = CARTESIAN_POINT ( 'NONE',  ( 16.00000000000003553, 0.000000000000000000, -18.99999999999999645 ) ) ;
#230 = DIRECTION ( 'NONE',  ( 0.000000000000000000, 0.000000000000000000, 1.000000000000000000 ) ) ;
#231 = CIRCLE ( 'NONE', #776, 3.499999999999999556 ) ;
#232 = CARTESIAN_POINT ( 'NONE',  ( 6.000000000000000000, 0.000000000000000000, -12.49999999999999645 ) ) ;
#233 = EDGE_CURVE ( 'NONE', #812, #189, #131, .T. ) ;
#234 = LINE ( 'NONE', #661, #555 ) ;
#235 = DIRECTION ( 'NONE',  ( 0.000000000000000000, -0.000000000000000000, 1.000000000000000000 ) ) ;
#236 = DIRECTION ( 'NONE',  ( -1.000000000000000000, 0.000000000000000000, -0.000000000000000000 ) ) ;
#237 = SURFACE_SIDE_STYLE ('',( #1141 ) ) ;
#238 = EDGE_LOOP ( 'NONE', ( #855, #1132, #373, #510 ) ) ;
#239 = VERTEX_POINT ( 'NONE', #6 ) ;
#240 = PLANE ( 'NONE',  #389 ) ;
#241 = ADVANCED_FACE ( 'NONE', ( #548 ), #778, .F. ) ;
#242 = VECTOR ( 'NONE', #184, 1000.000000000000000 ) ;
#243 = CARTESIAN_POINT ( 'NONE',  ( 0.000000000000000000, 6.000000000000000000, 0.000000000000000000 ) ) ;
#244 = CARTESIAN_POINT ( 'NONE',  ( 0.000000000000000000, 0.000000000000000000, 0.000000000000000000 ) ) ;
#245 = VECTOR ( 'NONE', #1320, 1000.000000000000000 ) ;
#246 = CARTESIAN_POINT ( 'NONE',  ( 16.00000000000007105, 0.000000000000000000, -22.99999999999998579 ) ) ;
#247 = EDGE_LOOP ( 'NONE', ( #350, #715, #619, #48 ) ) ;
#248 = AXIS2_PLACEMENT_3D ( 'NONE', #341, #779, #1220 ) ;
#249 = DIRECTION ( 'NONE',  ( -1.000000000000000000, 0.000000000000000000, 0.000000000000000000 ) ) ;
#250 = ADVANCED_FACE ( 'NONE', ( #1312 ), #343, .F. ) ;
#251 = CARTESIAN_POINT ( 'NONE',  ( 6.000000000000000000, 14.49999999999999822, -15.99999999999999645 ) ) ;
#252 = ORIENTED_EDGE ( 'NONE', *, *, #529, .T. ) ;
#253 = LINE ( 'NONE', #351, #618 ) ;
#254 = CARTESIAN_POINT ( 'NONE',  ( 20.00000000000000000, 0.000000000000000000, -24.39999999999999858 ) ) ;
#255 = CARTESIAN_POINT ( 'NONE',  ( 16.00000000000007105, 14.49999999999999822, -28.99999999999998934 ) ) ;
#256 = CARTESIAN_POINT ( 'NONE',  ( 6.000000000000000000, 3.000000000000000000, -15.99999999999999645 ) ) ;
#257 = ORIENTED_EDGE ( 'NONE', *, *, #1024, .T. ) ;
#258 = EDGE_CURVE ( 'NONE', #1388, #930, #554, .T. ) ;
#259 = ORIENTED_EDGE ( 'NONE', *, *, #1398, .T. ) ;
#260 = EDGE_LOOP ( 'NONE', ( #1161, #1239, #714, #442 ) ) ;
#261 = DIRECTION ( 'NONE',  ( 0.000000000000000000, 0.000000000000000000, 1.000000000000000000 ) ) ;
#262 = CARTESIAN_POINT ( 'NONE',  ( 6.000000000000103917, 2.999999999999999112, -24.39999999999999503 ) ) ;
#263 = ORIENTED_EDGE ( 'NONE', *, *, #1039, .T. ) ;
#264 = ORIENTED_EDGE ( 'NONE', *, *, #1116, .F. ) ;
#265 = LINE ( 'NONE', #699, #784 ) ;
#266 = CARTESIAN_POINT ( 'NONE',  ( 6.000000000000103917, 14.49999999999999822, -25.99999999999999645 ) ) ;
#267 = CARTESIAN_POINT ( 'NONE',  ( 6.000000000000208722, 14.49999999999999822, -35.99999999999999289 ) ) ;
#268 = CARTESIAN_POINT ( 'NONE',  ( 13.00000000000010481, 14.49999999999999822, -32.99999999999997868 ) ) ;
#269 = ORIENTED_EDGE ( 'NONE', *, *, #1208, .F. ) ;
#270 = EDGE_LOOP ( 'NONE', ( #172, #257, #790, #747 ) ) ;
#271 = LINE ( 'NONE', #1038, #463 ) ;
#272 = VERTEX_POINT ( 'NONE', #1330 ) ;
#273 = CARTESIAN_POINT ( 'NONE',  ( 13.00000000000003553, 14.49999999999999822, -12.99999999999999112 ) ) ;
#274 = LINE ( 'NONE', #395, #896 ) ;
#275 = EDGE_CURVE ( 'NONE', #1326, #1388, #644, .T. ) ;
#276 = ORIENTED_EDGE ( 'NONE', *, *, #1386, .T. ) ;
#277 = ORIENTED_EDGE ( 'NONE', *, *, #1253, .T. ) ;
#278 = LINE ( 'NONE', #195, #1347 ) ;
#279 = CARTESIAN_POINT ( 'NONE',  ( 6.000000000000103917, 3.000000000000000000, -29.49999999999999645 ) ) ;
#280 = VECTOR ( 'NONE', #174, 1000.000000000000000 ) ;
#281 = ORIENTED_EDGE ( 'NONE', *, *, #1178, .F. ) ;
#282 = DIRECTION ( 'NONE',  ( 0.000000000000000000, 0.000000000000000000, 1.000000000000000000 ) ) ;
#283 = CARTESIAN_POINT ( 'NONE',  ( 20.00000000000010303, 0.000000000000000000, -37.59999999999998010 ) ) ;
#284 = VERTEX_POINT ( 'NONE', #870 ) ;
#285 = ORIENTED_EDGE ( 'NONE', *, *, #1263, .T. ) ;
#286 = FACE_BOUND ( 'NONE', #1364, .T. ) ;
#287 = CARTESIAN_POINT ( 'NONE',  ( 6.000000000000208722, 6.000000000000000000, -35.99999999999999289 ) ) ;
#288 = EDGE_CURVE ( 'NONE', #193, #668, #999, .T. ) ;
#289 = VECTOR ( 'NONE', #369, 1000.000000000000000 ) ;
#290 = VERTEX_POINT ( 'NONE', #425 ) ;
#291 = PLANE ( 'NONE',  #1269 ) ;
#292 = CARTESIAN_POINT ( 'NONE',  ( 6.000000000000000000, 3.000000000000000000, -15.99999999999999645 ) ) ;
#293 = VERTEX_POINT ( 'NONE', #334 ) ;
#294 = EDGE_LOOP ( 'NONE', ( #731, #252, #1075, #493 ) ) ;
#295 = FACE_BOUND ( 'NONE', #77, .T. ) ;
#296 = DIRECTION ( 'NONE',  ( 0.000000000000000000, 0.000000000000000000, -1.000000000000000000 ) ) ;
#297 = EDGE_CURVE ( 'NONE', #844, #861, #124, .T. ) ;
#298 = ORIENTED_EDGE ( 'NONE', *, *, #1263, .F. ) ;
#299 = DIRECTION ( 'NONE',  ( 0.000000000000000000, -0.000000000000000000, 1.000000000000000000 ) ) ;
#300 = LINE ( 'NONE', #483, #171 ) ;
#301 = ORIENTED_EDGE ( 'NONE', *, *, #965, .F. ) ;
#302 = ORIENTED_EDGE ( 'NONE', *, *, #1339, .F. ) ;
#303 = DIRECTION ( 'NONE',  ( 0.000000000000000000, 0.000000000000000000, -1.000000000000000000 ) ) ;
#304 = CARTESIAN_POINT ( 'NONE',  ( 16.00000000000003553, 0.000000000000000000, -17.60000000000000497 ) ) ;
#305 = EDGE_LOOP ( 'NONE', ( #66, #542 ) ) ;
#306 = CIRCLE ( 'NONE', #1227, 1.600000000000000755 ) ;
#307 = CIRCLE ( 'NONE', #853, 1.600000000000000755 ) ;
#308 = EDGE_CURVE ( 'NONE', #1164, #404, #231, .T. ) ;
#309 = FACE_OUTER_BOUND ( 'NONE', #1332, .T. ) ;
#310 = ORIENTED_EDGE ( 'NONE', *, *, #1236, .T. ) ;
#311 = PRODUCT_RELATED_PRODUCT_CATEGORY ( 'part', '', ( #18 ) ) ;
#312 = FACE_BOUND ( 'NONE', #1140, .T. ) ;
#313 = ORIENTED_EDGE ( 'NONE', *, *, #1156, .F. ) ;
#314 = FACE_OUTER_BOUND ( 'NONE', #683, .T. ) ;
#315 = AXIS2_PLACEMENT_3D ( 'NONE', #649, #344, #1229 ) ;
#316 = DIRECTION ( 'NONE',  ( 0.000000000000000000, -1.000000000000000000, 0.000000000000000000 ) ) ;
#317 = CARTESIAN_POINT ( 'NONE',  ( 16.00000000000003553, 0.000000000000000000, -12.99999999999999112 ) ) ;
#318 = EDGE_CURVE ( 'NONE', #980, #167, #994, .T. ) ;
#319 = CARTESIAN_POINT ( 'NONE',  ( 19.99999999999996447, 4.500000000000000000, -14.40000000000000391 ) ) ;
#320 = AXIS2_PLACEMENT_3D ( 'NONE', #602, #383, #1397 ) ;
#321 = ORIENTED_EDGE ( 'NONE', *, *, #1169, .T. ) ;
#322 = PLANE ( 'NONE',  #904 ) ;
#323 = ORIENTED_EDGE ( 'NONE', *, *, #1000, .T. ) ;
#324 = DIRECTION ( 'NONE',  ( 1.000000000000000000, -0.000000000000000000, -0.000000000000000000 ) ) ;
#325 = DIRECTION ( 'NONE',  ( 1.000000000000000000, 0.000000000000000000, -0.000000000000000000 ) ) ;
#326 = ORIENTED_EDGE ( 'NONE', *, *, #891, .F. ) ;
#327 = EDGE_CURVE ( 'NONE', #216, #101, #971, .T. ) ;
#328 = PLANE ( 'NONE',  #183 ) ;
#329 = ORIENTED_EDGE ( 'NONE', *, *, #454, .T. ) ;
#330 = VECTOR ( 'NONE', #249, 1000.000000000000000 ) ;
#331 = CARTESIAN_POINT ( 'NONE',  ( 13.00000000000010481, 0.000000000000000000, -32.99999999999997868 ) ) ;
#332 = ORIENTED_EDGE ( 'NONE', *, *, #1016, .F. ) ;
#333 = LINE ( 'NONE', #1413, #1067 ) ;
#334 = CARTESIAN_POINT ( 'NONE',  ( 0.000000000000000000, 6.000000000000000000, -50.00000000000000000 ) ) ;
#335 = VECTOR ( 'NONE', #207, 1000.000000000000000 ) ;
#336 = DIRECTION ( 'NONE',  ( 0.000000000000000000, 0.000000000000000000, -1.000000000000000000 ) ) ;
#337 = CARTESIAN_POINT ( 'NONE',  ( 15.99999999999996625, 4.500000000000000000, -14.40000000000000391 ) ) ;
#338 = DIRECTION ( 'NONE',  ( -1.000000000000000000, 0.000000000000000000, -2.312964634635743844E-15 ) ) ;
#339 = VECTOR ( 'NONE', #520, 1000.000000000000000 ) ;
#340 = ADVANCED_FACE ( 'NONE', ( #1201, #98 ), #328, .T. ) ;
#341 = CARTESIAN_POINT ( 'NONE',  ( 13.00000000000010481, 14.49999999999999822, -38.99999999999999289 ) ) ;
#342 = CARTESIAN_POINT ( 'NONE',  ( 16.00000000000007105, 14.49999999999999822, -22.99999999999998579 ) ) ;
#343 = PLANE ( 'NONE',  #1120 ) ;
#344 = DIRECTION ( 'NONE',  ( 0.000000000000000000, -1.000000000000000000, 0.000000000000000000 ) ) ;
#345 = EDGE_CURVE ( 'NONE', #1265, #1139, #1415, .T. ) ;
#346 = LINE ( 'NONE', #1009, #587 ) ;
#347 = AXIS2_PLACEMENT_3D ( 'NONE', #675, #1023, #672 ) ;
#348 = EDGE_CURVE ( 'NONE', #497, #363, #762, .T. ) ;
#349 = CARTESIAN_POINT ( 'NONE',  ( 13.00000000000003553, 14.49999999999999822, -19.00000000000000355 ) ) ;
#350 = ORIENTED_EDGE ( 'NONE', *, *, #159, .F. ) ;
#351 = CARTESIAN_POINT ( 'NONE',  ( 13.00000000000010481, 0.000000000000000000, -38.99999999999999289 ) ) ;
#352 = VECTOR ( 'NONE', #979, 1000.000000000000000 ) ;
#353 = ADVANCED_FACE ( 'NONE', ( #433 ), #1207, .F. ) ;
#354 = CARTESIAN_POINT ( 'NONE',  ( 20.00000000000000000, 0.000000000000000000, -34.39999999999997726 ) ) ;
#355 = VECTOR ( 'NONE', #436, 1000.000000000000000 ) ;
#356 = EDGE_LOOP ( 'NONE', ( #816, #952 ) ) ;
#357 = CARTESIAN_POINT ( 'NONE',  ( 6.000000000000208722, 14.49999999999999822, -34.39999999999999147 ) ) ;
#358 = DIRECTION ( 'NONE',  ( 0.000000000000000000, 0.000000000000000000, -1.000000000000000000 ) ) ;
#359 = EDGE_CURVE ( 'NONE', #627, #97, #797, .T. ) ;
#360 = CARTESIAN_POINT ( 'NONE',  ( 13.00000000000007105, 14.49999999999999822, -28.99999999999999645 ) ) ;
#361 = LINE ( 'NONE', #899, #1190 ) ;
#362 = CARTESIAN_POINT ( 'NONE',  ( 13.00000000000010481, 0.000000000000000000, -38.99999999999999289 ) ) ;
#363 = VERTEX_POINT ( 'NONE', #362 ) ;
#364 = ORIENTED_EDGE ( 'NONE', *, *, #574, .F. ) ;
#365 = LINE ( 'NONE', #49, #1030 ) ;
#366 = EDGE_CURVE ( 'NONE', #901, #1059, #1257, .T. ) ;
#367 = ORIENTED_EDGE ( 'NONE', *, *, #1066, .F. ) ;
#368 = CLOSED_SHELL ( 'NONE', ( #489, #1102, #823, #1007, #471, #47, #1071, #453, #1336, #804, #1123, #201, #1089, #157, #780, #353, #1420, #954, #220, #662, #931, #806, #754, #122, #919, #441, #993, #250, #226, #1297, #1359, #1352, #241, #568, #858, #876, #1408, #479, #615, #378, #340, #1418 ) ) ;
#369 = DIRECTION ( 'NONE',  ( 0.000000000000000000, 0.000000000000000000, -1.000000000000000000 ) ) ;
#370 = AXIS2_PLACEMENT_3D ( 'NONE', #266, #481, #163 ) ;
#371 = FACE_OUTER_BOUND ( 'NONE', #1218, .T. ) ;
#372 = AXIS2_PLACEMENT_3D ( 'NONE', #150, #1012, #33 ) ;
#373 = ORIENTED_EDGE ( 'NONE', *, *, #1273, .F. ) ;
#374 = VERTEX_POINT ( 'NONE', #1238 ) ;
#375 = DIRECTION ( 'NONE',  ( -0.000000000000000000, -1.000000000000000000, -0.000000000000000000 ) ) ;
#376 = ORIENTED_EDGE ( 'NONE', *, *, #8, .T. ) ;
#377 = FACE_OUTER_BOUND ( 'NONE', #385, .T. ) ;
#378 = ADVANCED_FACE ( 'NONE', ( #1355 ), #800, .F. ) ;
#379 = CARTESIAN_POINT ( 'NONE',  ( 13.00000000000003553, 6.000000000000000000, 0.000000000000000000 ) ) ;
#380 = CARTESIAN_POINT ( 'NONE',  ( 20.00000000000000000, 0.000000000000000000, 0.000000000000000000 ) ) ;
#381 = ORIENTED_EDGE ( 'NONE', *, *, #288, .F. ) ;
#382 = ORIENTED_EDGE ( 'NONE', *, *, #42, .T. ) ;
#383 = DIRECTION ( 'NONE',  ( 0.000000000000000000, -1.000000000000000000, 0.000000000000000000 ) ) ;
#384 = DIRECTION ( 'NONE',  ( -0.000000000000000000, -1.000000000000000000, -0.000000000000000000 ) ) ;
#385 = EDGE_LOOP ( 'NONE', ( #313, #865, #1242, #364 ) ) ;
#386 = DIRECTION ( 'NONE',  ( 0.000000000000000000, 0.000000000000000000, -1.000000000000000000 ) ) ;
#387 = EDGE_CURVE ( 'NONE', #1026, #869, #461, .T. ) ;
#388 = DIRECTION ( 'NONE',  ( 0.000000000000000000, -0.000000000000000000, -1.000000000000000000 ) ) ;
#389 = AXIS2_PLACEMENT_3D ( 'NONE', #255, #455, #1340 ) ;
#390 = VERTEX_POINT ( 'NONE', #262 ) ;
#391 = VERTEX_POINT ( 'NONE', #1346 ) ;
#392 = DIRECTION ( 'NONE',  ( 0.000000000000000000, -1.000000000000000000, 0.000000000000000000 ) ) ;
#393 = PLANE ( 'NONE',  #960 ) ;
#394 = CARTESIAN_POINT ( 'NONE',  ( 6.000000000000208722, 3.000000000000000000, -39.49999999999999289 ) ) ;
#395 = CARTESIAN_POINT ( 'NONE',  ( 6.000000000000103917, 14.49999999999999822, -27.59999999999999432 ) ) ;
#396 = ORIENTED_EDGE ( 'NONE', *, *, #735, .F. ) ;
#397 = ORIENTED_EDGE ( 'NONE', *, *, #366, .T. ) ;
#398 = PLANE ( 'NONE',  #139 ) ;
#399 = FACE_OUTER_BOUND ( 'NONE', #833, .T. ) ;
#400 = ORIENTED_EDGE ( 'NONE', *, *, #130, .T. ) ;
#401 = DIRECTION ( 'NONE',  ( 1.000000000000000000, -0.000000000000000000, -0.000000000000000000 ) ) ;
#402 = AXIS2_PLACEMENT_3D ( 'NONE', #349, #1235, #681 ) ;
#403 = DIRECTION ( 'NONE',  ( -0.000000000000000000, 0.000000000000000000, 1.000000000000000000 ) ) ;
#404 = VERTEX_POINT ( 'NONE', #808 ) ;
#405 = ORIENTED_EDGE ( 'NONE', *, *, #637, .T. ) ;
#406 = CARTESIAN_POINT ( 'NONE',  ( 20.00000000000000000, 0.000000000000000000, 0.000000000000000000 ) ) ;
#407 = LINE ( 'NONE', #91, #1323 ) ;
#408 = EDGE_CURVE ( 'NONE', #812, #391, #466, .T. ) ;
#409 = ORIENTED_EDGE ( 'NONE', *, *, #12, .T. ) ;
#410 = EDGE_CURVE ( 'NONE', #1139, #1274, #1362, .T. ) ;
#411 = CARTESIAN_POINT ( 'NONE',  ( 16.00000000000010303, 4.500000000000000000, -37.59999999999998010 ) ) ;
#412 = ORIENTED_EDGE ( 'NONE', *, *, #498, .F. ) ;
#413 = CYLINDRICAL_SURFACE ( 'NONE', #1153, 3.499999999999999556 ) ;
#414 = VERTEX_POINT ( 'NONE', #905 ) ;
#415 = LINE ( 'NONE', #852, #562 ) ;
#416 = FACE_OUTER_BOUND ( 'NONE', #879, .T. ) ;
#417 = VECTOR ( 'NONE', #1353, 1000.000000000000000 ) ;
#418 = EDGE_CURVE ( 'NONE', #927, #938, #147, .T. ) ;
#419 = DIRECTION ( 'NONE',  ( 0.000000000000000000, -1.000000000000000000, 0.000000000000000000 ) ) ;
#420 = VECTOR ( 'NONE', #1050, 1000.000000000000000 ) ;
#421 = CARTESIAN_POINT ( 'NONE',  ( 19.99999999999996447, 4.500000000000000000, -17.60000000000000497 ) ) ;
#422 = ORIENTED_EDGE ( 'NONE', *, *, #345, .T. ) ;
#423 = PLANE ( 'NONE',  #35 ) ;
#424 = ORIENTED_EDGE ( 'NONE', *, *, #213, .F. ) ;
#425 = CARTESIAN_POINT ( 'NONE',  ( 16.00000000000003553, 0.000000000000000000, -18.99999999999999645 ) ) ;
#426 = DIRECTION ( 'NONE',  ( 0.000000000000000000, 0.000000000000000000, -1.000000000000000000 ) ) ;
#427 = ORIENTED_EDGE ( 'NONE', *, *, #1398, .F. ) ;
#428 = LINE ( 'NONE', #959, #864 ) ;
#429 = AXIS2_PLACEMENT_3D ( 'NONE', #181, #299, #1361 ) ;
#430 = EDGE_CURVE ( 'NONE', #789, #519, #1117, .T. ) ;
#431 = DIRECTION ( 'NONE',  ( 0.000000000000000000, -1.000000000000000000, 0.000000000000000000 ) ) ;
#432 = EDGE_LOOP ( 'NONE', ( #610, #400 ) ) ;
#433 = FACE_OUTER_BOUND ( 'NONE', #732, .T. ) ;
#434 = PRODUCT_CONTEXT ( 'NONE', #767, 'mechanical' ) ;
#435 = EDGE_LOOP ( 'NONE', ( #185, #476, #450, #1401 ) ) ;
#436 = DIRECTION ( 'NONE',  ( -0.000000000000000000, 0.000000000000000000, 1.000000000000000000 ) ) ;
#437 = ORIENTED_EDGE ( 'NONE', *, *, #1333, .F. ) ;
#438 = CARTESIAN_POINT ( 'NONE',  ( 6.000000000000103917, 6.000000000000000000, -27.59999999999999432 ) ) ;
#439 = ORIENTED_EDGE ( 'NONE', *, *, #671, .T. ) ;
#440 = DIRECTION ( 'NONE',  ( 0.000000000000000000, 0.000000000000000000, -1.000000000000000000 ) ) ;
#441 = ADVANCED_FACE ( 'NONE', ( #142 ), #575, .F. ) ;
#442 = ORIENTED_EDGE ( 'NONE', *, *, #1222, .T. ) ;
#443 = AXIS2_PLACEMENT_3D ( 'NONE', #1004, #469, #889 ) ;
#444 = LINE ( 'NONE', #1099, #1092 ) ;
#445 = FACE_OUTER_BOUND ( 'NONE', #1372, .T. ) ;
#446 = DIRECTION ( 'NONE',  ( 0.000000000000000000, -1.000000000000000000, 0.000000000000000000 ) ) ;
#447 = EDGE_CURVE ( 'NONE', #897, #727, #120, .T. ) ;
#448 = PLANE ( 'NONE',  #248 ) ;
#449 = CARTESIAN_POINT ( 'NONE',  ( 19.99999999999996447, 0.000000000000000000, -17.60000000000000497 ) ) ;
#450 = ORIENTED_EDGE ( 'NONE', *, *, #1309, .F. ) ;
#451 = DIRECTION ( 'NONE',  ( 1.000000000000000000, 0.000000000000000000, -0.000000000000000000 ) ) ;
#452 = DIRECTION ( 'NONE',  ( -1.000000000000000000, 0.000000000000000000, 0.000000000000000000 ) ) ;
#453 = ADVANCED_FACE ( 'NONE', ( #371 ), #561, .F. ) ;
#454 = EDGE_CURVE ( 'NONE', #1158, #812, #46, .T. ) ;
#455 = DIRECTION ( 'NONE',  ( 1.000000000000000000, 0.000000000000000000, 0.000000000000000000 ) ) ;
#456 = DIRECTION ( 'NONE',  ( 0.000000000000000000, 0.000000000000000000, -1.000000000000000000 ) ) ;
#457 = ADVANCED_BREP_SHAPE_REPRESENTATION ( 'j3_3', ( #1195, #684 ), #103 ) ;
#458 = VECTOR ( 'NONE', #45, 1000.000000000000000 ) ;
#459 = ORIENTED_EDGE ( 'NONE', *, *, #521, .T. ) ;
#460 = LINE ( 'NONE', #357, #197 ) ;
#461 = LINE ( 'NONE', #686, #840 ) ;
#462 = ORIENTED_EDGE ( 'NONE', *, *, #418, .T. ) ;
#463 = VECTOR ( 'NONE', #1365, 1000.000000000000000 ) ;
#464 = FACE_OUTER_BOUND ( 'NONE', #1055, .T. ) ;
#465 = EDGE_CURVE ( 'NONE', #391, #912, #1232, .T. ) ;
#466 = LINE ( 'NONE', #135, #155 ) ;
#467 = DIRECTION ( 'NONE',  ( -1.000000000000000000, -0.000000000000000000, -0.000000000000000000 ) ) ;
#468 = ORIENTED_EDGE ( 'NONE', *, *, #735, .T. ) ;
#469 = DIRECTION ( 'NONE',  ( 0.000000000000000000, 0.000000000000000000, -1.000000000000000000 ) ) ;
#470 = DIRECTION ( 'NONE',  ( 0.000000000000000000, 0.000000000000000000, -1.000000000000000000 ) ) ;
#471 = ADVANCED_FACE ( 'NONE', ( #1245 ), #571, .F. ) ;
#472 = ORIENTED_EDGE ( 'NONE', *, *, #143, .F. ) ;
#473 = ORIENTED_EDGE ( 'NONE', *, *, #772, .F. ) ;
#474 = PLANE ( 'NONE',  #429 ) ;
#475 = DIRECTION ( 'NONE',  ( -0.000000000000000000, -1.000000000000000000, -0.000000000000000000 ) ) ;
#476 = ORIENTED_EDGE ( 'NONE', *, *, #1289, .F. ) ;
#477 = ORIENTED_EDGE ( 'NONE', *, *, #359, .F. ) ;
#478 = CARTESIAN_POINT ( 'NONE',  ( 16.00000000000003553, 14.49999999999999822, -18.99999999999999645 ) ) ;
#479 = ADVANCED_FACE ( 'NONE', ( #158 ), #581, .F. ) ;
#480 = ORIENTED_EDGE ( 'NONE', *, *, #190, .F. ) ;
#481 = DIRECTION ( 'NONE',  ( -0.000000000000000000, -1.000000000000000000, -0.000000000000000000 ) ) ;
#482 = CARTESIAN_POINT ( 'NONE',  ( 6.000000000000103917, 2.999999999999999112, -25.99999999999999645 ) ) ;
#483 = CARTESIAN_POINT ( 'NONE',  ( 15.99999999999996625, 4.500000000000000000, -17.60000000000000497 ) ) ;
#484 = VERTEX_POINT ( 'NONE', #354 ) ;
#485 = ORIENTED_EDGE ( 'NONE', *, *, #1066, .T. ) ;
#486 = LINE ( 'NONE', #1061, #888 ) ;
#487 = EDGE_CURVE ( 'NONE', #912, #1357, #793, .T. ) ;
#488 = EDGE_LOOP ( 'NONE', ( #1266, #1215, #1095, #381 ) ) ;
#489 = ADVANCED_FACE ( 'NONE', ( #925 ), #413, .F. ) ;
#490 = CARTESIAN_POINT ( 'NONE',  ( 20.00000000000010303, 4.500000000000000000, -37.59999999999998010 ) ) ;
#491 = CARTESIAN_POINT ( 'NONE',  ( 16.00000000000007105, 0.000000000000000000, -24.39999999999999858 ) ) ;
#492 = FACE_OUTER_BOUND ( 'NONE', #5, .T. ) ;
#493 = ORIENTED_EDGE ( 'NONE', *, *, #418, .F. ) ;
#494 = EDGE_LOOP ( 'NONE', ( #851, #298, #569, #1177 ) ) ;
#495 = DIRECTION ( 'NONE',  ( 0.000000000000000000, 0.000000000000000000, -1.000000000000000000 ) ) ;
#496 = CARTESIAN_POINT ( 'NONE',  ( 16.00000000000010303, 0.000000000000000000, -38.99999999999998579 ) ) ;
#497 = VERTEX_POINT ( 'NONE', #608 ) ;
#498 = EDGE_CURVE ( 'NONE', #1343, #1409, #300, .T. ) ;
#499 = DIRECTION ( 'NONE',  ( -0.000000000000000000, -0.000000000000000000, -1.000000000000000000 ) ) ;
#500 = DIRECTION ( 'NONE',  ( 0.000000000000000000, 0.000000000000000000, -1.000000000000000000 ) ) ;
#501 = EDGE_LOOP ( 'NONE', ( #1170, #723 ) ) ;
#502 = ORIENTED_EDGE ( 'NONE', *, *, #556, .T. ) ;
#503 = CARTESIAN_POINT ( 'NONE',  ( 6.000000000000000000, 2.999999999999999112, -14.39999999999999503 ) ) ;
#504 = CARTESIAN_POINT ( 'NONE',  ( 20.00000000000000000, 0.000000000000000000, -27.59999999999999787 ) ) ;
#505 = ORIENTED_EDGE ( 'NONE', *, *, #100, .T. ) ;
#506 = DIRECTION ( 'NONE',  ( 2.312964634635743844E-15, 0.000000000000000000, -1.000000000000000000 ) ) ;
#507 = LINE ( 'NONE', #951, #589 ) ;
#508 = EDGE_CURVE ( 'NONE', #239, #1127, #1172, .T. ) ;
#509 = ORIENTED_EDGE ( 'NONE', *, *, #275, .F. ) ;
#510 = ORIENTED_EDGE ( 'NONE', *, *, #144, .F. ) ;
#511 = FACE_OUTER_BOUND ( 'NONE', #1275, .T. ) ;
#512 = CYLINDRICAL_SURFACE ( 'NONE', #1073, 1.599999999999997202 ) ;
#513 = VECTOR ( 'NONE', #128, 1000.000000000000000 ) ;
#514 = ORIENTED_EDGE ( 'NONE', *, *, #258, .F. ) ;
#515 = DIRECTION ( 'NONE',  ( 0.000000000000000000, 0.000000000000000000, 1.000000000000000000 ) ) ;
#516 = VECTOR ( 'NONE', #230, 1000.000000000000000 ) ;
#517 = AXIS2_PLACEMENT_3D ( 'NONE', #652, #1097, #118 ) ;
#518 = DIRECTION ( 'NONE',  ( -1.000000000000000000, 0.000000000000000000, 0.000000000000000000 ) ) ;
#519 = VERTEX_POINT ( 'NONE', #283 ) ;
#520 = DIRECTION ( 'NONE',  ( 0.000000000000000000, 0.000000000000000000, -1.000000000000000000 ) ) ;
#521 = EDGE_CURVE ( 'NONE', #1356, #1164, #1393, .T. ) ;
#522 = CARTESIAN_POINT ( 'NONE',  ( 16.00000000000010303, 6.000000000000000000, -38.99999999999998579 ) ) ;
#523 = DIRECTION ( 'NONE',  ( -0.000000000000000000, -1.000000000000000000, -0.000000000000000000 ) ) ;
#524 = ORIENTED_EDGE ( 'NONE', *, *, #1118, .T. ) ;
#525 = CARTESIAN_POINT ( 'NONE',  ( 19.99999999999996447, 4.500000000000000000, -14.40000000000000391 ) ) ;
#526 = ORIENTED_EDGE ( 'NONE', *, *, #795, .T. ) ;
#527 = DIRECTION ( 'NONE',  ( 0.000000000000000000, -0.000000000000000000, -1.000000000000000000 ) ) ;
#528 = DIRECTION ( 'NONE',  ( -0.000000000000000000, -1.000000000000000000, -0.000000000000000000 ) ) ;
#529 = EDGE_CURVE ( 'NONE', #953, #1251, #706, .T. ) ;
#530 = ORIENTED_EDGE ( 'NONE', *, *, #1126, .F. ) ;
#531 = VECTOR ( 'NONE', #842, 1000.000000000000000 ) ;
#532 = LINE ( 'NONE', #112, #335 ) ;
#533 = DIRECTION ( 'NONE',  ( -0.000000000000000000, -1.000000000000000000, -0.000000000000000000 ) ) ;
#534 = CARTESIAN_POINT ( 'NONE',  ( 16.00000000000010303, 6.000000000000000000, 0.000000000000000000 ) ) ;
#535 = ORIENTED_EDGE ( 'NONE', *, *, #691, .F. ) ;
#536 = DIRECTION ( 'NONE',  ( -1.000000000000000000, 0.000000000000000000, 0.000000000000000000 ) ) ;
#537 = VECTOR ( 'NONE', #1211, 1000.000000000000000 ) ;
#538 = DIRECTION ( 'NONE',  ( -1.000000000000000000, 0.000000000000000000, -0.000000000000000000 ) ) ;
#539 = EDGE_CURVE ( 'NONE', #938, #1251, #1302, .T. ) ;
#540 = DIRECTION ( 'NONE',  ( 0.000000000000000000, 0.000000000000000000, -1.000000000000000000 ) ) ;
#541 = VECTOR ( 'NONE', #1013, 1000.000000000000000 ) ;
#542 = ORIENTED_EDGE ( 'NONE', *, *, #986, .T. ) ;
#543 = FACE_OUTER_BOUND ( 'NONE', #1247, .T. ) ;
#544 = DIRECTION ( 'NONE',  ( 0.000000000000000000, 0.000000000000000000, -1.000000000000000000 ) ) ;
#545 = CARTESIAN_POINT ( 'NONE',  ( 6.000000000000103917, 14.49999999999999822, -25.99999999999999645 ) ) ;
#546 = DIRECTION ( 'NONE',  ( -0.000000000000000000, -1.000000000000000000, -0.000000000000000000 ) ) ;
#547 = EDGE_CURVE ( 'NONE', #1028, #627, #940, .T. ) ;
#548 = FACE_OUTER_BOUND ( 'NONE', #1011, .T. ) ;
#549 = SHAPE_DEFINITION_REPRESENTATION ( #573, #457 ) ;
#550 = LINE ( 'NONE', #1133, #170 ) ;
#551 = LINE ( 'NONE', #449, #598 ) ;
#552 = CARTESIAN_POINT ( 'NONE',  ( 6.000000000000208722, 6.000000000000000000, -34.39999999999999147 ) ) ;
#553 = EDGE_CURVE ( 'NONE', #203, #970, #711, .T. ) ;
#554 = LINE ( 'NONE', #225, #516 ) ;
#555 = VECTOR ( 'NONE', #1002, 1000.000000000000000 ) ;
#556 = EDGE_CURVE ( 'NONE', #189, #825, #1371, .T. ) ;
#557 = CIRCLE ( 'NONE', #210, 3.499999999999996003 ) ;
#558 = CARTESIAN_POINT ( 'NONE',  ( 16.00000000000007105, 0.000000000000000000, -22.99999999999998579 ) ) ;
#559 = DIRECTION ( 'NONE',  ( -0.000000000000000000, -1.000000000000000000, -0.000000000000000000 ) ) ;
#560 = CARTESIAN_POINT ( 'NONE',  ( 6.000000000000000000, 0.000000000000000000, -19.49999999999999645 ) ) ;
#561 = CYLINDRICAL_SURFACE ( 'NONE', #1348, 1.600000000000000755 ) ;
#562 = VECTOR ( 'NONE', #936, 1000.000000000000000 ) ;
#563 = EDGE_CURVE ( 'NONE', #1251, #938, #1088, .T. ) ;
#564 = VERTEX_POINT ( 'NONE', #1264 ) ;
#565 = ORIENTED_EDGE ( 'NONE', *, *, #275, .T. ) ;
#566 = FACE_OUTER_BOUND ( 'NONE', #805, .T. ) ;
#567 = CARTESIAN_POINT ( 'NONE',  ( 6.000000000000000000, 14.49999999999999822, -15.99999999999999645 ) ) ;
#568 = ADVANCED_FACE ( 'NONE', ( #1272 ), #1385, .F. ) ;
#569 = ORIENTED_EDGE ( 'NONE', *, *, #837, .F. ) ;
#570 = DIRECTION ( 'NONE',  ( -0.000000000000000000, 1.000000000000000000, -0.000000000000000000 ) ) ;
#571 = CYLINDRICAL_SURFACE ( 'NONE', #701, 1.600000000000000755 ) ;
#572 = CARTESIAN_POINT ( 'NONE',  ( 13.00000000000003553, 14.49999999999999822, -19.00000000000000355 ) ) ;
#573 = PRODUCT_DEFINITION_SHAPE ( 'NONE', 'NONE',  #682 ) ;
#574 = EDGE_CURVE ( 'NONE', #739, #583, #274, .T. ) ;
#575 = PLANE ( 'NONE',  #402 ) ;
#576 = ORIENTED_EDGE ( 'NONE', *, *, #26, .F. ) ;
#577 =( NAMED_UNIT ( * ) SI_UNIT ( $, .STERADIAN. ) SOLID_ANGLE_UNIT ( ) );
#578 = VECTOR ( 'NONE', #1389, 1000.000000000000000 ) ;
#579 = VECTOR ( 'NONE', #1005, 1000.000000000000000 ) ;
#580 = PLANE ( 'NONE',  #673 ) ;
#581 = CYLINDRICAL_SURFACE ( 'NONE', #347, 3.499999999999996003 ) ;
#582 = EDGE_CURVE ( 'NONE', #497, #1326, #1155, .T. ) ;
#583 = VERTEX_POINT ( 'NONE', #600 ) ;
#584 = EDGE_LOOP ( 'NONE', ( #921, #1233, #1260, #1152 ) ) ;
#585 = CARTESIAN_POINT ( 'NONE',  ( 0.000000000000000000, 6.000000000000000000, 0.000000000000000000 ) ) ;
#586 = LINE ( 'NONE', #737, #1299 ) ;
#587 = VECTOR ( 'NONE', #1129, 1000.000000000000000 ) ;
#588 = DIRECTION ( 'NONE',  ( -0.000000000000000000, -1.000000000000000000, -0.000000000000000000 ) ) ;
#589 = VECTOR ( 'NONE', #403, 1000.000000000000000 ) ;
#590 = EDGE_CURVE ( 'NONE', #101, #627, #86, .T. ) ;
#591 = EDGE_LOOP ( 'NONE', ( #218, #535, #259, #834 ) ) ;
#592 = ORIENTED_EDGE ( 'NONE', *, *, #1273, .T. ) ;
#593 = CARTESIAN_POINT ( 'NONE',  ( 13.00000000000007105, 0.000000000000000000, -22.99999999999998579 ) ) ;
#594 = EDGE_CURVE ( 'NONE', #1373, #980, #307, .T. ) ;
#595 = VERTEX_POINT ( 'NONE', #64 ) ;
#596 = ORIENTED_EDGE ( 'NONE', *, *, #308, .T. ) ;
#597 = CIRCLE ( 'NONE', #1037, 1.600000000000000755 ) ;
#598 = VECTOR ( 'NONE', #886, 1000.000000000000000 ) ;
#599 = CARTESIAN_POINT ( 'NONE',  ( 16.00000000000003553, 0.000000000000000000, -14.40000000000000391 ) ) ;
#600 = CARTESIAN_POINT ( 'NONE',  ( 6.000000000000103917, 2.999999999999999112, -27.59999999999999432 ) ) ;
#601 = ORIENTED_EDGE ( 'NONE', *, *, #745, .T. ) ;
#602 = CARTESIAN_POINT ( 'NONE',  ( 6.000000000000000000, 6.000000000000000000, -15.99999999999999645 ) ) ;
#603 = AXIS2_PLACEMENT_3D ( 'NONE', #841, #1291, #386 ) ;
#604 = FACE_OUTER_BOUND ( 'NONE', #432, .T. ) ;
#605 = ORIENTED_EDGE ( 'NONE', *, *, #664, .F. ) ;
#606 = AXIS2_PLACEMENT_3D ( 'NONE', #944, #67, #716 ) ;
#607 = FACE_OUTER_BOUND ( 'NONE', #137, .T. ) ;
#608 = CARTESIAN_POINT ( 'NONE',  ( 13.00000000000010481, 6.000000000000000000, -38.99999999999999289 ) ) ;
#609 = ORIENTED_EDGE ( 'NONE', *, *, #1345, .F. ) ;
#610 = ORIENTED_EDGE ( 'NONE', *, *, #60, .T. ) ;
#611 = DIRECTION ( 'NONE',  ( 0.000000000000000000, -0.000000000000000000, -1.000000000000000000 ) ) ;
#612 = CARTESIAN_POINT ( 'NONE',  ( 6.000000000000208722, 3.000000000000000000, -36.00000000000000000 ) ) ;
#613 = CIRCLE ( 'NONE', #1151, 1.599999999999997202 ) ;
#614 = ORIENTED_EDGE ( 'NONE', *, *, #1200, .F. ) ;
#615 = ADVANCED_FACE ( 'NONE', ( #492, #933 ), #1379, .T. ) ;
#616 = DIRECTION ( 'NONE',  ( -0.000000000000000000, -1.000000000000000000, -0.000000000000000000 ) ) ;
#617 = CARTESIAN_POINT ( 'NONE',  ( 6.000000000000208722, 0.000000000000000000, -36.00000000000000000 ) ) ;
#618 = VECTOR ( 'NONE', #792, 1000.000000000000000 ) ;
#619 = ORIENTED_EDGE ( 'NONE', *, *, #1386, .F. ) ;
#620 = ORIENTED_EDGE ( 'NONE', *, *, #1366, .F. ) ;
#621 = DIRECTION ( 'NONE',  ( 1.000000000000000000, -0.000000000000000000, -0.000000000000000000 ) ) ;
#622 = DIRECTION ( 'NONE',  ( 1.000000000000000000, 0.000000000000000000, 2.312964634635743844E-15 ) ) ;
#623 = ORIENTED_EDGE ( 'NONE', *, *, #366, .F. ) ;
#624 = DIRECTION ( 'NONE',  ( 0.000000000000000000, -0.000000000000000000, -1.000000000000000000 ) ) ;
#625 = EDGE_CURVE ( 'NONE', #687, #193, #507, .T. ) ;
#626 = DIRECTION ( 'NONE',  ( -0.000000000000000000, -1.000000000000000000, -0.000000000000000000 ) ) ;
#627 = VERTEX_POINT ( 'NONE', #777 ) ;
#628 = ORIENTED_EDGE ( 'NONE', *, *, #51, .F. ) ;
#629 = VECTOR ( 'NONE', #874, 1000.000000000000000 ) ;
#630 = CARTESIAN_POINT ( 'NONE',  ( 16.00000000000010303, 0.000000000000000000, -32.99999999999997868 ) ) ;
#631 = DIRECTION ( 'NONE',  ( 0.000000000000000000, -0.000000000000000000, 1.000000000000000000 ) ) ;
#632 = LINE ( 'NONE', #421, #32 ) ;
#633 = EDGE_LOOP ( 'NONE', ( #1035, #37 ) ) ;
#634 = CIRCLE ( 'NONE', #320, 1.600000000000000755 ) ;
#635 = FACE_OUTER_BOUND ( 'NONE', #260, .T. ) ;
#636 = ORIENTED_EDGE ( 'NONE', *, *, #1377, .F. ) ;
#637 = EDGE_CURVE ( 'NONE', #363, #1388, #129, .T. ) ;
#638 = DIRECTION ( 'NONE',  ( -0.000000000000000000, -1.000000000000000000, -0.000000000000000000 ) ) ;
#639 = LINE ( 'NONE', #1306, #21 ) ;
#640 = FACE_OUTER_BOUND ( 'NONE', #752, .T. ) ;
#641 = ORIENTED_EDGE ( 'NONE', *, *, #1318, .F. ) ;
#642 = LINE ( 'NONE', #4, #1248 ) ;
#643 = EDGE_LOOP ( 'NONE', ( #160, #1192, #1280, #736, #285, #1311, #828, #65 ) ) ;
#644 = LINE ( 'NONE', #982, #1284 ) ;
#645 = PRODUCT_DEFINITION_CONTEXT ( 'detailed design', #1249, 'design' ) ;
#646 = CIRCLE ( 'NONE', #116, 1.600000000000000755 ) ;
#647 = EDGE_CURVE ( 'NONE', #727, #897, #1096, .T. ) ;
#648 = LINE ( 'NONE', #872, #768 ) ;
#649 = CARTESIAN_POINT ( 'NONE',  ( 6.000000000000000000, 0.000000000000000000, -15.99999999999999645 ) ) ;
#650 = CARTESIAN_POINT ( 'NONE',  ( 6.000000000000103917, 0.000000000000000000, -25.99999999999999645 ) ) ;
#651 = EDGE_LOOP ( 'NONE', ( #809, #847, #263, #422 ) ) ;
#652 = CARTESIAN_POINT ( 'NONE',  ( 20.00000000000000000, 4.500000000000000000, -27.59999999999999787 ) ) ;
#653 = CARTESIAN_POINT ( 'NONE',  ( 6.000000000000103917, 6.000000000000000000, -25.99999999999999645 ) ) ;
#654 = AXIS2_PLACEMENT_3D ( 'NONE', #710, #1154, #173 ) ;
#655 = VERTEX_POINT ( 'NONE', #1085 ) ;
#656 = ORIENTED_EDGE ( 'NONE', *, *, #1253, .F. ) ;
#657 = VECTOR ( 'NONE', #638, 1000.000000000000000 ) ;
#658 = DIRECTION ( 'NONE',  ( 0.000000000000000000, 0.000000000000000000, 1.000000000000000000 ) ) ;
#659 = DIRECTION ( 'NONE',  ( 0.000000000000000000, 0.000000000000000000, -1.000000000000000000 ) ) ;
#660 =( LENGTH_UNIT ( ) NAMED_UNIT ( * ) SI_UNIT ( .MILLI., .METRE. ) );
#661 = CARTESIAN_POINT ( 'NONE',  ( 0.000000000000000000, 0.000000000000000000, 0.000000000000000000 ) ) ;
#662 = ADVANCED_FACE ( 'NONE', ( #635 ), #423, .F. ) ;
#663 = FACE_BOUND ( 'NONE', #356, .T. ) ;
#664 = EDGE_CURVE ( 'NONE', #564, #1313, #333, .T. ) ;
#665 = CARTESIAN_POINT ( 'NONE',  ( 20.00000000000000000, 6.000000000000000000, 0.000000000000000000 ) ) ;
#666 = LINE ( 'NONE', #1113, #697 ) ;
#667 = AXIS2_PLACEMENT_3D ( 'NONE', #617, #192, #1146 ) ;
#668 = VERTEX_POINT ( 'NONE', #1108 ) ;
#669 = ORIENTED_EDGE ( 'NONE', *, *, #867, .F. ) ;
#670 = PLANE ( 'NONE',  #443 ) ;
#671 = EDGE_CURVE ( 'NONE', #81, #1286, #223, .T. ) ;
#672 = DIRECTION ( 'NONE',  ( 0.000000000000000000, 0.000000000000000000, -1.000000000000000000 ) ) ;
#673 = AXIS2_PLACEMENT_3D ( 'NONE', #903, #1015, #1234 ) ;
#674 = CARTESIAN_POINT ( 'NONE',  ( 20.00000000000000000, 0.000000000000000000, -14.40000000000000391 ) ) ;
#675 = CARTESIAN_POINT ( 'NONE',  ( 6.000000000000208722, 3.000000000000000000, -36.00000000000000000 ) ) ;
#676 = VECTOR ( 'NONE', #452, 1000.000000000000000 ) ;
#677 = EDGE_CURVE ( 'NONE', #404, #1164, #84, .T. ) ;
#678 = VERTEX_POINT ( 'NONE', #1198 ) ;
#679 = EDGE_LOOP ( 'NONE', ( #926, #93, #1197, #1008 ) ) ;
#680 = DIRECTION ( 'NONE',  ( 0.000000000000000000, 0.000000000000000000, 1.000000000000000000 ) ) ;
#681 = DIRECTION ( 'NONE',  ( 0.000000000000000000, 0.000000000000000000, 1.000000000000000000 ) ) ;
#682 = PRODUCT_DEFINITION ( 'æœ', '', #765, #645 ) ;
#683 = EDGE_LOOP ( 'NONE', ( #117, #329, #204, #743 ) ) ;
#684 = AXIS2_PLACEMENT_3D ( 'NONE', #244, #125, #1325 ) ;
#685 = CARTESIAN_POINT ( 'NONE',  ( 20.00000000000010303, 4.500000000000000000, -37.59999999999998010 ) ) ;
#686 = CARTESIAN_POINT ( 'NONE',  ( 13.00000000000003553, 0.000000000000000000, -19.00000000000000355 ) ) ;
#687 = VERTEX_POINT ( 'NONE', #217 ) ;
#688 = CARTESIAN_POINT ( 'NONE',  ( 20.00000000000010303, 0.000000000000000000, -34.39999999999997726 ) ) ;
#689 = CARTESIAN_POINT ( 'NONE',  ( 6.000000000000000000, 0.000000000000000000, -15.99999999999999645 ) ) ;
#690 = VERTEX_POINT ( 'NONE', #11 ) ;
#691 = EDGE_CURVE ( 'NONE', #272, #1356, #832, .T. ) ;
#692 = DIRECTION ( 'NONE',  ( 1.000000000000000000, 0.000000000000000000, 0.000000000000000000 ) ) ;
#693 = VECTOR ( 'NONE', #53, 1000.000000000000000 ) ;
#694 = VECTOR ( 'NONE', #849, 1000.000000000000000 ) ;
#695 = DIRECTION ( 'NONE',  ( -0.000000000000000000, -1.000000000000000000, -0.000000000000000000 ) ) ;
#696 = ORIENTED_EDGE ( 'NONE', *, *, #60, .F. ) ;
#697 = VECTOR ( 'NONE', #467, 1000.000000000000000 ) ;
#698 = ORIENTED_EDGE ( 'NONE', *, *, #712, .F. ) ;
#699 = CARTESIAN_POINT ( 'NONE',  ( 19.99999999999996447, 4.500000000000000000, -14.40000000000000391 ) ) ;
#700 = VECTOR ( 'NONE', #536, 1000.000000000000000 ) ;
#701 = AXIS2_PLACEMENT_3D ( 'NONE', #251, #695, #1138 ) ;
#702 = ORIENTED_EDGE ( 'NONE', *, *, #1000, .F. ) ;
#703 = CYLINDRICAL_SURFACE ( 'NONE', #370, 1.600000000000000755 ) ;
#704 = CARTESIAN_POINT ( 'NONE',  ( 6.000000000000208722, 0.000000000000000000, -39.49999999999999289 ) ) ;
#705 = EDGE_CURVE ( 'NONE', #167, #1293, #981, .T. ) ;
#706 = LINE ( 'NONE', #1163, #420 ) ;
#707 = EDGE_LOOP ( 'NONE', ( #106, #1391, #7, #424 ) ) ;
#708 = EDGE_LOOP ( 'NONE', ( #910, #775, #16, #1060 ) ) ;
#709 = VERTEX_POINT ( 'NONE', #881 ) ;
#710 = CARTESIAN_POINT ( 'NONE',  ( 6.000000000000103917, 6.000000000000000000, -25.99999999999999645 ) ) ;
#711 = LINE ( 'NONE', #55, #1342 ) ;
#712 = EDGE_CURVE ( 'NONE', #678, #687, #642, .T. ) ;
#713 = VECTOR ( 'NONE', #815, 1000.000000000000000 ) ;
#714 = ORIENTED_EDGE ( 'NONE', *, *, #553, .F. ) ;
#715 = ORIENTED_EDGE ( 'NONE', *, *, #318, .T. ) ;
#716 = DIRECTION ( 'NONE',  ( 0.000000000000000000, 0.000000000000000000, 1.000000000000000000 ) ) ;
#717 = DIRECTION ( 'NONE',  ( 0.000000000000000000, 0.000000000000000000, -1.000000000000000000 ) ) ;
#718 = VERTEX_POINT ( 'NONE', #552 ) ;
#719 = VECTOR ( 'NONE', #85, 1000.000000000000000 ) ;
#720 = CARTESIAN_POINT ( 'NONE',  ( 0.000000000000000000, 4.500000000000000000, 0.000000000000000000 ) ) ;
#721 = PRESENTATION_LAYER_ASSIGNMENT (  '', '', ( #113 ) ) ;
#722 = CARTESIAN_POINT ( 'NONE',  ( 13.00000000000007105, 14.49999999999999822, -28.99999999999999645 ) ) ;
#723 = ORIENTED_EDGE ( 'NONE', *, *, #647, .T. ) ;
#724 = CARTESIAN_POINT ( 'NONE',  ( 20.00000000000010303, 4.500000000000000000, -34.39999999999997726 ) ) ;
#725 = DIRECTION ( 'NONE',  ( -0.000000000000000000, -1.000000000000000000, -0.000000000000000000 ) ) ;
#726 = EDGE_CURVE ( 'NONE', #1326, #655, #769, .T. ) ;
#727 = VERTEX_POINT ( 'NONE', #17 ) ;
#728 = AXIS2_PLACEMENT_3D ( 'NONE', #25, #34, #456 ) ;
#729 = CARTESIAN_POINT ( 'NONE',  ( 20.00000000000010303, 0.000000000000000000, -37.59999999999998010 ) ) ;
#730 = DIRECTION ( 'NONE',  ( 0.000000000000000000, -1.000000000000000000, 0.000000000000000000 ) ) ;
#731 = ORIENTED_EDGE ( 'NONE', *, *, #130, .F. ) ;
#732 = EDGE_LOOP ( 'NONE', ( #1243, #472, #943, #1285 ) ) ;
#733 = CARTESIAN_POINT ( 'NONE',  ( 16.00000000000010303, 4.500000000000000000, -37.59999999999998010 ) ) ;
#734 = FACE_OUTER_BOUND ( 'NONE', #494, .T. ) ;
#735 = EDGE_CURVE ( 'NONE', #1286, #1021, #1421, .T. ) ;
#736 = ORIENTED_EDGE ( 'NONE', *, *, #909, .F. ) ;
#737 = CARTESIAN_POINT ( 'NONE',  ( 16.00000000000000000, 4.500000000000000000, -27.59999999999999787 ) ) ;
#738 = CARTESIAN_POINT ( 'NONE',  ( 6.000000000000208722, 0.000000000000000000, -36.00000000000000000 ) ) ;
#739 = VERTEX_POINT ( 'NONE', #438 ) ;
#740 = ORIENTED_EDGE ( 'NONE', *, *, #258, .T. ) ;
#741 = CARTESIAN_POINT ( 'NONE',  ( 19.99999999999996447, 0.000000000000000000, -17.60000000000000497 ) ) ;
#742 = CARTESIAN_POINT ( 'NONE',  ( 15.99999999999996625, 4.500000000000000000, -17.60000000000000497 ) ) ;
#743 = ORIENTED_EDGE ( 'NONE', *, *, #1309, .T. ) ;
#744 = DIRECTION ( 'NONE',  ( 0.000000000000000000, 0.000000000000000000, 1.000000000000000000 ) ) ;
#745 = EDGE_CURVE ( 'NONE', #817, #1313, #868, .T. ) ;
#746 = FACE_OUTER_BOUND ( 'NONE', #824, .T. ) ;
#747 = ORIENTED_EDGE ( 'NONE', *, *, #209, .T. ) ;
#748 = CARTESIAN_POINT ( 'NONE',  ( 16.00000000000003553, 6.000000000000000000, -12.99999999999999112 ) ) ;
#749 = LINE ( 'NONE', #214, #750 ) ;
#750 = VECTOR ( 'NONE', #1167, 1000.000000000000000 ) ;
#751 = LINE ( 'NONE', #1214, #977 ) ;
#752 = EDGE_LOOP ( 'NONE', ( #623, #376, #505, #367 ) ) ;
#753 = DIRECTION ( 'NONE',  ( 0.000000000000000000, 0.000000000000000000, -1.000000000000000000 ) ) ;
#754 = ADVANCED_FACE ( 'NONE', ( #445 ), #1315, .F. ) ;
#755 = ORIENTED_EDGE ( 'NONE', *, *, #787, .F. ) ;
#756 = CARTESIAN_POINT ( 'NONE',  ( 0.000000000000000000, 6.000000000000000000, -22.99999999999998579 ) ) ;
#757 = APPLICATION_PROTOCOL_DEFINITION ( 'draft international standard', 'automotive_design', 1998, #1249 ) ;
#758 = ORIENTED_EDGE ( 'NONE', *, *, #430, .F. ) ;
#759 = CARTESIAN_POINT ( 'NONE',  ( 0.000000000000000000, 6.000000000000000000, 0.000000000000000000 ) ) ;
#760 = LINE ( 'NONE', #1205, #629 ) ;
#761 = EDGE_LOOP ( 'NONE', ( #526, #52, #95, #698 ) ) ;
#762 = LINE ( 'NONE', #1324, #1168 ) ;
#763 = EDGE_CURVE ( 'NONE', #843, #897, #760, .T. ) ;
#764 =( NAMED_UNIT ( * ) PLANE_ANGLE_UNIT ( ) SI_UNIT ( $, .RADIAN. ) );
#765 = PRODUCT_DEFINITION_FORMATION_WITH_SPECIFIED_SOURCE ( 'ä»', '', #18, .NOT_KNOWN. ) ;
#766 = CARTESIAN_POINT ( 'NONE',  ( 16.00000000000010303, 14.49999999999999822, -32.99999999999997868 ) ) ;
#767 = APPLICATION_CONTEXT ( 'automotive_design' ) ;
#768 = VECTOR ( 'NONE', #1210, 1000.000000000000000 ) ;
#769 = LINE ( 'NONE', #534, #352 ) ;
#770 = CARTESIAN_POINT ( 'NONE',  ( 16.00000000000000000, 4.500000000000000000, -27.59999999999999787 ) ) ;
#771 = APPLICATION_PROTOCOL_DEFINITION ( 'draft international standard', 'automotive_design', 1998, #767 ) ;
#772 = EDGE_CURVE ( 'NONE', #290, #1409, #1103, .T. ) ;
#773 = AXIS2_PLACEMENT_3D ( 'NONE', #969, #992, #1303 ) ;
#774 = CARTESIAN_POINT ( 'NONE',  ( 6.000000000000103917, 0.000000000000000000, -22.49999999999999645 ) ) ;
#775 = ORIENTED_EDGE ( 'NONE', *, *, #233, .F. ) ;
#776 = AXIS2_PLACEMENT_3D ( 'NONE', #1078, #783, #659 ) ;
#777 = CARTESIAN_POINT ( 'NONE',  ( 20.00000000000000000, 0.000000000000000000, -24.39999999999999858 ) ) ;
#778 = PLANE ( 'NONE',  #794 ) ;
#779 = DIRECTION ( 'NONE',  ( -1.000000000000000000, 0.000000000000000000, 0.000000000000000000 ) ) ;
#780 = ADVANCED_FACE ( 'NONE', ( #663, #123, #312, #746 ), #1191, .T. ) ;
#781 = VERTEX_POINT ( 'NONE', #560 ) ;
#782 = CARTESIAN_POINT ( 'NONE',  ( 16.00000000000003553, 0.000000000000000000, -18.99999999999999645 ) ) ;
#783 = DIRECTION ( 'NONE',  ( 0.000000000000000000, -1.000000000000000000, 0.000000000000000000 ) ) ;
#784 = VECTOR ( 'NONE', #384, 1000.000000000000000 ) ;
#785 = EDGE_LOOP ( 'NONE', ( #276, #1148 ) ) ;
#786 = CARTESIAN_POINT ( 'NONE',  ( 13.00000000000007105, 0.000000000000000000, -28.99999999999999645 ) ) ;
#787 = EDGE_CURVE ( 'NONE', #595, #1028, #361, .T. ) ;
#788 = DIRECTION ( 'NONE',  ( 0.000000000000000000, 0.000000000000000000, -1.000000000000000000 ) ) ;
#789 = VERTEX_POINT ( 'NONE', #685 ) ;
#790 = ORIENTED_EDGE ( 'NONE', *, *, #553, .T. ) ;
#791 = CIRCLE ( 'NONE', #603, 1.599999999999997202 ) ;
#792 = DIRECTION ( 'NONE',  ( -0.000000000000000000, -0.000000000000000000, -1.000000000000000000 ) ) ;
#793 = LINE ( 'NONE', #1125, #242 ) ;
#794 = AXIS2_PLACEMENT_3D ( 'NONE', #882, #1087, #338 ) ;
#795 = EDGE_CURVE ( 'NONE', #678, #869, #156, .T. ) ;
#796 = DIRECTION ( 'NONE',  ( -0.000000000000000000, -1.000000000000000000, -0.000000000000000000 ) ) ;
#797 = LINE ( 'NONE', #254, #541 ) ;
#798 = CARTESIAN_POINT ( 'NONE',  ( 0.000000000000000000, 6.000000000000000000, -50.00000000000000000 ) ) ;
#799 = CARTESIAN_POINT ( 'NONE',  ( 6.000000000000208722, 3.000000000000000000, -36.00000000000000000 ) ) ;
#800 = CYLINDRICAL_SURFACE ( 'NONE', #728, 3.499999999999999556 ) ;
#801 = EDGE_LOOP ( 'NONE', ( #820, #1319, #175, #702 ) ) ;
#802 = ORIENTED_EDGE ( 'NONE', *, *, #14, .T. ) ;
#803 = FILL_AREA_STYLE ('',( #132 ) ) ;
#804 = ADVANCED_FACE ( 'NONE', ( #464 ), #580, .F. ) ;
#805 = EDGE_LOOP ( 'NONE', ( #1181, #88, #1134, #1396 ) ) ;
#806 = ADVANCED_FACE ( 'NONE', ( #28 ), #670, .F. ) ;
#807 = FACE_OUTER_BOUND ( 'NONE', #584, .T. ) ;
#808 = CARTESIAN_POINT ( 'NONE',  ( 6.000000000000103917, 0.000000000000000000, -29.49999999999999645 ) ) ;
#809 = ORIENTED_EDGE ( 'NONE', *, *, #144, .T. ) ;
#810 = ORIENTED_EDGE ( 'NONE', *, *, #136, .F. ) ;
#811 = CARTESIAN_POINT ( 'NONE',  ( 16.00000000000007105, 6.000000000000000000, -22.99999999999998579 ) ) ;
#812 = VERTEX_POINT ( 'NONE', #1115 ) ;
#813 = EDGE_CURVE ( 'NONE', #1270, #189, #907, .T. ) ;
#814 = DIRECTION ( 'NONE',  ( 0.000000000000000000, 0.000000000000000000, -1.000000000000000000 ) ) ;
#815 = DIRECTION ( 'NONE',  ( 0.000000000000000000, 0.000000000000000000, -1.000000000000000000 ) ) ;
#816 = ORIENTED_EDGE ( 'NONE', *, *, #14, .F. ) ;
#817 = VERTEX_POINT ( 'NONE', #786 ) ;
#818 = DIRECTION ( 'NONE',  ( 0.000000000000000000, -1.000000000000000000, 0.000000000000000000 ) ) ;
#819 = CARTESIAN_POINT ( 'NONE',  ( 16.00000000000003553, 0.000000000000000000, -12.99999999999999112 ) ) ;
#820 = ORIENTED_EDGE ( 'NONE', *, *, #974, .T. ) ;
#821 = LINE ( 'NONE', #164, #458 ) ;
#822 = DIRECTION ( 'NONE',  ( -0.000000000000000000, -1.000000000000000000, -0.000000000000000000 ) ) ;
#823 = ADVANCED_FACE ( 'NONE', ( #1344 ), #141, .F. ) ;
#824 = EDGE_LOOP ( 'NONE', ( #211, #1360, #480, #1174, #1040, #477, #161, #576, #473, #281, #1387, #839, #669, #641, #1045, #1206, #89, #917, #1006, #1077, #514, #962, #326, #810, #1250, #269, #609, #437 ) ) ;
#825 = VERTEX_POINT ( 'NONE', #674 ) ;
#826 = LINE ( 'NONE', #835, #1334 ) ;
#827 = DIRECTION ( 'NONE',  ( 1.000000000000000000, -0.000000000000000000, -0.000000000000000000 ) ) ;
#828 = ORIENTED_EDGE ( 'NONE', *, *, #941, .F. ) ;
#829 = CARTESIAN_POINT ( 'NONE',  ( 20.00000000000000000, 0.000000000000000000, -50.00000000000000000 ) ) ;
#830 =( GEOMETRIC_REPRESENTATION_CONTEXT ( 3 ) GLOBAL_UNCERTAINTY_ASSIGNED_CONTEXT ( ( #1184 ) ) GLOBAL_UNIT_ASSIGNED_CONTEXT ( ( #660, #154, #577 ) ) REPRESENTATION_CONTEXT ( 'NONE', 'WORKASPACE' ) );
#831 = DIRECTION ( 'NONE',  ( 0.000000000000000000, 0.000000000000000000, -1.000000000000000000 ) ) ;
#832 = CIRCLE ( 'NONE', #228, 3.499999999999999556 ) ;
#833 = EDGE_LOOP ( 'NONE', ( #1204, #620, #935, #1189 ) ) ;
#834 = ORIENTED_EDGE ( 'NONE', *, *, #677, .T. ) ;
#835 = CARTESIAN_POINT ( 'NONE',  ( 13.00000000000007105, 6.000000000000000000, 0.000000000000000000 ) ) ;
#836 = CARTESIAN_POINT ( 'NONE',  ( 6.000000000000103917, 3.000000000000000000, -25.99999999999999645 ) ) ;
#837 = EDGE_CURVE ( 'NONE', #1028, #709, #1136, .T. ) ;
#838 = AXIS2_PLACEMENT_3D ( 'NONE', #1317, #890, #236 ) ;
#839 = ORIENTED_EDGE ( 'NONE', *, *, #1135, .F. ) ;
#840 = VECTOR ( 'NONE', #1350, 1000.000000000000000 ) ;
#841 = CARTESIAN_POINT ( 'NONE',  ( 6.000000000000208722, 6.000000000000000000, -35.99999999999999289 ) ) ;
#842 = DIRECTION ( 'NONE',  ( -0.000000000000000000, -1.000000000000000000, -0.000000000000000000 ) ) ;
#843 = VERTEX_POINT ( 'NONE', #1121 ) ;
#844 = VERTEX_POINT ( 'NONE', #893 ) ;
#845 = LINE ( 'NONE', #733, #1 ) ;
#846 = CARTESIAN_POINT ( 'NONE',  ( 6.000000000000000000, 6.000000000000000000, -17.59999999999999787 ) ) ;
#847 = ORIENTED_EDGE ( 'NONE', *, *, #1339, .T. ) ;
#848 = LINE ( 'NONE', #1375, #1064 ) ;
#849 = DIRECTION ( 'NONE',  ( -1.000000000000000000, 0.000000000000000000, 0.000000000000000000 ) ) ;
#850 = VECTOR ( 'NONE', #885, 1000.000000000000000 ) ;
#851 = ORIENTED_EDGE ( 'NONE', *, *, #359, .T. ) ;
#852 = CARTESIAN_POINT ( 'NONE',  ( 13.00000000000007105, 0.000000000000000000, -28.99999999999999645 ) ) ;
#853 = AXIS2_PLACEMENT_3D ( 'NONE', #79, #730, #1043 ) ;
#854 = DIRECTION ( 'NONE',  ( 1.000000000000000000, 0.000000000000000000, 0.000000000000000000 ) ) ;
#855 = ORIENTED_EDGE ( 'NONE', *, *, #410, .T. ) ;
#856 = EDGE_CURVE ( 'NONE', #718, #727, #460, .T. ) ;
#857 = LINE ( 'NONE', #1063, #719 ) ;
#858 = ADVANCED_FACE ( 'NONE', ( #566 ), #1022, .F. ) ;
#859 = CARTESIAN_POINT ( 'NONE',  ( 20.00000000000010303, 4.500000000000000000, -34.39999999999997726 ) ) ;
#860 = VECTOR ( 'NONE', #59, 1000.000000000000000 ) ;
#861 = VERTEX_POINT ( 'NONE', #1237 ) ;
#862 = DIRECTION ( 'NONE',  ( -0.000000000000000000, -1.000000000000000000, -0.000000000000000000 ) ) ;
#863 = CARTESIAN_POINT ( 'NONE',  ( 15.99999999999996625, 4.500000000000000000, -17.60000000000000497 ) ) ;
#864 = VECTOR ( 'NONE', #523, 1000.000000000000000 ) ;
#865 = ORIENTED_EDGE ( 'NONE', *, *, #1200, .T. ) ;
#866 = FACE_OUTER_BOUND ( 'NONE', #435, .T. ) ;
#867 = EDGE_CURVE ( 'NONE', #1021, #1290, #1337, .T. ) ;
#868 = LINE ( 'NONE', #1076, #1041 ) ;
#869 = VERTEX_POINT ( 'NONE', #134 ) ;
#870 = CARTESIAN_POINT ( 'NONE',  ( 6.000000000000103917, 6.000000000000000000, -24.39999999999999503 ) ) ;
#871 =( NAMED_UNIT ( * ) SI_UNIT ( $, .STERADIAN. ) SOLID_ANGLE_UNIT ( ) );
#872 = CARTESIAN_POINT ( 'NONE',  ( 16.00000000000007105, 0.000000000000000000, -28.99999999999998934 ) ) ;
#873 = LINE ( 'NONE', #1101, #1186 ) ;
#874 = DIRECTION ( 'NONE',  ( -0.000000000000000000, -1.000000000000000000, -0.000000000000000000 ) ) ;
#875 = ORIENTED_EDGE ( 'NONE', *, *, #1236, .F. ) ;
#876 = ADVANCED_FACE ( 'NONE', ( #1223 ), #240, .F. ) ;
#877 = CARTESIAN_POINT ( 'NONE',  ( 6.000000000000103917, 3.000000000000000000, -25.99999999999999645 ) ) ;
#878 = DIRECTION ( 'NONE',  ( 0.000000000000000000, -0.000000000000000000, 1.000000000000000000 ) ) ;
#879 = EDGE_LOOP ( 'NONE', ( #565, #740, #656, #942, #1304, #382, #530, #224 ) ) ;
#880 = DIRECTION ( 'NONE',  ( 0.000000000000000000, -1.000000000000000000, 0.000000000000000000 ) ) ;
#881 = CARTESIAN_POINT ( 'NONE',  ( 16.00000000000007105, 4.500000000000000000, -24.39999999999999858 ) ) ;
#882 = CARTESIAN_POINT ( 'NONE',  ( 16.00000000000007105, 14.49999999999999822, -28.99999999999998934 ) ) ;
#883 = EDGE_CURVE ( 'NONE', #193, #1290, #346, .T. ) ;
#884 = AXIS2_PLACEMENT_3D ( 'NONE', #650, #431, #753 ) ;
#885 = DIRECTION ( 'NONE',  ( -1.000000000000000000, 0.000000000000000000, 0.000000000000000000 ) ) ;
#886 = DIRECTION ( 'NONE',  ( 1.000000000000000000, -0.000000000000000000, -0.000000000000000000 ) ) ;
#887 = ORIENTED_EDGE ( 'NONE', *, *, #3, .F. ) ;
#888 = VECTOR ( 'NONE', #1276, 1000.000000000000000 ) ;
#889 = DIRECTION ( 'NONE',  ( -1.000000000000000000, 0.000000000000000000, -0.000000000000000000 ) ) ;
#890 = DIRECTION ( 'NONE',  ( 0.000000000000000000, 0.000000000000000000, -1.000000000000000000 ) ) ;
#891 = EDGE_CURVE ( 'NONE', #1127, #363, #253, .T. ) ;
#892 = DIRECTION ( 'NONE',  ( 0.000000000000000000, 0.000000000000000000, -1.000000000000000000 ) ) ;
#893 = CARTESIAN_POINT ( 'NONE',  ( 16.00000000000000000, 4.500000000000000000, -27.59999999999999787 ) ) ;
#894 = CARTESIAN_POINT ( 'NONE',  ( 20.00000000000010303, 4.500000000000000000, -37.59999999999998010 ) ) ;
#895 = AXIS2_PLACEMENT_3D ( 'NONE', #836, #1288, #296 ) ;
#896 = VECTOR ( 'NONE', #202, 1000.000000000000000 ) ;
#897 = VERTEX_POINT ( 'NONE', #1124 ) ;
#898 = EDGE_CURVE ( 'NONE', #583, #390, #995, .T. ) ;
#899 = CARTESIAN_POINT ( 'NONE',  ( 20.00000000000000000, 4.500000000000000000, -27.59999999999999787 ) ) ;
#900 = CARTESIAN_POINT ( 'NONE',  ( 6.000000000000208722, 2.999999999999999112, -35.99999999999999289 ) ) ;
#901 = VERTEX_POINT ( 'NONE', #1032 ) ;
#902 = AXIS2_PLACEMENT_3D ( 'NONE', #267, #1145, #814 ) ;
#903 = CARTESIAN_POINT ( 'NONE',  ( 0.000000000000000000, 6.000000000000000000, 0.000000000000000000 ) ) ;
#904 = AXIS2_PLACEMENT_3D ( 'NONE', #1338, #1217, #989 ) ;
#905 = CARTESIAN_POINT ( 'NONE',  ( 16.00000000000010303, 0.000000000000000000, -32.99999999999997868 ) ) ;
#906 = SURFACE_STYLE_USAGE ( .BOTH. , #237 ) ;
#907 = LINE ( 'NONE', #1354, #1321 ) ;
#908 = DIRECTION ( 'NONE',  ( -0.000000000000000000, -1.000000000000000000, -0.000000000000000000 ) ) ;
#909 = EDGE_CURVE ( 'NONE', #709, #844, #586, .T. ) ;
#910 = ORIENTED_EDGE ( 'NONE', *, *, #813, .T. ) ;
#911 = VECTOR ( 'NONE', #680, 1000.000000000000000 ) ;
#912 = VERTEX_POINT ( 'NONE', #829 ) ;
#913 = VECTOR ( 'NONE', #956, 1000.000000000000000 ) ;
#914 = DIRECTION ( 'NONE',  ( -0.000000000000000000, 1.000000000000000000, -0.000000000000000000 ) ) ;
#915 = DIRECTION ( 'NONE',  ( 0.000000000000000000, -1.000000000000000000, 0.000000000000000000 ) ) ;
#916 = ORIENTED_EDGE ( 'NONE', *, *, #582, .T. ) ;
#917 = ORIENTED_EDGE ( 'NONE', *, *, #487, .F. ) ;
#918 = CARTESIAN_POINT ( 'NONE',  ( 6.000000000000208722, 0.000000000000000000, -32.50000000000000000 ) ) ;
#919 = ADVANCED_FACE ( 'NONE', ( #1057 ), #1179, .F. ) ;
#920 = CIRCLE ( 'NONE', #315, 3.499999999999999556 ) ;
#921 = ORIENTED_EDGE ( 'NONE', *, *, #986, .F. ) ;
#922 = LINE ( 'NONE', #585, #693 ) ;
#923 = VECTOR ( 'NONE', #40, 1000.000000000000000 ) ;
#924 = LINE ( 'NONE', #729, #1282 ) ;
#925 = FACE_OUTER_BOUND ( 'NONE', #1025, .T. ) ;
#926 = ORIENTED_EDGE ( 'NONE', *, *, #1126, .T. ) ;
#927 = VERTEX_POINT ( 'NONE', #394 ) ;
#928 = DIRECTION ( 'NONE',  ( 0.000000000000000000, 0.000000000000000000, -1.000000000000000000 ) ) ;
#929 = CARTESIAN_POINT ( 'NONE',  ( 16.00000000000003553, 4.500000000000000000, -14.40000000000000391 ) ) ;
#930 = VERTEX_POINT ( 'NONE', #949 ) ;
#931 = ADVANCED_FACE ( 'NONE', ( #1384 ), #200, .F. ) ;
#932 = CARTESIAN_POINT ( 'NONE',  ( 13.00000000000003553, 0.000000000000000000, -12.99999999999999112 ) ) ;
#933 = FACE_BOUND ( 'NONE', #785, .T. ) ;
#934 = ORIENTED_EDGE ( 'NONE', *, *, #166, .T. ) ;
#935 = ORIENTED_EDGE ( 'NONE', *, *, #763, .T. ) ;
#936 = DIRECTION ( 'NONE',  ( -0.000000000000000000, -0.000000000000000000, -1.000000000000000000 ) ) ;
#937 = FACE_BOUND ( 'NONE', #501, .T. ) ;
#938 = VERTEX_POINT ( 'NONE', #704 ) ;
#939 = DIRECTION ( 'NONE',  ( -1.000000000000000000, 0.000000000000000000, -2.312964634635743844E-15 ) ) ;
#940 = LINE ( 'NONE', #72, #1228 ) ;
#941 = EDGE_CURVE ( 'NONE', #1265, #1246, #821, .T. ) ;
#942 = ORIENTED_EDGE ( 'NONE', *, *, #209, .F. ) ;
#943 = ORIENTED_EDGE ( 'NONE', *, *, #110, .F. ) ;
#944 = CARTESIAN_POINT ( 'NONE',  ( 0.000000000000000000, 4.500000000000000000, 0.000000000000000000 ) ) ;
#945 = FACE_OUTER_BOUND ( 'NONE', #591, .T. ) ;
#946 = VECTOR ( 'NONE', #324, 1000.000000000000000 ) ;
#947 = AXIS2_PLACEMENT_3D ( 'NONE', #759, #227, #538 ) ;
#948 = ORIENTED_EDGE ( 'NONE', *, *, #1213, .T. ) ;
#949 = CARTESIAN_POINT ( 'NONE',  ( 16.00000000000010303, 0.000000000000000000, -37.59999999999998010 ) ) ;
#950 = AXIS2_PLACEMENT_3D ( 'NONE', #525, #235, #325 ) ;
#951 = CARTESIAN_POINT ( 'NONE',  ( 16.00000000000003553, 6.000000000000000000, 0.000000000000000000 ) ) ;
#952 = ORIENTED_EDGE ( 'NONE', *, *, #100, .F. ) ;
#953 = VERTEX_POINT ( 'NONE', #1162 ) ;
#954 = ADVANCED_FACE ( 'NONE', ( #607 ), #291, .T. ) ;
#955 = CARTESIAN_POINT ( 'NONE',  ( 6.000000000000208722, 3.000000000000000000, -36.00000000000000000 ) ) ;
#956 = DIRECTION ( 'NONE',  ( -0.000000000000000000, -0.000000000000000000, -1.000000000000000000 ) ) ;
#957 = VECTOR ( 'NONE', #862, 1000.000000000000000 ) ;
#958 = VECTOR ( 'NONE', #151, 1000.000000000000000 ) ;
#959 = CARTESIAN_POINT ( 'NONE',  ( 6.000000000000000000, 3.000000000000000000, -19.49999999999999645 ) ) ;
#960 = AXIS2_PLACEMENT_3D ( 'NONE', #1072, #631, #1160 ) ;
#961 = DIRECTION ( 'NONE',  ( 0.000000000000000000, 0.000000000000000000, 1.000000000000000000 ) ) ;
#962 = ORIENTED_EDGE ( 'NONE', *, *, #637, .F. ) ;
#963 = LINE ( 'NONE', #630, #578 ) ;
#964 = DIRECTION ( 'NONE',  ( -0.000000000000000000, 1.000000000000000000, -0.000000000000000000 ) ) ;
#965 = EDGE_CURVE ( 'NONE', #390, #583, #646, .T. ) ;
#966 = EDGE_CURVE ( 'NONE', #930, #519, #924, .T. ) ;
#967 = DIRECTION ( 'NONE',  ( 0.000000000000000000, 0.000000000000000000, -1.000000000000000000 ) ) ;
#968 = ORIENTED_EDGE ( 'NONE', *, *, #1024, .F. ) ;
#969 = CARTESIAN_POINT ( 'NONE',  ( 6.000000000000208722, 2.999999999999999112, -35.99999999999999289 ) ) ;
#970 = VERTEX_POINT ( 'NONE', #1171 ) ;
#971 = LINE ( 'NONE', #13, #1137 ) ;
#972 = AXIS2_PLACEMENT_3D ( 'NONE', #722, #518, #961 ) ;
#973 = CARTESIAN_POINT ( 'NONE',  ( 6.000000000000103917, 3.000000000000000000, -22.49999999999999645 ) ) ;
#974 = EDGE_CURVE ( 'NONE', #668, #1026, #191, .T. ) ;
#975 = ORIENTED_EDGE ( 'NONE', *, *, #179, .F. ) ;
#976 = CARTESIAN_POINT ( 'NONE',  ( 6.000000000000000000, 3.000000000000000000, -19.49999999999999645 ) ) ;
#977 = VECTOR ( 'NONE', #215, 1000.000000000000000 ) ;
#978 = VECTOR ( 'NONE', #1252, 1000.000000000000000 ) ;
#979 = DIRECTION ( 'NONE',  ( -0.000000000000000000, 0.000000000000000000, 1.000000000000000000 ) ) ;
#980 = VERTEX_POINT ( 'NONE', #78 ) ;
#981 = CIRCLE ( 'NONE', #1014, 1.600000000000000755 ) ;
#982 = CARTESIAN_POINT ( 'NONE',  ( 16.00000000000010303, 14.49999999999999822, -38.99999999999998579 ) ) ;
#983 = CIRCLE ( 'NONE', #654, 1.600000000000000755 ) ;
#984 = AXIS2_PLACEMENT_3D ( 'NONE', #955, #818, #495 ) ;
#985 = PLANE ( 'NONE',  #109 ) ;
#986 = EDGE_CURVE ( 'NONE', #718, #843, #791, .T. ) ;
#987 = DIRECTION ( 'NONE',  ( 0.000000000000000000, 0.000000000000000000, -1.000000000000000000 ) ) ;
#988 = ORIENTED_EDGE ( 'NONE', *, *, #529, .F. ) ;
#989 = DIRECTION ( 'NONE',  ( -1.000000000000000000, 0.000000000000000000, -2.312964634635743844E-15 ) ) ;
#990 = ORIENTED_EDGE ( 'NONE', *, *, #705, .F. ) ;
#991 = FACE_OUTER_BOUND ( 'NONE', #708, .T. ) ;
#992 = DIRECTION ( 'NONE',  ( -0.000000000000000000, 1.000000000000000000, -0.000000000000000000 ) ) ;
#993 = ADVANCED_FACE ( 'NONE', ( #71 ), #474, .F. ) ;
#994 = LINE ( 'NONE', #1225, #957 ) ;
#995 = CIRCLE ( 'NONE', #1111, 1.600000000000000755 ) ;
#996 = FACE_OUTER_BOUND ( 'NONE', #707, .T. ) ;
#997 = EDGE_LOOP ( 'NONE', ( #1383, #1165, #176, #140, #755, #1367, #69, #1308, #968, #73, #934, #43, #162, #1143, #502, #875 ) ) ;
#998 = DIRECTION ( 'NONE',  ( 1.000000000000000000, -0.000000000000000000, 2.312964634635743450E-15 ) ) ;
#999 = LINE ( 'NONE', #19, #676 ) ;
#1000 = EDGE_CURVE ( 'NONE', #668, #678, #1370, .T. ) ;
#1001 = PRESENTATION_STYLE_ASSIGNMENT (( #906 ) ) ;
#1002 = DIRECTION ( 'NONE',  ( -0.000000000000000000, -0.000000000000000000, 1.000000000000000000 ) ) ;
#1003 = VECTOR ( 'NONE', #533, 1000.000000000000000 ) ;
#1004 = CARTESIAN_POINT ( 'NONE',  ( 19.99999999999996447, 4.500000000000000000, -17.60000000000000497 ) ) ;
#1005 = DIRECTION ( 'NONE',  ( 1.000000000000000000, 0.000000000000000000, 0.000000000000000000 ) ) ;
#1006 = ORIENTED_EDGE ( 'NONE', *, *, #166, .F. ) ;
#1007 = ADVANCED_FACE ( 'NONE', ( #807 ), #1254, .F. ) ;
#1008 = ORIENTED_EDGE ( 'NONE', *, *, #1169, .F. ) ;
#1009 = CARTESIAN_POINT ( 'NONE',  ( 16.00000000000003553, 14.49999999999999822, -12.99999999999999112 ) ) ;
#1010 = DIRECTION ( 'NONE',  ( -0.000000000000000000, -1.000000000000000000, -0.000000000000000000 ) ) ;
#1011 = EDGE_LOOP ( 'NONE', ( #592, #601, #605, #302 ) ) ;
#1012 = DIRECTION ( 'NONE',  ( 0.000000000000000000, -1.000000000000000000, 0.000000000000000000 ) ) ;
#1013 = DIRECTION ( 'NONE',  ( -1.000000000000000000, 0.000000000000000000, 0.000000000000000000 ) ) ;
#1014 = AXIS2_PLACEMENT_3D ( 'NONE', #105, #96, #987 ) ;
#1015 = DIRECTION ( 'NONE',  ( 1.000000000000000000, -0.000000000000000000, 0.000000000000000000 ) ) ;
#1016 = EDGE_CURVE ( 'NONE', #739, #284, #983, .T. ) ;
#1017 = DIRECTION ( 'NONE',  ( -0.000000000000000000, 1.000000000000000000, -0.000000000000000000 ) ) ;
#1018 = VECTOR ( 'NONE', #475, 1000.000000000000000 ) ;
#1019 = ORIENTED_EDGE ( 'NONE', *, *, #582, .F. ) ;
#1020 = DIRECTION ( 'NONE',  ( 0.000000000000000000, -1.000000000000000000, 0.000000000000000000 ) ) ;
#1021 = VERTEX_POINT ( 'NONE', #599 ) ;
#1022 = PLANE ( 'NONE',  #1240 ) ;
#1023 = DIRECTION ( 'NONE',  ( -0.000000000000000000, -1.000000000000000000, -0.000000000000000000 ) ) ;
#1024 = EDGE_CURVE ( 'NONE', #789, #203, #62, .T. ) ;
#1025 = EDGE_LOOP ( 'NONE', ( #56, #459, #596, #427 ) ) ;
#1026 = VERTEX_POINT ( 'NONE', #932 ) ;
#1027 = DIRECTION ( 'NONE',  ( -0.000000000000000000, -1.000000000000000000, -0.000000000000000000 ) ) ;
#1028 = VERTEX_POINT ( 'NONE', #1271 ) ;
#1029 = CARTESIAN_POINT ( 'NONE',  ( 16.00000000000010303, 0.000000000000000000, -38.99999999999998579 ) ) ;
#1030 = VECTOR ( 'NONE', #22, 1000.000000000000000 ) ;
#1031 = AXIS2_PLACEMENT_3D ( 'NONE', #292, #1058, #388 ) ;
#1032 = CARTESIAN_POINT ( 'NONE',  ( 6.000000000000000000, 3.000000000000000000, -12.49999999999999645 ) ) ;
#1033 = DIRECTION ( 'NONE',  ( 0.000000000000000000, 0.000000000000000000, -1.000000000000000000 ) ) ;
#1034 = ORIENTED_EDGE ( 'NONE', *, *, #26, .T. ) ;
#1035 = ORIENTED_EDGE ( 'NONE', *, *, #898, .T. ) ;
#1036 = CARTESIAN_POINT ( 'NONE',  ( 20.00000000000010303, 4.500000000000000000, -37.59999999999998010 ) ) ;
#1037 = AXIS2_PLACEMENT_3D ( 'NONE', #653, #880, #967 ) ;
#1038 = CARTESIAN_POINT ( 'NONE',  ( 16.00000000000000000, 4.500000000000000000, -24.39999999999999858 ) ) ;
#1039 = EDGE_CURVE ( 'NONE', #564, #1265, #1307, .T. ) ;
#1040 = ORIENTED_EDGE ( 'NONE', *, *, #1109, .F. ) ;
#1041 = VECTOR ( 'NONE', #998, 1000.000000000000000 ) ;
#1042 = DIRECTION ( 'NONE',  ( 0.000000000000000000, 0.000000000000000000, 1.000000000000000000 ) ) ;
#1043 = DIRECTION ( 'NONE',  ( 0.000000000000000000, 0.000000000000000000, -1.000000000000000000 ) ) ;
#1044 = EDGE_LOOP ( 'NONE', ( #1221, #1363, #412, #636, #468, #198, #1199, #1351 ) ) ;
#1045 = ORIENTED_EDGE ( 'NONE', *, *, #556, .F. ) ;
#1046 = DIRECTION ( 'NONE',  ( 0.000000000000000000, 0.000000000000000000, 1.000000000000000000 ) ) ;
#1047 = DIRECTION ( 'NONE',  ( -0.000000000000000000, -1.000000000000000000, -0.000000000000000000 ) ) ;
#1048 = ORIENTED_EDGE ( 'NONE', *, *, #691, .T. ) ;
#1049 = CARTESIAN_POINT ( 'NONE',  ( 0.000000000000000000, 4.500000000000000000, 0.000000000000000000 ) ) ;
#1050 = DIRECTION ( 'NONE',  ( -0.000000000000000000, -1.000000000000000000, -0.000000000000000000 ) ) ;
#1051 = ORIENTED_EDGE ( 'NONE', *, *, #594, .F. ) ;
#1052 = EDGE_LOOP ( 'NONE', ( #1405, #1086 ) ) ;
#1053 = PLANE ( 'NONE',  #838 ) ;
#1054 = DIRECTION ( 'NONE',  ( 0.000000000000000000, -1.000000000000000000, 0.000000000000000000 ) ) ;
#1055 = EDGE_LOOP ( 'NONE', ( #409, #153, #628, #1376 ) ) ;
#1056 = AXIS2_PLACEMENT_3D ( 'NONE', #799, #1349, #1244 ) ;
#1057 = FACE_OUTER_BOUND ( 'NONE', #761, .T. ) ;
#1058 = DIRECTION ( 'NONE',  ( 0.000000000000000000, -1.000000000000000000, 0.000000000000000000 ) ) ;
#1059 = VERTEX_POINT ( 'NONE', #976 ) ;
#1060 = ORIENTED_EDGE ( 'NONE', *, *, #1369, .T. ) ;
#1061 = CARTESIAN_POINT ( 'NONE',  ( 13.00000000000010481, 6.000000000000000000, 0.000000000000000000 ) ) ;
#1062 = CARTESIAN_POINT ( 'NONE',  ( 20.00000000000000000, 0.000000000000000000, 0.000000000000000000 ) ) ;
#1063 = CARTESIAN_POINT ( 'NONE',  ( 16.00000000000003553, 0.000000000000000000, -18.99999999999999645 ) ) ;
#1064 = VECTOR ( 'NONE', #1027, 1000.000000000000000 ) ;
#1065 = DIRECTION ( 'NONE',  ( -1.000000000000000000, 0.000000000000000000, 0.000000000000000000 ) ) ;
#1066 = EDGE_CURVE ( 'NONE', #1059, #781, #428, .T. ) ;
#1067 = VECTOR ( 'NONE', #546, 1000.000000000000000 ) ;
#1068 = ORIENTED_EDGE ( 'NONE', *, *, #966, .T. ) ;
#1069 = ORIENTED_EDGE ( 'NONE', *, *, #1016, .T. ) ;
#1070 = DIRECTION ( 'NONE',  ( 0.000000000000000000, -1.000000000000000000, 0.000000000000000000 ) ) ;
#1071 = ADVANCED_FACE ( 'NONE', ( #309 ), #221, .F. ) ;
#1072 = CARTESIAN_POINT ( 'NONE',  ( 16.00000000000010303, 14.49999999999999822, -32.99999999999997868 ) ) ;
#1073 = AXIS2_PLACEMENT_3D ( 'NONE', #1277, #1047, #206 ) ;
#1074 = DIRECTION ( 'NONE',  ( 0.000000000000000000, 0.000000000000000000, 1.000000000000000000 ) ) ;
#1075 = ORIENTED_EDGE ( 'NONE', *, *, #563, .T. ) ;
#1076 = CARTESIAN_POINT ( 'NONE',  ( 16.00000000000007105, 0.000000000000000000, -28.99999999999998934 ) ) ;
#1077 = ORIENTED_EDGE ( 'NONE', *, *, #966, .F. ) ;
#1078 = CARTESIAN_POINT ( 'NONE',  ( 6.000000000000103917, 0.000000000000000000, -25.99999999999999645 ) ) ;
#1079 = EDGE_CURVE ( 'NONE', #216, #81, #632, .T. ) ;
#1080 = DIRECTION ( 'NONE',  ( 0.000000000000000000, 0.000000000000000000, -1.000000000000000000 ) ) ;
#1081 = ORIENTED_EDGE ( 'NONE', *, *, #1377, .T. ) ;
#1082 = CARTESIAN_POINT ( 'NONE',  ( 0.000000000000000000, 6.000000000000000000, -50.00000000000000000 ) ) ;
#1083 = AXIS2_PLACEMENT_3D ( 'NONE', #99, #854, #83 ) ;
#1084 = AXIS2_PLACEMENT_3D ( 'NONE', #54, #506, #939 ) ;
#1085 = CARTESIAN_POINT ( 'NONE',  ( 16.00000000000010303, 6.000000000000000000, -32.99999999999997868 ) ) ;
#1086 = ORIENTED_EDGE ( 'NONE', *, *, #308, .F. ) ;
#1087 = DIRECTION ( 'NONE',  ( 2.312964634635743844E-15, 0.000000000000000000, -1.000000000000000000 ) ) ;
#1088 = CIRCLE ( 'NONE', #104, 3.499999999999996003 ) ;
#1089 = ADVANCED_FACE ( 'NONE', ( #866 ), #985, .F. ) ;
#1090 = AXIS2_PLACEMENT_3D ( 'NONE', #545, #94, #1314 ) ;
#1091 = LINE ( 'NONE', #102, #946 ) ;
#1092 = VECTOR ( 'NONE', #1074, 1000.000000000000000 ) ;
#1093 = ORIENTED_EDGE ( 'NONE', *, *, #1079, .T. ) ;
#1094 = CARTESIAN_POINT ( 'NONE',  ( 16.00000000000010303, 0.000000000000000000, -38.99999999999998579 ) ) ;
#1095 = ORIENTED_EDGE ( 'NONE', *, *, #974, .F. ) ;
#1096 = CIRCLE ( 'NONE', #773, 1.599999999999997202 ) ;
#1097 = DIRECTION ( 'NONE',  ( 0.000000000000000000, 0.000000000000000000, -1.000000000000000000 ) ) ;
#1098 = DIRECTION ( 'NONE',  ( 1.000000000000000000, 0.000000000000000000, -0.000000000000000000 ) ) ;
#1099 = CARTESIAN_POINT ( 'NONE',  ( 16.00000000000007105, 0.000000000000000000, -28.99999999999998934 ) ) ;
#1100 = AXIS2_PLACEMENT_3D ( 'NONE', #900, #1017, #470 ) ;
#1101 = CARTESIAN_POINT ( 'NONE',  ( 6.000000000000000000, 3.000000000000000000, -12.49999999999999645 ) ) ;
#1102 = ADVANCED_FACE ( 'NONE', ( #640 ), #1203, .F. ) ;
#1103 = LINE ( 'NONE', #229, #1278 ) ;
#1104 = DIRECTION ( 'NONE',  ( -0.000000000000000000, -1.000000000000000000, -0.000000000000000000 ) ) ;
#1105 = ORIENTED_EDGE ( 'NONE', *, *, #909, .T. ) ;
#1106 = CARTESIAN_POINT ( 'NONE',  ( 6.000000000000000000, 2.999999999999999112, -17.59999999999999787 ) ) ;
#1107 = LINE ( 'NONE', #246, #513 ) ;
#1108 = CARTESIAN_POINT ( 'NONE',  ( 13.00000000000003553, 6.000000000000000000, -12.99999999999999112 ) ) ;
#1109 = EDGE_CURVE ( 'NONE', #97, #1246, #648, .T. ) ;
#1110 = DIRECTION ( 'NONE',  ( 1.000000000000000000, 0.000000000000000000, 0.000000000000000000 ) ) ;
#1111 = AXIS2_PLACEMENT_3D ( 'NONE', #146, #570, #1262 ) ;
#1112 = VECTOR ( 'NONE', #831, 1000.000000000000000 ) ;
#1113 = CARTESIAN_POINT ( 'NONE',  ( 0.000000000000000000, 6.000000000000000000, -50.00000000000000000 ) ) ;
#1114 = VECTOR ( 'NONE', #1410, 1000.000000000000000 ) ;
#1115 = CARTESIAN_POINT ( 'NONE',  ( 20.00000000000000000, 6.000000000000000000, 0.000000000000000000 ) ) ;
#1116 = EDGE_CURVE ( 'NONE', #1343, #216, #1091, .T. ) ;
#1117 = LINE ( 'NONE', #894, #958 ) ;
#1118 = EDGE_CURVE ( 'NONE', #1373, #1293, #532, .T. ) ;
#1119 = ORIENTED_EDGE ( 'NONE', *, *, #671, .F. ) ;
#1120 = AXIS2_PLACEMENT_3D ( 'NONE', #1212, #1110, #440 ) ;
#1121 = CARTESIAN_POINT ( 'NONE',  ( 6.000000000000208722, 6.000000000000000000, -37.59999999999998721 ) ) ;
#1122 = CARTESIAN_POINT ( 'NONE',  ( 13.00000000000007105, 14.49999999999999822, -22.99999999999998579 ) ) ;
#1123 = ADVANCED_FACE ( 'NONE', ( #991 ), #121, .F. ) ;
#1124 = CARTESIAN_POINT ( 'NONE',  ( 6.000000000000208722, 2.999999999999999112, -37.59999999999998721 ) ) ;
#1125 = CARTESIAN_POINT ( 'NONE',  ( 0.000000000000000000, 0.000000000000000000, -50.00000000000000000 ) ) ;
#1126 = EDGE_CURVE ( 'NONE', #655, #414, #9, .T. ) ;
#1127 = VERTEX_POINT ( 'NONE', #331 ) ;
#1128 = CARTESIAN_POINT ( 'NONE',  ( 16.00000000000010303, 4.500000000000000000, -34.39999999999997726 ) ) ;
#1129 = DIRECTION ( 'NONE',  ( -0.000000000000000000, -1.000000000000000000, -0.000000000000000000 ) ) ;
#1130 = DIRECTION ( 'NONE',  ( 0.000000000000000000, 0.000000000000000000, -1.000000000000000000 ) ) ;
#1131 = UNCERTAINTY_MEASURE_WITH_UNIT (LENGTH_MEASURE( 1.000000000000000082E-05 ), #108, 'distance_accuracy_value', 'NONE');
#1132 = ORIENTED_EDGE ( 'NONE', *, *, #190, .T. ) ;
#1133 = CARTESIAN_POINT ( 'NONE',  ( 16.00000000000010303, 4.500000000000000000, -37.59999999999998010 ) ) ;
#1134 = ORIENTED_EDGE ( 'NONE', *, *, #410, .F. ) ;
#1135 = EDGE_CURVE ( 'NONE', #1290, #1026, #1196, .T. ) ;
#1136 = LINE ( 'NONE', #1230, #330 ) ;
#1137 = VECTOR ( 'NONE', #107, 1000.000000000000000 ) ;
#1138 = DIRECTION ( 'NONE',  ( 0.000000000000000000, 0.000000000000000000, -1.000000000000000000 ) ) ;
#1139 = VERTEX_POINT ( 'NONE', #1300 ) ;
#1140 = EDGE_LOOP ( 'NONE', ( #74, #1380 ) ) ;
#1141 = SURFACE_STYLE_FILL_AREA ( #803 ) ;
#1142 = ORIENTED_EDGE ( 'NONE', *, *, #327, .F. ) ;
#1143 = ORIENTED_EDGE ( 'NONE', *, *, #233, .T. ) ;
#1144 = LINE ( 'NONE', #1029, #978 ) ;
#1145 = DIRECTION ( 'NONE',  ( -0.000000000000000000, -1.000000000000000000, -0.000000000000000000 ) ) ;
#1146 = DIRECTION ( 'NONE',  ( 0.000000000000000000, 0.000000000000000000, -1.000000000000000000 ) ) ;
#1147 = EDGE_CURVE ( 'NONE', #1313, #861, #444, .T. ) ;
#1148 = ORIENTED_EDGE ( 'NONE', *, *, #705, .T. ) ;
#1149 = VERTEX_POINT ( 'NONE', #411 ) ;
#1150 = CARTESIAN_POINT ( 'NONE',  ( 0.000000000000000000, 0.000000000000000000, 0.000000000000000000 ) ) ;
#1151 = AXIS2_PLACEMENT_3D ( 'NONE', #287, #316, #717 ) ;
#1152 = ORIENTED_EDGE ( 'NONE', *, *, #763, .F. ) ;
#1153 = AXIS2_PLACEMENT_3D ( 'NONE', #1292, #822, #1033 ) ;
#1154 = DIRECTION ( 'NONE',  ( 0.000000000000000000, -1.000000000000000000, 0.000000000000000000 ) ) ;
#1155 = LINE ( 'NONE', #1283, #280 ) ;
#1156 = EDGE_CURVE ( 'NONE', #284, #739, #597, .T. ) ;
#1157 = EDGE_LOOP ( 'NONE', ( #1068, #758, #975, #277 ) ) ;
#1158 = VERTEX_POINT ( 'NONE', #1327 ) ;
#1159 = DIRECTION ( 'NONE',  ( -0.000000000000000000, -1.000000000000000000, -0.000000000000000000 ) ) ;
#1160 = DIRECTION ( 'NONE',  ( 1.000000000000000000, 0.000000000000000000, -0.000000000000000000 ) ) ;
#1161 = ORIENTED_EDGE ( 'NONE', *, *, #1208, .T. ) ;
#1162 = CARTESIAN_POINT ( 'NONE',  ( 6.000000000000208722, 3.000000000000000000, -32.50000000000000000 ) ) ;
#1163 = CARTESIAN_POINT ( 'NONE',  ( 6.000000000000208722, 3.000000000000000000, -32.50000000000000000 ) ) ;
#1164 = VERTEX_POINT ( 'NONE', #774 ) ;
#1165 = ORIENTED_EDGE ( 'NONE', *, *, #327, .T. ) ;
#1166 = CARTESIAN_POINT ( 'NONE',  ( 19.99999999999996447, 4.500000000000000000, -17.60000000000000497 ) ) ;
#1167 = DIRECTION ( 'NONE',  ( -1.000000000000000000, 0.000000000000000000, 0.000000000000000000 ) ) ;
#1168 = VECTOR ( 'NONE', #1423, 1000.000000000000000 ) ;
#1169 = EDGE_CURVE ( 'NONE', #655, #239, #751, .T. ) ;
#1170 = ORIENTED_EDGE ( 'NONE', *, *, #447, .T. ) ;
#1171 = CARTESIAN_POINT ( 'NONE',  ( 16.00000000000010303, 4.500000000000000000, -34.39999999999997726 ) ) ;
#1172 = LINE ( 'NONE', #268, #50 ) ;
#1173 = VERTEX_POINT ( 'NONE', #232 ) ;
#1174 = ORIENTED_EDGE ( 'NONE', *, *, #20, .F. ) ;
#1175 = DIRECTION ( 'NONE',  ( 1.000000000000000000, -0.000000000000000000, -0.000000000000000000 ) ) ;
#1176 = PLANE ( 'NONE',  #30 ) ;
#1177 = ORIENTED_EDGE ( 'NONE', *, *, #547, .T. ) ;
#1178 = EDGE_CURVE ( 'NONE', #869, #290, #857, .T. ) ;
#1179 = PLANE ( 'NONE',  #1084 ) ;
#1180 = DIRECTION ( 'NONE',  ( 0.000000000000000000, -1.000000000000000000, 0.000000000000000000 ) ) ;
#1181 = ORIENTED_EDGE ( 'NONE', *, *, #941, .T. ) ;
#1182 = ORIENTED_EDGE ( 'NONE', *, *, #213, .T. ) ;
#1183 = FACE_BOUND ( 'NONE', #305, .T. ) ;
#1184 = UNCERTAINTY_MEASURE_WITH_UNIT (LENGTH_MEASURE( 1.000000000000000082E-05 ), #660, 'distance_accuracy_value', 'NONE');
#1185 = PLANE ( 'NONE',  #199 ) ;
#1186 = VECTOR ( 'NONE', #559, 1000.000000000000000 ) ;
#1187 = ORIENTED_EDGE ( 'NONE', *, *, #318, .F. ) ;
#1188 = CARTESIAN_POINT ( 'NONE',  ( 6.000000000000000000, 3.000000000000000000, -15.99999999999999645 ) ) ;
#1189 = ORIENTED_EDGE ( 'NONE', *, *, #647, .F. ) ;
#1190 = VECTOR ( 'NONE', #261, 1000.000000000000000 ) ;
#1191 = PLANE ( 'NONE',  #372 ) ;
#1192 = ORIENTED_EDGE ( 'NONE', *, *, #1147, .T. ) ;
#1193 = PLANE ( 'NONE',  #119 ) ;
#1194 = CARTESIAN_POINT ( 'NONE',  ( 20.00000000000000000, 0.000000000000000000, -27.59999999999999787 ) ) ;
#1195 = MANIFOLD_SOLID_BREP ( 'ÇÐ³ý-À­Éì3', #368 ) ;
#1196 = LINE ( 'NONE', #317, #1114 ) ;
#1197 = ORIENTED_EDGE ( 'NONE', *, *, #508, .F. ) ;
#1198 = CARTESIAN_POINT ( 'NONE',  ( 13.00000000000003553, 6.000000000000000000, -19.00000000000000355 ) ) ;
#1199 = ORIENTED_EDGE ( 'NONE', *, *, #883, .F. ) ;
#1200 = EDGE_CURVE ( 'NONE', #284, #390, #848, .T. ) ;
#1201 = FACE_OUTER_BOUND ( 'NONE', #180, .T. ) ;
#1202 = EDGE_LOOP ( 'NONE', ( #916, #1395, #321, #1182 ) ) ;
#1203 = CYLINDRICAL_SURFACE ( 'NONE', #149, 3.499999999999999556 ) ;
#1204 = ORIENTED_EDGE ( 'NONE', *, *, #856, .F. ) ;
#1205 = CARTESIAN_POINT ( 'NONE',  ( 6.000000000000208722, 14.49999999999999822, -37.59999999999998721 ) ) ;
#1206 = ORIENTED_EDGE ( 'NONE', *, *, #813, .F. ) ;
#1207 = PLANE ( 'NONE',  #517 ) ;
#1208 = EDGE_CURVE ( 'NONE', #484, #374, #1261, .T. ) ;
#1209 = COLOUR_RGB ( '',0.7921568627450980005, 0.8196078431372548767, 0.9333333333333333481 ) ;
#1210 = DIRECTION ( 'NONE',  ( 0.000000000000000000, 0.000000000000000000, 1.000000000000000000 ) ) ;
#1211 = DIRECTION ( 'NONE',  ( -0.000000000000000000, -1.000000000000000000, -0.000000000000000000 ) ) ;
#1212 = CARTESIAN_POINT ( 'NONE',  ( 16.00000000000003553, 14.49999999999999822, -18.99999999999999645 ) ) ;
#1213 = EDGE_CURVE ( 'NONE', #1356, #272, #1226, .T. ) ;
#1214 = CARTESIAN_POINT ( 'NONE',  ( 0.000000000000000000, 6.000000000000000000, -32.99999999999997868 ) ) ;
#1215 = ORIENTED_EDGE ( 'NONE', *, *, #1135, .T. ) ;
#1216 = DIRECTION ( 'NONE',  ( 0.000000000000000000, -1.000000000000000000, 0.000000000000000000 ) ) ;
#1217 = DIRECTION ( 'NONE',  ( 2.312964634635743844E-15, 0.000000000000000000, -1.000000000000000000 ) ) ;
#1218 = EDGE_LOOP ( 'NONE', ( #1187, #1051, #524, #990 ) ) ;
#1219 = ORIENTED_EDGE ( 'NONE', *, *, #1116, .T. ) ;
#1220 = DIRECTION ( 'NONE',  ( 0.000000000000000000, 0.000000000000000000, 1.000000000000000000 ) ) ;
#1221 = ORIENTED_EDGE ( 'NONE', *, *, #1224, .T. ) ;
#1222 = EDGE_CURVE ( 'NONE', #203, #484, #365, .T. ) ;
#1223 = FACE_OUTER_BOUND ( 'NONE', #643, .T. ) ;
#1224 = EDGE_CURVE ( 'NONE', #687, #290, #15, .T. ) ;
#1225 = CARTESIAN_POINT ( 'NONE',  ( 6.000000000000000000, 14.49999999999999822, -14.39999999999999503 ) ) ;
#1226 = CIRCLE ( 'NONE', #1411, 3.499999999999999556 ) ;
#1227 = AXIS2_PLACEMENT_3D ( 'NONE', #1296, #964, #426 ) ;
#1228 = VECTOR ( 'NONE', #626, 1000.000000000000000 ) ;
#1229 = DIRECTION ( 'NONE',  ( 0.000000000000000000, 0.000000000000000000, -1.000000000000000000 ) ) ;
#1230 = CARTESIAN_POINT ( 'NONE',  ( 20.00000000000000000, 4.500000000000000000, -24.39999999999999858 ) ) ;
#1231 = AXIS2_PLACEMENT_3D ( 'NONE', #222, #133, #892 ) ;
#1232 = LINE ( 'NONE', #41, #1400 ) ;
#1233 = ORIENTED_EDGE ( 'NONE', *, *, #856, .T. ) ;
#1234 = DIRECTION ( 'NONE',  ( 0.000000000000000000, 0.000000000000000000, -1.000000000000000000 ) ) ;
#1235 = DIRECTION ( 'NONE',  ( -1.000000000000000000, 0.000000000000000000, 0.000000000000000000 ) ) ;
#1236 = EDGE_CURVE ( 'NONE', #81, #825, #265, .T. ) ;
#1237 = CARTESIAN_POINT ( 'NONE',  ( 16.00000000000007105, 0.000000000000000000, -27.59999999999999787 ) ) ;
#1238 = CARTESIAN_POINT ( 'NONE',  ( 16.00000000000010303, 0.000000000000000000, -34.39999999999997726 ) ) ;
#1239 = ORIENTED_EDGE ( 'NONE', *, *, #70, .F. ) ;
#1240 = AXIS2_PLACEMENT_3D ( 'NONE', #342, #24, #451 ) ;
#1241 = CARTESIAN_POINT ( 'NONE',  ( 16.00000000000007105, 0.000000000000000000, -28.99999999999998934 ) ) ;
#1242 = ORIENTED_EDGE ( 'NONE', *, *, #898, .F. ) ;
#1243 = ORIENTED_EDGE ( 'NONE', *, *, #1333, .T. ) ;
#1244 = DIRECTION ( 'NONE',  ( 0.000000000000000000, 0.000000000000000000, -1.000000000000000000 ) ) ;
#1245 = FACE_OUTER_BOUND ( 'NONE', #247, .T. ) ;
#1246 = VERTEX_POINT ( 'NONE', #558 ) ;
#1247 = EDGE_LOOP ( 'NONE', ( #1316, #405, #509, #1019 ) ) ;
#1248 = VECTOR ( 'NONE', #1329, 1000.000000000000000 ) ;
#1249 = APPLICATION_CONTEXT ( 'automotive_design' ) ;
#1250 = ORIENTED_EDGE ( 'NONE', *, *, #42, .F. ) ;
#1251 = VERTEX_POINT ( 'NONE', #918 ) ;
#1252 = DIRECTION ( 'NONE',  ( 0.000000000000000000, 0.000000000000000000, 1.000000000000000000 ) ) ;
#1253 = EDGE_CURVE ( 'NONE', #1149, #930, #550, .T. ) ;
#1254 = CYLINDRICAL_SURFACE ( 'NONE', #902, 1.599999999999997202 ) ;
#1255 = CIRCLE ( 'NONE', #87, 3.499999999999999556 ) ;
#1256 = CARTESIAN_POINT ( 'NONE',  ( 6.000000000000103917, 3.000000000000000000, -22.49999999999999645 ) ) ;
#1257 = CIRCLE ( 'NONE', #39, 3.499999999999999556 ) ;
#1258 = LINE ( 'NONE', #1128, #1003 ) ;
#1259 = ORIENTED_EDGE ( 'NONE', *, *, #625, .T. ) ;
#1260 = ORIENTED_EDGE ( 'NONE', *, *, #447, .F. ) ;
#1261 = LINE ( 'NONE', #688, #850 ) ;
#1262 = DIRECTION ( 'NONE',  ( 0.000000000000000000, 0.000000000000000000, -1.000000000000000000 ) ) ;
#1263 = EDGE_CURVE ( 'NONE', #709, #97, #271, .T. ) ;
#1264 = CARTESIAN_POINT ( 'NONE',  ( 16.00000000000007105, 6.000000000000000000, -28.99999999999998934 ) ) ;
#1265 = VERTEX_POINT ( 'NONE', #811 ) ;
#1266 = ORIENTED_EDGE ( 'NONE', *, *, #883, .T. ) ;
#1267 = LINE ( 'NONE', #1036, #1394 ) ;
#1268 = LINE ( 'NONE', #798, #111 ) ;
#1269 = AXIS2_PLACEMENT_3D ( 'NONE', #720, #1392, #624 ) ;
#1270 = VERTEX_POINT ( 'NONE', #1150 ) ;
#1271 = CARTESIAN_POINT ( 'NONE',  ( 20.00000000000000000, 4.500000000000000000, -24.39999999999999858 ) ) ;
#1272 = FACE_OUTER_BOUND ( 'NONE', #238, .T. ) ;
#1273 = EDGE_CURVE ( 'NONE', #690, #817, #169, .T. ) ;
#1274 = VERTEX_POINT ( 'NONE', #593 ) ;
#1275 = EDGE_LOOP ( 'NONE', ( #1219, #1093, #439, #1081 ) ) ;
#1276 = DIRECTION ( 'NONE',  ( 0.000000000000000000, 0.000000000000000000, -1.000000000000000000 ) ) ;
#1277 = CARTESIAN_POINT ( 'NONE',  ( 6.000000000000208722, 14.49999999999999822, -35.99999999999999289 ) ) ;
#1278 = VECTOR ( 'NONE', #658, 1000.000000000000000 ) ;
#1279 = MECHANICAL_DESIGN_GEOMETRIC_PRESENTATION_REPRESENTATION (  '', ( #113 ), #830 ) ;
#1280 = ORIENTED_EDGE ( 'NONE', *, *, #297, .F. ) ;
#1281 = DIRECTION ( 'NONE',  ( 0.000000000000000000, 1.000000000000000000, -0.000000000000000000 ) ) ;
#1282 = VECTOR ( 'NONE', #401, 1000.000000000000000 ) ;
#1283 = CARTESIAN_POINT ( 'NONE',  ( 9.020562075079405726E-14, 6.000000000000000000, -39.00000000000002132 ) ) ;
#1284 = VECTOR ( 'NONE', #1104, 1000.000000000000000 ) ;
#1285 = ORIENTED_EDGE ( 'NONE', *, *, #297, .T. ) ;
#1286 = VERTEX_POINT ( 'NONE', #929 ) ;
#1287 = DIRECTION ( 'NONE',  ( -1.000000000000000000, 0.000000000000000000, 0.000000000000000000 ) ) ;
#1288 = DIRECTION ( 'NONE',  ( -0.000000000000000000, -1.000000000000000000, -0.000000000000000000 ) ) ;
#1289 = EDGE_CURVE ( 'NONE', #293, #1357, #1268, .T. ) ;
#1290 = VERTEX_POINT ( 'NONE', #819 ) ;
#1291 = DIRECTION ( 'NONE',  ( 0.000000000000000000, -1.000000000000000000, 0.000000000000000000 ) ) ;
#1292 = CARTESIAN_POINT ( 'NONE',  ( 6.000000000000103917, 3.000000000000000000, -25.99999999999999645 ) ) ;
#1293 = VERTEX_POINT ( 'NONE', #1106 ) ;
#1294 = ORIENTED_EDGE ( 'NONE', *, *, #594, .T. ) ;
#1295 = CARTESIAN_POINT ( 'NONE',  ( 20.00000000000000000, 4.500000000000000000, -27.59999999999999787 ) ) ;
#1296 = CARTESIAN_POINT ( 'NONE',  ( 6.000000000000000000, 2.999999999999999112, -15.99999999999999645 ) ) ;
#1297 = ADVANCED_FACE ( 'NONE', ( #996 ), #448, .F. ) ;
#1298 = ORIENTED_EDGE ( 'NONE', *, *, #8, .F. ) ;
#1299 = VECTOR ( 'NONE', #499, 1000.000000000000000 ) ;
#1300 = CARTESIAN_POINT ( 'NONE',  ( 13.00000000000007105, 6.000000000000000000, -22.99999999999998579 ) ) ;
#1301 = VECTOR ( 'NONE', #725, 1000.000000000000000 ) ;
#1302 = CIRCLE ( 'NONE', #667, 3.499999999999996003 ) ;
#1303 = DIRECTION ( 'NONE',  ( 0.000000000000000000, 0.000000000000000000, -1.000000000000000000 ) ) ;
#1304 = ORIENTED_EDGE ( 'NONE', *, *, #70, .T. ) ;
#1305 = FACE_OUTER_BOUND ( 'NONE', #997, .T. ) ;
#1306 = CARTESIAN_POINT ( 'NONE',  ( 6.707597440443663775E-14, 6.000000000000000000, -29.00000000000002842 ) ) ;
#1307 = LINE ( 'NONE', #1419, #355 ) ;
#1308 = ORIENTED_EDGE ( 'NONE', *, *, #1222, .F. ) ;
#1309 = EDGE_CURVE ( 'NONE', #391, #293, #666, .T. ) ;
#1310 = DIRECTION ( 'NONE',  ( 1.000000000000000000, 0.000000000000000000, -0.000000000000000000 ) ) ;
#1311 = ORIENTED_EDGE ( 'NONE', *, *, #1109, .T. ) ;
#1312 = FACE_OUTER_BOUND ( 'NONE', #1044, .T. ) ;
#1313 = VERTEX_POINT ( 'NONE', #1241 ) ;
#1314 = DIRECTION ( 'NONE',  ( 0.000000000000000000, 0.000000000000000000, -1.000000000000000000 ) ) ;
#1315 = PLANE ( 'NONE',  #950 ) ;
#1316 = ORIENTED_EDGE ( 'NONE', *, *, #348, .T. ) ;
#1317 = CARTESIAN_POINT ( 'NONE',  ( 20.00000000000010303, 4.500000000000000000, -37.59999999999998010 ) ) ;
#1318 = EDGE_CURVE ( 'NONE', #825, #1021, #749, .T. ) ;
#1319 = ORIENTED_EDGE ( 'NONE', *, *, #387, .T. ) ;
#1320 = DIRECTION ( 'NONE',  ( -0.000000000000000000, -1.000000000000000000, -0.000000000000000000 ) ) ;
#1321 = VECTOR ( 'NONE', #692, 1000.000000000000000 ) ;
#1322 = DIRECTION ( 'NONE',  ( 1.000000000000000000, -0.000000000000000000, 2.312964634635743450E-15 ) ) ;
#1323 = VECTOR ( 'NONE', #528, 1000.000000000000000 ) ;
#1324 = CARTESIAN_POINT ( 'NONE',  ( 13.00000000000010481, 14.49999999999999822, -38.99999999999999289 ) ) ;
#1325 = DIRECTION ( 'NONE',  ( 1.000000000000000000, 0.000000000000000000, 0.000000000000000000 ) ) ;
#1326 = VERTEX_POINT ( 'NONE', #522 ) ;
#1327 = CARTESIAN_POINT ( 'NONE',  ( 0.000000000000000000, 6.000000000000000000, 0.000000000000000000 ) ) ;
#1328 = ORIENTED_EDGE ( 'NONE', *, *, #712, .T. ) ;
#1329 = DIRECTION ( 'NONE',  ( 1.000000000000000000, 0.000000000000000000, 2.312964634635743844E-15 ) ) ;
#1330 = CARTESIAN_POINT ( 'NONE',  ( 6.000000000000103917, 3.000000000000000000, -29.49999999999999645 ) ) ;
#1331 = ORIENTED_EDGE ( 'NONE', *, *, #574, .T. ) ;
#1332 = EDGE_LOOP ( 'NONE', ( #614, #332, #1331, #301 ) ) ;
#1333 = EDGE_CURVE ( 'NONE', #861, #1417, #68, .T. ) ;
#1334 = VECTOR ( 'NONE', #303, 1000.000000000000000 ) ;
#1335 = DIRECTION ( 'NONE',  ( -0.000000000000000000, -1.000000000000000000, -0.000000000000000000 ) ) ;
#1336 = ADVANCED_FACE ( 'NONE', ( #399 ), #512, .F. ) ;
#1337 = LINE ( 'NONE', #782, #911 ) ;
#1338 = CARTESIAN_POINT ( 'NONE',  ( 16.00000000000010303, 14.49999999999999822, -38.99999999999998579 ) ) ;
#1339 = EDGE_CURVE ( 'NONE', #690, #564, #639, .T. ) ;
#1340 = DIRECTION ( 'NONE',  ( 0.000000000000000000, 0.000000000000000000, -1.000000000000000000 ) ) ;
#1341 = DIRECTION ( 'NONE',  ( -0.000000000000000000, -1.000000000000000000, -0.000000000000000000 ) ) ;
#1342 = VECTOR ( 'NONE', #1065, 1000.000000000000000 ) ;
#1343 = VERTEX_POINT ( 'NONE', #742 ) ;
#1344 = FACE_OUTER_BOUND ( 'NONE', #294, .T. ) ;
#1345 = EDGE_CURVE ( 'NONE', #1417, #484, #1399, .T. ) ;
#1346 = CARTESIAN_POINT ( 'NONE',  ( 20.00000000000000000, 6.000000000000000000, -50.00000000000000000 ) ) ;
#1347 = VECTOR ( 'NONE', #1175, 1000.000000000000000 ) ;
#1348 = AXIS2_PLACEMENT_3D ( 'NONE', #567, #1010, #788 ) ;
#1349 = DIRECTION ( 'NONE',  ( -0.000000000000000000, -1.000000000000000000, -0.000000000000000000 ) ) ;
#1350 = DIRECTION ( 'NONE',  ( -0.000000000000000000, -0.000000000000000000, -1.000000000000000000 ) ) ;
#1351 = ORIENTED_EDGE ( 'NONE', *, *, #625, .F. ) ;
#1352 = ADVANCED_FACE ( 'NONE', ( #416 ), #1407, .F. ) ;
#1353 = DIRECTION ( 'NONE',  ( -0.000000000000000000, -1.000000000000000000, -0.000000000000000000 ) ) ;
#1354 = CARTESIAN_POINT ( 'NONE',  ( 0.000000000000000000, 0.000000000000000000, 0.000000000000000000 ) ) ;
#1355 = FACE_OUTER_BOUND ( 'NONE', #126, .T. ) ;
#1356 = VERTEX_POINT ( 'NONE', #973 ) ;
#1357 = VERTEX_POINT ( 'NONE', #1382 ) ;
#1358 = DIRECTION ( 'NONE',  ( 0.000000000000000000, 0.000000000000000000, -1.000000000000000000 ) ) ;
#1359 = ADVANCED_FACE ( 'NONE', ( #178 ), #393, .F. ) ;
#1360 = ORIENTED_EDGE ( 'NONE', *, *, #745, .F. ) ;
#1361 = DIRECTION ( 'NONE',  ( 1.000000000000000000, 0.000000000000000000, -0.000000000000000000 ) ) ;
#1362 = LINE ( 'NONE', #1122, #1018 ) ;
#1363 = ORIENTED_EDGE ( 'NONE', *, *, #772, .T. ) ;
#1364 = EDGE_LOOP ( 'NONE', ( #323, #1328, #1259, #194 ) ) ;
#1365 = DIRECTION ( 'NONE',  ( -0.000000000000000000, -1.000000000000000000, -0.000000000000000000 ) ) ;
#1366 = EDGE_CURVE ( 'NONE', #843, #718, #613, .T. ) ;
#1367 = ORIENTED_EDGE ( 'NONE', *, *, #143, .T. ) ;
#1368 = CARTESIAN_POINT ( 'NONE',  ( 6.000000000000208722, 3.000000000000000000, -36.00000000000000000 ) ) ;
#1369 = EDGE_CURVE ( 'NONE', #1158, #1270, #407, .T. ) ;
#1370 = LINE ( 'NONE', #379, #289 ) ;
#1371 = LINE ( 'NONE', #380, #713 ) ;
#1372 = EDGE_LOOP ( 'NONE', ( #57, #396, #1119, #310 ) ) ;
#1373 = VERTEX_POINT ( 'NONE', #846 ) ;
#1374 = FACE_BOUND ( 'NONE', #651, .T. ) ;
#1375 = CARTESIAN_POINT ( 'NONE',  ( 6.000000000000103917, 14.49999999999999822, -24.39999999999999503 ) ) ;
#1376 = ORIENTED_EDGE ( 'NONE', *, *, #1289, .T. ) ;
#1377 = EDGE_CURVE ( 'NONE', #1286, #1343, #1416, .T. ) ;
#1378 = DIRECTION ( 'NONE',  ( 0.000000000000000000, 0.000000000000000000, -1.000000000000000000 ) ) ;
#1379 = PLANE ( 'NONE',  #1031 ) ;
#1380 = ORIENTED_EDGE ( 'NONE', *, *, #563, .F. ) ;
#1381 = PLANE ( 'NONE',  #606 ) ;
#1382 = CARTESIAN_POINT ( 'NONE',  ( 0.000000000000000000, 0.000000000000000000, -50.00000000000000000 ) ) ;
#1383 = ORIENTED_EDGE ( 'NONE', *, *, #1079, .F. ) ;
#1384 = FACE_OUTER_BOUND ( 'NONE', #270, .T. ) ;
#1385 = PLANE ( 'NONE',  #972 ) ;
#1386 = EDGE_CURVE ( 'NONE', #1293, #167, #306, .T. ) ;
#1387 = ORIENTED_EDGE ( 'NONE', *, *, #387, .F. ) ;
#1388 = VERTEX_POINT ( 'NONE', #496 ) ;
#1389 = DIRECTION ( 'NONE',  ( -1.000000000000000000, 0.000000000000000000, 0.000000000000000000 ) ) ;
#1390 = CYLINDRICAL_SURFACE ( 'NONE', #895, 3.499999999999999556 ) ;
#1391 = ORIENTED_EDGE ( 'NONE', *, *, #891, .T. ) ;
#1392 = DIRECTION ( 'NONE',  ( 0.000000000000000000, -1.000000000000000000, 0.000000000000000000 ) ) ;
#1393 = LINE ( 'NONE', #1256, #531 ) ;
#1394 = VECTOR ( 'NONE', #621, 1000.000000000000000 ) ;
#1395 = ORIENTED_EDGE ( 'NONE', *, *, #726, .T. ) ;
#1396 = ORIENTED_EDGE ( 'NONE', *, *, #345, .F. ) ;
#1397 = DIRECTION ( 'NONE',  ( 0.000000000000000000, 0.000000000000000000, -1.000000000000000000 ) ) ;
#1398 = EDGE_CURVE ( 'NONE', #272, #404, #188, .T. ) ;
#1399 = LINE ( 'NONE', #1062, #23 ) ;
#1400 = VECTOR ( 'NONE', #908, 1000.000000000000000 ) ;
#1401 = ORIENTED_EDGE ( 'NONE', *, *, #465, .T. ) ;
#1402 = DIRECTION ( 'NONE',  ( -0.000000000000000000, -1.000000000000000000, -0.000000000000000000 ) ) ;
#1403 = EDGE_LOOP ( 'NONE', ( #1034, #1142, #264, #31 ) ) ;
#1404 = CARTESIAN_POINT ( 'NONE',  ( 20.00000000000000000, 0.000000000000000000, 0.000000000000000000 ) ) ;
#1405 = ORIENTED_EDGE ( 'NONE', *, *, #677, .F. ) ;
#1406 = LINE ( 'NONE', #1295, #38 ) ;
#1407 = PLANE ( 'NONE',  #1083 ) ;
#1408 = ADVANCED_FACE ( 'NONE', ( #604, #937 ), #1185, .T. ) ;
#1409 = VERTEX_POINT ( 'NONE', #304 ) ;
#1410 = DIRECTION ( 'NONE',  ( -1.000000000000000000, 0.000000000000000000, 0.000000000000000000 ) ) ;
#1411 = AXIS2_PLACEMENT_3D ( 'NONE', #127, #1020, #1358 ) ;
#1412 = VECTOR ( 'NONE', #1322, 1000.000000000000000 ) ;
#1413 = CARTESIAN_POINT ( 'NONE',  ( 16.00000000000007105, 14.49999999999999822, -28.99999999999998934 ) ) ;
#1414 = ORIENTED_EDGE ( 'NONE', *, *, #3, .T. ) ;
#1415 = LINE ( 'NONE', #756, #700 ) ;
#1416 = LINE ( 'NONE', #863, #913 ) ;
#1417 = VERTEX_POINT ( 'NONE', #504 ) ;
#1418 = ADVANCED_FACE ( 'NONE', ( #945 ), #1390, .F. ) ;
#1419 = CARTESIAN_POINT ( 'NONE',  ( 16.00000000000007105, 6.000000000000000000, 0.000000000000000000 ) ) ;
#1420 = ADVANCED_FACE ( 'NONE', ( #734 ), #1176, .F. ) ;
#1421 = LINE ( 'NONE', #337, #537 ) ;
#1422 = EDGE_LOOP ( 'NONE', ( #1294, #80 ) ) ;
#1423 = DIRECTION ( 'NONE',  ( -0.000000000000000000, -1.000000000000000000, -0.000000000000000000 ) ) ;
ENDSEC;
END-ISO-10303-21;
