ISO-10303-21;
HEADER;
FILE_DESCRIPTION (( 'STEP AP214' ),
    '1' );
FILE_NAME ('j4_2.STEP',
    '2026-08-29T12:28:46',
    ( '' ),
    ( '' ),
    'SwSTEP 2.0',
    'SolidWorks 2024',
    '' );
FILE_SCHEMA (( 'AUTOMOTIVE_DESIGN' ));
ENDSEC;

DATA;
#1 = CARTESIAN_POINT ( 'NONE',  ( 6.999999999999929834, 0.000000000000000000, -28.00000000000000000 ) ) ;
#2 = CARTESIAN_POINT ( 'NONE',  ( 56.50000000000000000, 6.000000000000000000, -30.49999999999998579 ) ) ;
#3 = ORIENTED_EDGE ( 'NONE', *, *, #714, .F. ) ;
#4 = DIRECTION ( 'NONE',  ( -0.000000000000000000, 0.000000000000000000, 1.000000000000000000 ) ) ;
#5 = VERTEX_POINT ( 'NONE', #199 ) ;
#6 = LINE ( 'NONE', #1791, #509 ) ;
#7 = VERTEX_POINT ( 'NONE', #1893 ) ;
#8 = DIRECTION ( 'NONE',  ( -0.000000000000000000, 1.000000000000000000, -0.000000000000000000 ) ) ;
#9 = CARTESIAN_POINT ( 'NONE',  ( 101.5000000000000000, 0.000000000000000000, -28.89999999999998437 ) ) ;
#10 = ORIENTED_EDGE ( 'NONE', *, *, #1305, .F. ) ;
#11 = AXIS2_PLACEMENT_3D ( 'NONE', #211, #984, #552 ) ;
#12 = ORIENTED_EDGE ( 'NONE', *, *, #1348, .T. ) ;
#13 = VECTOR ( 'NONE', #1813, 1000.000000000000000 ) ;
#14 = DIRECTION ( 'NONE',  ( -1.000000000000000000, -0.000000000000000000, -0.000000000000000000 ) ) ;
#15 = DIRECTION ( 'NONE',  ( 0.000000000000000000, -1.000000000000000000, 0.000000000000000000 ) ) ;
#16 = EDGE_CURVE ( 'NONE', #382, #1881, #1720, .T. ) ;
#17 = VERTEX_POINT ( 'NONE', #1905 ) ;
#18 = ADVANCED_FACE ( 'NONE', ( #538 ), #1130, .F. ) ;
#19 = CLOSED_SHELL ( 'NONE', ( #1727, #372, #1099, #1585, #914, #1463, #1237, #1376, #1042, #1187, #1423, #637, #1146, #376, #281, #18, #1270, #99, #977, #1671, #256, #1886, #1934, #940, #466, #1065, #159, #1136, #1499, #33, #771, #1380, #114, #556, #215, #1550, #1113, #350, #284, #254, #1847, #1587, #1781, #263, #1827, #1655, #1454, #248, #1462, #370, #1698, #1973, #395, #1303, #812 ) ) ;
#20 = FACE_BOUND ( 'NONE', #444, .T. ) ;
#21 = CARTESIAN_POINT ( 'NONE',  ( 0.000000000000000000, -0.000000000000000000, -12.00000000000000000 ) ) ;
#22 = VECTOR ( 'NONE', #988, 1000.000000000000000 ) ;
#23 = ORIENTED_EDGE ( 'NONE', *, *, #222, .F. ) ;
#24 = FACE_BOUND ( 'NONE', #118, .T. ) ;
#25 = AXIS2_PLACEMENT_3D ( 'NONE', #1935, #1619, #387 ) ;
#26 = VERTEX_POINT ( 'NONE', #1756 ) ;
#27 = DIRECTION ( 'NONE',  ( 0.000000000000000000, 0.000000000000000000, -1.000000000000000000 ) ) ;
#28 = DIRECTION ( 'NONE',  ( 0.000000000000000000, 0.000000000000000000, -1.000000000000000000 ) ) ;
#29 = ORIENTED_EDGE ( 'NONE', *, *, #648, .F. ) ;
#30 = CARTESIAN_POINT ( 'NONE',  ( 20.09526249034444234, 6.000000000000000000, 3.750000000000003553 ) ) ;
#31 = VERTEX_POINT ( 'NONE', #1300 ) ;
#32 = FACE_BOUND ( 'NONE', #1051, .T. ) ;
#33 = ADVANCED_FACE ( 'NONE', ( #394 ), #851, .F. ) ;
#34 = DIRECTION ( 'NONE',  ( 0.000000000000000000, 0.000000000000000000, -1.000000000000000000 ) ) ;
#35 = FACE_OUTER_BOUND ( 'NONE', #1659, .T. ) ;
#36 = EDGE_LOOP ( 'NONE', ( #1019, #981, #93, #1953 ) ) ;
#37 = CARTESIAN_POINT ( 'NONE',  ( 40.99999999999841549, 6.000000000000000000, -14.99999999999317346 ) ) ;
#38 = DIRECTION ( 'NONE',  ( 0.000000000000000000, -1.000000000000000000, 0.000000000000000000 ) ) ;
#39 = ORIENTED_EDGE ( 'NONE', *, *, #1666, .F. ) ;
#40 = CARTESIAN_POINT ( 'NONE',  ( 56.50000000000000000, 6.000000000000000000, -32.09999999999998010 ) ) ;
#41 = EDGE_CURVE ( 'NONE', #139, #1277, #1137, .T. ) ;
#42 = VERTEX_POINT ( 'NONE', #553 ) ;
#43 = DIRECTION ( 'NONE',  ( 0.000000000000000000, -1.000000000000000000, 0.000000000000000000 ) ) ;
#44 = ORIENTED_EDGE ( 'NONE', *, *, #1968, .T. ) ;
#45 = PRODUCT_DEFINITION_FORMATION_WITH_SPECIFIED_SOURCE ( 'ä»', '', #1229, .NOT_KNOWN. ) ;
#46 = AXIS2_PLACEMENT_3D ( 'NONE', #801, #1388, #346 ) ;
#47 = CARTESIAN_POINT ( 'NONE',  ( 6.999999999999963585, -8.499999999999998224, -18.00000000000000355 ) ) ;
#48 = VERTEX_POINT ( 'NONE', #1147 ) ;
#49 = CIRCLE ( 'NONE', #1409, 1.600000000000005418 ) ;
#50 = EDGE_CURVE ( 'NONE', #1040, #747, #685, .T. ) ;
#51 = LINE ( 'NONE', #1429, #1446 ) ;
#52 = ORIENTED_EDGE ( 'NONE', *, *, #731, .F. ) ;
#53 = EDGE_CURVE ( 'NONE', #719, #910, #155, .T. ) ;
#54 = FACE_BOUND ( 'NONE', #1518, .T. ) ;
#55 = AXIS2_PLACEMENT_3D ( 'NONE', #811, #122, #1424 ) ;
#56 = ORIENTED_EDGE ( 'NONE', *, *, #555, .T. ) ;
#57 = VECTOR ( 'NONE', #533, 1000.000000000000000 ) ;
#58 = CARTESIAN_POINT ( 'NONE',  ( 56.50000000000000000, 0.000000000000000000, -28.89999999999998792 ) ) ;
#59 = EDGE_CURVE ( 'NONE', #484, #312, #623, .T. ) ;
#60 = ORIENTED_EDGE ( 'NONE', *, *, #907, .T. ) ;
#61 = CARTESIAN_POINT ( 'NONE',  ( 23.00000000000000355, 0.000000000000000000, 3.000000000000005329 ) ) ;
#62 = CARTESIAN_POINT ( 'NONE',  ( 101.5000000000000000, 0.000000000000000000, 2.100000000000013411 ) ) ;
#63 = LINE ( 'NONE', #1247, #163 ) ;
#64 = VERTEX_POINT ( 'NONE', #1831 ) ;
#65 = UNCERTAINTY_MEASURE_WITH_UNIT (LENGTH_MEASURE( 1.000000000000000082E-05 ), #541, 'distance_accuracy_value', 'NONE');
#66 = DIRECTION ( 'NONE',  ( -0.000000000000000000, 1.000000000000000000, -0.000000000000000000 ) ) ;
#67 = DIRECTION ( 'NONE',  ( 0.000000000000000000, -1.000000000000000000, 0.000000000000000000 ) ) ;
#68 = EDGE_LOOP ( 'NONE', ( #1716, #29, #356, #912 ) ) ;
#69 = CARTESIAN_POINT ( 'NONE',  ( 3.999999999999965361, -8.499999999999998224, -12.00000000000000000 ) ) ;
#70 = CARTESIAN_POINT ( 'NONE',  ( -3.430248998885766412E-14, 1.500000000000000444, -13.40000000000000036 ) ) ;
#71 = DIRECTION ( 'NONE',  ( -0.000000000000000000, 1.000000000000000000, -0.000000000000000000 ) ) ;
#72 =( NAMED_UNIT ( * ) PLANE_ANGLE_UNIT ( ) SI_UNIT ( $, .RADIAN. ) );
#73 = ORIENTED_EDGE ( 'NONE', *, *, #794, .F. ) ;
#74 = CARTESIAN_POINT ( 'NONE',  ( 25.50000000000000355, 0.000000000000000000, -32.09999999999998721 ) ) ;
#75 = DIRECTION ( 'NONE',  ( -0.000000000000000000, 1.000000000000000000, -0.000000000000000000 ) ) ;
#76 =( GEOMETRIC_REPRESENTATION_CONTEXT ( 3 ) GLOBAL_UNCERTAINTY_ASSIGNED_CONTEXT ( ( #65 ) ) GLOBAL_UNIT_ASSIGNED_CONTEXT ( ( #541, #72, #786 ) ) REPRESENTATION_CONTEXT ( 'NONE', 'WORKASPACE' ) );
#77 = DIRECTION ( 'NONE',  ( 0.000000000000000000, -1.000000000000000000, 0.000000000000000000 ) ) ;
#78 = CARTESIAN_POINT ( 'NONE',  ( 6.999999999999963585, 6.000000000000000000, -18.00000000000000355 ) ) ;
#79 = EDGE_CURVE ( 'NONE', #764, #48, #148, .T. ) ;
#80 = AXIS2_PLACEMENT_3D ( 'NONE', #269, #562, #1776 ) ;
#81 = AXIS2_PLACEMENT_3D ( 'NONE', #1076, #1819, #922 ) ;
#82 = CARTESIAN_POINT ( 'NONE',  ( 56.50000000000000000, 0.000000000000000000, 2.100000000000004086 ) ) ;
#83 = ORIENTED_EDGE ( 'NONE', *, *, #102, .T. ) ;
#84 = AXIS2_PLACEMENT_3D ( 'NONE', #1465, #1157, #755 ) ;
#85 = LINE ( 'NONE', #1914, #1408 ) ;
#86 = VECTOR ( 'NONE', #1848, 1000.000000000000000 ) ;
#87 = ORIENTED_EDGE ( 'NONE', *, *, #1017, .T. ) ;
#88 = MECHANICAL_DESIGN_GEOMETRIC_PRESENTATION_REPRESENTATION (  '', ( #1842 ), #506 ) ;
#89 = CARTESIAN_POINT ( 'NONE',  ( -3.430248998885766412E-14, 6.000000000000000000, -13.40000000000000036 ) ) ;
#90 = SURFACE_STYLE_USAGE ( .BOTH. , #1445 ) ;
#91 = LINE ( 'NONE', #1436, #1060 ) ;
#92 = ORIENTED_EDGE ( 'NONE', *, *, #313, .T. ) ;
#93 = ORIENTED_EDGE ( 'NONE', *, *, #16, .T. ) ;
#94 = DIRECTION ( 'NONE',  ( 0.000000000000000000, -1.000000000000000000, 0.000000000000000000 ) ) ;
#95 = DIRECTION ( 'NONE',  ( 1.000000000000000000, 0.000000000000000000, -1.445602896647339410E-16 ) ) ;
#96 = CARTESIAN_POINT ( 'NONE',  ( 15.25403330758516951, 0.000000000000000000, 5.000000000000000000 ) ) ;
#97 = FACE_OUTER_BOUND ( 'NONE', #969, .T. ) ;
#98 = ORIENTED_EDGE ( 'NONE', *, *, #1532, .F. ) ;
#99 = ADVANCED_FACE ( 'NONE', ( #1943 ), #1778, .T. ) ;
#100 = CARTESIAN_POINT ( 'NONE',  ( -6.860497997771532825E-14, 6.000000000000000000, -26.59999999999999787 ) ) ;
#101 = VERTEX_POINT ( 'NONE', #244 ) ;
#102 = EDGE_CURVE ( 'NONE', #1280, #943, #463, .T. ) ;
#103 = CARTESIAN_POINT ( 'NONE',  ( 56.50000000000000000, 0.000000000000000000, -32.09999999999998010 ) ) ;
#104 = CARTESIAN_POINT ( 'NONE',  ( 101.5000000000000000, 6.000000000000000000, -28.89999999999998437 ) ) ;
#105 = ORIENTED_EDGE ( 'NONE', *, *, #200, .T. ) ;
#106 = LINE ( 'NONE', #1937, #989 ) ;
#107 = VECTOR ( 'NONE', #1876, 1000.000000000000000 ) ;
#108 = EDGE_CURVE ( 'NONE', #967, #7, #1002, .T. ) ;
#109 = EDGE_LOOP ( 'NONE', ( #177, #1689, #1669, #756 ) ) ;
#110 = VECTOR ( 'NONE', #487, 1000.000000000000000 ) ;
#111 = DIRECTION ( 'NONE',  ( 0.000000000000000000, -1.000000000000000000, 0.000000000000000000 ) ) ;
#112 = ORIENTED_EDGE ( 'NONE', *, *, #1931, .F. ) ;
#113 = CARTESIAN_POINT ( 'NONE',  ( -3.430248998885766412E-14, 1.500000000000000444, -13.40000000000000036 ) ) ;
#114 = ADVANCED_FACE ( 'NONE', ( #995 ), #1014, .F. ) ;
#115 = LINE ( 'NONE', #1004, #1897 ) ;
#116 = AXIS2_PLACEMENT_3D ( 'NONE', #450, #1956, #1045 ) ;
#117 = CARTESIAN_POINT ( 'NONE',  ( 3.999999999999998224, -8.499999999999998224, -8.000000000000000000 ) ) ;
#118 = EDGE_LOOP ( 'NONE', ( #1541, #1910 ) ) ;
#119 = AXIS2_PLACEMENT_3D ( 'NONE', #614, #152, #449 ) ;
#120 = DIRECTION ( 'NONE',  ( -0.000000000000000000, 1.000000000000000000, -0.000000000000000000 ) ) ;
#121 = ORIENTED_EDGE ( 'NONE', *, *, #805, .T. ) ;
#122 = DIRECTION ( 'NONE',  ( 0.000000000000000000, 0.000000000000000000, -1.000000000000000000 ) ) ;
#123 = FACE_OUTER_BOUND ( 'NONE', #849, .T. ) ;
#124 = ORIENTED_EDGE ( 'NONE', *, *, #578, .F. ) ;
#125 = ORIENTED_EDGE ( 'NONE', *, *, #740, .F. ) ;
#126 = LINE ( 'NONE', #150, #655 ) ;
#127 = LINE ( 'NONE', #304, #243 ) ;
#128 = ORIENTED_EDGE ( 'NONE', *, *, #1402, .F. ) ;
#129 = EDGE_CURVE ( 'NONE', #1686, #1879, #1789, .T. ) ;
#130 = CARTESIAN_POINT ( 'NONE',  ( -3.430248998885766412E-14, 1.500000000000000444, -16.60000000000000142 ) ) ;
#131 = CARTESIAN_POINT ( 'NONE',  ( -6.860497997771532825E-14, 6.000000000000000000, -23.40000000000000213 ) ) ;
#132 = CARTESIAN_POINT ( 'NONE',  ( 0.000000000000000000, 1.500000000000000444, -6.599999999999999645 ) ) ;
#133 = AXIS2_PLACEMENT_3D ( 'NONE', #1289, #1582, #359 ) ;
#134 = AXIS2_PLACEMENT_3D ( 'NONE', #715, #877, #871 ) ;
#135 = EDGE_CURVE ( 'NONE', #747, #1040, #1678, .T. ) ;
#136 = CARTESIAN_POINT ( 'NONE',  ( 0.000000000000000000, 1.500000000000000444, -6.599999999999999645 ) ) ;
#137 = EDGE_LOOP ( 'NONE', ( #1217, #1204, #292, #881 ) ) ;
#138 = CIRCLE ( 'NONE', #201, 1.600000000000004086 ) ;
#139 = VERTEX_POINT ( 'NONE', #1057 ) ;
#140 = LINE ( 'NONE', #130, #705 ) ;
#141 = DIRECTION ( 'NONE',  ( 1.000000000000000000, 0.000000000000000000, 0.000000000000000000 ) ) ;
#142 = VERTEX_POINT ( 'NONE', #103 ) ;
#143 = VECTOR ( 'NONE', #1132, 1000.000000000000000 ) ;
#144 = LINE ( 'NONE', #730, #1095 ) ;
#145 = VECTOR ( 'NONE', #120, 1000.000000000000000 ) ;
#146 = FACE_OUTER_BOUND ( 'NONE', #699, .T. ) ;
#147 = VERTEX_POINT ( 'NONE', #1312 ) ;
#148 = LINE ( 'NONE', #985, #338 ) ;
#149 = DIRECTION ( 'NONE',  ( 0.000000000000000000, 0.000000000000000000, -1.000000000000000000 ) ) ;
#150 = CARTESIAN_POINT ( 'NONE',  ( 101.5000000000000000, 6.000000000000000000, -1.099999999999994982 ) ) ;
#151 = EDGE_LOOP ( 'NONE', ( #686, #596, #819, #180 ) ) ;
#152 = DIRECTION ( 'NONE',  ( 0.000000000000000000, -1.000000000000000000, 0.000000000000000000 ) ) ;
#153 = DIRECTION ( 'NONE',  ( 0.000000000000000000, 0.000000000000000000, -1.000000000000000000 ) ) ;
#154 = ORIENTED_EDGE ( 'NONE', *, *, #393, .T. ) ;
#155 = LINE ( 'NONE', #1663, #371 ) ;
#156 = EDGE_CURVE ( 'NONE', #1268, #1783, #713, .T. ) ;
#157 = EDGE_CURVE ( 'NONE', #640, #1440, #1315, .T. ) ;
#158 = ORIENTED_EDGE ( 'NONE', *, *, #971, .T. ) ;
#159 = ADVANCED_FACE ( 'NONE', ( #896 ), #746, .F. ) ;
#160 = DIRECTION ( 'NONE',  ( 0.000000000000000000, -1.000000000000000000, 0.000000000000000000 ) ) ;
#161 = ORIENTED_EDGE ( 'NONE', *, *, #194, .T. ) ;
#162 = DIRECTION ( 'NONE',  ( 0.000000000000000000, 0.000000000000000000, -1.000000000000000000 ) ) ;
#163 = VECTOR ( 'NONE', #191, 1000.000000000000000 ) ;
#164 = PLANE ( 'NONE',  #1703 ) ;
#165 = EDGE_LOOP ( 'NONE', ( #1523, #1693 ) ) ;
#166 = LINE ( 'NONE', #779, #1219 ) ;
#167 = AXIS2_PLACEMENT_3D ( 'NONE', #1882, #67, #518 ) ;
#168 = ORIENTED_EDGE ( 'NONE', *, *, #1971, .F. ) ;
#169 = VECTOR ( 'NONE', #629, 1000.000000000000000 ) ;
#170 = CARTESIAN_POINT ( 'NONE',  ( 56.50000000000000000, 6.000000000000000000, -30.49999999999998579 ) ) ;
#171 = ORIENTED_EDGE ( 'NONE', *, *, #271, .F. ) ;
#172 = CARTESIAN_POINT ( 'NONE',  ( 0.000000000000000000, 0.000000000000000000, -30.00000000000000000 ) ) ;
#173 = DIRECTION ( 'NONE',  ( 0.000000000000000000, 0.000000000000000000, -1.000000000000000000 ) ) ;
#174 = AXIS2_PLACEMENT_3D ( 'NONE', #1266, #579, #268 ) ;
#175 = CARTESIAN_POINT ( 'NONE',  ( 0.000000000000000000, 1.500000000000000444, 0.000000000000000000 ) ) ;
#176 = CIRCLE ( 'NONE', #1772, 3.000000000000002665 ) ;
#177 = ORIENTED_EDGE ( 'NONE', *, *, #1571, .F. ) ;
#178 = LINE ( 'NONE', #300, #110 ) ;
#179 = DIRECTION ( 'NONE',  ( 0.000000000000000000, -1.000000000000000000, 0.000000000000000000 ) ) ;
#180 = ORIENTED_EDGE ( 'NONE', *, *, #79, .T. ) ;
#181 = EDGE_CURVE ( 'NONE', #542, #550, #485, .T. ) ;
#182 = VERTEX_POINT ( 'NONE', #193 ) ;
#183 = DIRECTION ( 'NONE',  ( 2.891205793294678819E-16, 0.000000000000000000, 1.000000000000000000 ) ) ;
#184 = ORIENTED_EDGE ( 'NONE', *, *, #1273, .T. ) ;
#185 = FACE_BOUND ( 'NONE', #251, .T. ) ;
#186 = ORIENTED_EDGE ( 'NONE', *, *, #1532, .T. ) ;
#187 = LINE ( 'NONE', #1524, #1243 ) ;
#188 = ORIENTED_EDGE ( 'NONE', *, *, #689, .F. ) ;
#189 = DIRECTION ( 'NONE',  ( 0.000000000000000000, -1.000000000000000000, 0.000000000000000000 ) ) ;
#190 = CARTESIAN_POINT ( 'NONE',  ( 25.50000000000000355, 0.000000000000000000, 2.100000000000007638 ) ) ;
#191 = DIRECTION ( 'NONE',  ( -0.000000000000000000, -1.000000000000000000, -0.000000000000000000 ) ) ;
#192 = ORIENTED_EDGE ( 'NONE', *, *, #1552, .F. ) ;
#193 = CARTESIAN_POINT ( 'NONE',  ( 25.50000000000000355, 0.000000000000000000, -1.099999999999996314 ) ) ;
#194 = EDGE_CURVE ( 'NONE', #923, #1494, #361, .T. ) ;
#195 = ORIENTED_EDGE ( 'NONE', *, *, #1874, .F. ) ;
#196 = UNCERTAINTY_MEASURE_WITH_UNIT (LENGTH_MEASURE( 1.000000000000000082E-05 ), #680, 'distance_accuracy_value', 'NONE');
#197 = CIRCLE ( 'NONE', #1474, 1.599999999999997202 ) ;
#198 = DIRECTION ( 'NONE',  ( 0.000000000000000000, 0.000000000000000000, -1.000000000000000000 ) ) ;
#199 = CARTESIAN_POINT ( 'NONE',  ( 0.000000000000000000, 0.000000000000000000, -30.00000000000000000 ) ) ;
#200 = EDGE_CURVE ( 'NONE', #1601, #1652, #1530, .T. ) ;
#201 = AXIS2_PLACEMENT_3D ( 'NONE', #601, #591, #1779 ) ;
#202 = CARTESIAN_POINT ( 'NONE',  ( 6.999999999999929834, 6.000000000000000000, -28.00000000000000000 ) ) ;
#203 = CARTESIAN_POINT ( 'NONE',  ( -3.430248998885766412E-14, 6.000000000000000000, -16.60000000000000142 ) ) ;
#204 = DIRECTION ( 'NONE',  ( 0.000000000000000000, -1.000000000000000000, 0.000000000000000000 ) ) ;
#205 = ORIENTED_EDGE ( 'NONE', *, *, #53, .T. ) ;
#206 = VECTOR ( 'NONE', #77, 1000.000000000000000 ) ;
#207 = FACE_BOUND ( 'NONE', #165, .T. ) ;
#208 = CIRCLE ( 'NONE', #174, 1.600000000000005418 ) ;
#209 = ORIENTED_EDGE ( 'NONE', *, *, #1490, .T. ) ;
#210 = VECTOR ( 'NONE', #1398, 1000.000000000000000 ) ;
#211 = CARTESIAN_POINT ( 'NONE',  ( 104.0000000000000000, 6.000000000000000000, -32.99999999999999289 ) ) ;
#212 = ORIENTED_EDGE ( 'NONE', *, *, #1551, .T. ) ;
#213 = CARTESIAN_POINT ( 'NONE',  ( 104.0000000000000000, 0.000000000000000000, -36.00000000000000000 ) ) ;
#214 = DIRECTION ( 'NONE',  ( 1.445602896647339903E-16, 0.000000000000000000, 1.000000000000000000 ) ) ;
#215 = ADVANCED_FACE ( 'NONE', ( #1400 ), #1239, .F. ) ;
#216 = CARTESIAN_POINT ( 'NONE',  ( 70.50000000000000000, 6.000000000000000000, 2.100000000000011191 ) ) ;
#217 = CARTESIAN_POINT ( 'NONE',  ( 104.0000000000000000, 6.000000000000000000, -32.99999999999999289 ) ) ;
#218 = EDGE_LOOP ( 'NONE', ( #1163, #1941, #73, #276 ) ) ;
#219 = ORIENTED_EDGE ( 'NONE', *, *, #1488, .F. ) ;
#220 = EDGE_CURVE ( 'NONE', #1426, #1494, #925, .T. ) ;
#221 = CARTESIAN_POINT ( 'NONE',  ( 15.25403330758516951, 6.000000000000000000, 0.000000000000000000 ) ) ;
#222 = EDGE_CURVE ( 'NONE', #1338, #778, #166, .T. ) ;
#223 = EDGE_LOOP ( 'NONE', ( #260, #1481 ) ) ;
#224 = CARTESIAN_POINT ( 'NONE',  ( 20.00000000000000355, 6.000000000000000000, -36.00000000000000000 ) ) ;
#225 = CARTESIAN_POINT ( 'NONE',  ( 6.999999999999934275, 0.000000000000000000, -1.011922027653128466E-15 ) ) ;
#226 = DIRECTION ( 'NONE',  ( 0.000000000000000000, -1.000000000000000000, 0.000000000000000000 ) ) ;
#227 = CARTESIAN_POINT ( 'NONE',  ( 0.000000000000000000, 1.500000000000000444, -3.400000000000000355 ) ) ;
#228 = ORIENTED_EDGE ( 'NONE', *, *, #1189, .F. ) ;
#229 = ORIENTED_EDGE ( 'NONE', *, *, #948, .F. ) ;
#230 = PLANE ( 'NONE',  #55 ) ;
#231 = DIRECTION ( 'NONE',  ( 0.000000000000000000, -1.000000000000000000, 0.000000000000000000 ) ) ;
#232 = ORIENTED_EDGE ( 'NONE', *, *, #1757, .T. ) ;
#233 = CIRCLE ( 'NONE', #729, 14.00000000000000178 ) ;
#234 = FILL_AREA_STYLE_COLOUR ( '', #931 ) ;
#235 = VECTOR ( 'NONE', #1164, 1000.000000000000000 ) ;
#236 = CIRCLE ( 'NONE', #1800, 1.599999999999997202 ) ;
#237 = DIRECTION ( 'NONE',  ( 0.000000000000000000, 0.000000000000000000, 1.000000000000000000 ) ) ;
#238 = VERTEX_POINT ( 'NONE', #1393 ) ;
#239 = ORIENTED_EDGE ( 'NONE', *, *, #1402, .T. ) ;
#240 = AXIS2_PLACEMENT_3D ( 'NONE', #491, #1715, #183 ) ;
#241 = PRODUCT_DEFINITION_CONTEXT ( 'detailed design', #1135, 'design' ) ;
#242 = CARTESIAN_POINT ( 'NONE',  ( 70.50000000000000000, 6.000000000000000000, 0.5000000000000055511 ) ) ;
#243 = VECTOR ( 'NONE', #1193, 1000.000000000000000 ) ;
#244 = CARTESIAN_POINT ( 'NONE',  ( 3.999999999999963585, 6.000000000000000000, -16.60000000000000142 ) ) ;
#245 = AXIS2_PLACEMENT_3D ( 'NONE', #70, #1294, #539 ) ;
#246 = FACE_OUTER_BOUND ( 'NONE', #1583, .T. ) ;
#247 = CARTESIAN_POINT ( 'NONE',  ( 3.999999999999931610, 0.000000000000000000, -22.00000000000000000 ) ) ;
#248 = ADVANCED_FACE ( 'NONE', ( #35 ), #494, .F. ) ;
#249 = DIRECTION ( 'NONE',  ( -1.000000000000000000, -0.000000000000000000, -0.000000000000000000 ) ) ;
#250 = DIRECTION ( 'NONE',  ( -1.000000000000000000, -0.000000000000000000, -0.000000000000000000 ) ) ;
#251 = EDGE_LOOP ( 'NONE', ( #1242, #425 ) ) ;
#252 = CARTESIAN_POINT ( 'NONE',  ( 23.00000000000000355, 6.000000000000000000, -36.00000000000000000 ) ) ;
#253 = CARTESIAN_POINT ( 'NONE',  ( 86.00000000000000000, 0.000000000000000000, -14.99999999999999645 ) ) ;
#254 = ADVANCED_FACE ( 'NONE', ( #1861 ), #353, .F. ) ;
#255 = ORIENTED_EDGE ( 'NONE', *, *, #1968, .F. ) ;
#256 = ADVANCED_FACE ( 'NONE', ( #1087 ), #1707, .T. ) ;
#257 = DIRECTION ( 'NONE',  ( -1.000000000000000000, 0.000000000000000000, -0.000000000000000000 ) ) ;
#258 = ORIENTED_EDGE ( 'NONE', *, *, #1657, .T. ) ;
#259 = CARTESIAN_POINT ( 'NONE',  ( -3.430248998885766412E-14, 1.500000000000000444, -16.60000000000000142 ) ) ;
#260 = ORIENTED_EDGE ( 'NONE', *, *, #1390, .T. ) ;
#261 = DIRECTION ( 'NONE',  ( -1.445602896647339656E-16, 0.000000000000000000, -1.000000000000000000 ) ) ;
#262 = CARTESIAN_POINT ( 'NONE',  ( 6.999999999999930722, 0.000000000000000000, -22.00000000000000355 ) ) ;
#263 = ADVANCED_FACE ( 'NONE', ( #343 ), #766, .F. ) ;
#264 = ORIENTED_EDGE ( 'NONE', *, *, #1337, .F. ) ;
#265 = LINE ( 'NONE', #864, #1643 ) ;
#266 = AXIS2_PLACEMENT_3D ( 'NONE', #405, #994, #1260 ) ;
#267 = EDGE_LOOP ( 'NONE', ( #974, #1309, #92, #929 ) ) ;
#268 = DIRECTION ( 'NONE',  ( 0.000000000000000000, 0.000000000000000000, -1.000000000000000000 ) ) ;
#269 = CARTESIAN_POINT ( 'NONE',  ( 101.5000000000000000, 6.000000000000000000, -30.49999999999998934 ) ) ;
#270 = ORIENTED_EDGE ( 'NONE', *, *, #1036, .T. ) ;
#271 = EDGE_CURVE ( 'NONE', #1092, #477, #934, .T. ) ;
#272 = ORIENTED_EDGE ( 'NONE', *, *, #1397, .T. ) ;
#273 = LINE ( 'NONE', #1495, #399 ) ;
#274 = AXIS2_PLACEMENT_3D ( 'NONE', #1573, #1484, #1902 ) ;
#275 = DIRECTION ( 'NONE',  ( 1.000000000000000000, 0.000000000000000000, -1.445602896647339903E-16 ) ) ;
#276 = ORIENTED_EDGE ( 'NONE', *, *, #220, .F. ) ;
#277 = VECTOR ( 'NONE', #704, 1000.000000000000000 ) ;
#278 = LINE ( 'NONE', #717, #145 ) ;
#279 = DIRECTION ( 'NONE',  ( 0.000000000000000000, 0.000000000000000000, -1.000000000000000000 ) ) ;
#280 = VERTEX_POINT ( 'NONE', #913 ) ;
#281 = ADVANCED_FACE ( 'NONE', ( #54, #630, #1870, #1108, #1257, #515, #207, #619, #24, #1228, #1554, #1852, #1077, #185 ), #788, .T. ) ;
#282 = CYLINDRICAL_SURFACE ( 'NONE', #957, 1.600000000000005418 ) ;
#283 = CARTESIAN_POINT ( 'NONE',  ( 15.25403330758516951, 6.000000000000000000, 0.000000000000000000 ) ) ;
#284 = ADVANCED_FACE ( 'NONE', ( #1726 ), #1754, .T. ) ;
#285 = CARTESIAN_POINT ( 'NONE',  ( 70.50000000000000000, 6.000000000000000000, -1.099999999999999867 ) ) ;
#286 = EDGE_CURVE ( 'NONE', #867, #953, #959, .T. ) ;
#287 = ORIENTED_EDGE ( 'NONE', *, *, #1162, .F. ) ;
#288 = LINE ( 'NONE', #882, #235 ) ;
#289 = VERTEX_POINT ( 'NONE', #74 ) ;
#290 = LINE ( 'NONE', #885, #618 ) ;
#291 = CYLINDRICAL_SURFACE ( 'NONE', #1613, 1.600000000000004086 ) ;
#292 = ORIENTED_EDGE ( 'NONE', *, *, #748, .T. ) ;
#293 = CARTESIAN_POINT ( 'NONE',  ( 101.5000000000000000, 6.000000000000000000, -32.09999999999998721 ) ) ;
#294 = ORIENTED_EDGE ( 'NONE', *, *, #979, .T. ) ;
#295 = VECTOR ( 'NONE', #1145, 1000.000000000000000 ) ;
#296 = CARTESIAN_POINT ( 'NONE',  ( 25.50000000000000355, 6.000000000000000000, 2.100000000000007638 ) ) ;
#297 = ORIENTED_EDGE ( 'NONE', *, *, #102, .F. ) ;
#298 = CIRCLE ( 'NONE', #1764, 3.000000000000002665 ) ;
#299 = DIRECTION ( 'NONE',  ( 0.000000000000000000, -1.000000000000000000, 0.000000000000000000 ) ) ;
#300 = CARTESIAN_POINT ( 'NONE',  ( 3.999999999999965361, 1.500000000000000444, -13.40000000000000036 ) ) ;
#301 = DIRECTION ( 'NONE',  ( 0.000000000000000000, 0.000000000000000000, -1.000000000000000000 ) ) ;
#302 = ORIENTED_EDGE ( 'NONE', *, *, #374, .T. ) ;
#303 = CIRCLE ( 'NONE', #1416, 1.600000000000000755 ) ;
#304 = CARTESIAN_POINT ( 'NONE',  ( -6.860497997771532825E-14, 1.500000000000000444, -23.40000000000000213 ) ) ;
#305 = AXIS2_PLACEMENT_3D ( 'NONE', #1965, #1201, #890 ) ;
#306 = EDGE_CURVE ( 'NONE', #1103, #280, #1009, .T. ) ;
#307 = DIRECTION ( 'NONE',  ( 0.000000000000000000, -1.000000000000000000, 0.000000000000000000 ) ) ;
#308 = DIRECTION ( 'NONE',  ( 0.000000000000000000, 0.000000000000000000, 1.000000000000000000 ) ) ;
#309 = ORIENTED_EDGE ( 'NONE', *, *, #1799, .T. ) ;
#310 = DIRECTION ( 'NONE',  ( 1.000000000000000000, 0.000000000000000000, 0.000000000000000000 ) ) ;
#311 = CARTESIAN_POINT ( 'NONE',  ( 40.99999999999841549, 6.000000000000000000, -14.99999999999317346 ) ) ;
#312 = VERTEX_POINT ( 'NONE', #1631 ) ;
#313 = EDGE_CURVE ( 'NONE', #1729, #1230, #675, .T. ) ;
#314 = LINE ( 'NONE', #1885, #774 ) ;
#315 = DIRECTION ( 'NONE',  ( 0.000000000000000000, 0.000000000000000000, -1.000000000000000000 ) ) ;
#316 = LINE ( 'NONE', #744, #1279 ) ;
#317 = ORIENTED_EDGE ( 'NONE', *, *, #1250, .T. ) ;
#318 = CARTESIAN_POINT ( 'NONE',  ( 25.50000000000000355, 6.000000000000000000, 0.5000000000000055511 ) ) ;
#319 = EDGE_CURVE ( 'NONE', #953, #1821, #208, .T. ) ;
#320 = ORIENTED_EDGE ( 'NONE', *, *, #1874, .T. ) ;
#321 = DIRECTION ( 'NONE',  ( 1.000000000000000000, 0.000000000000000000, 0.000000000000000000 ) ) ;
#322 = DIRECTION ( 'NONE',  ( 0.000000000000000000, 0.000000000000000000, -1.000000000000000000 ) ) ;
#323 = ORIENTED_EDGE ( 'NONE', *, *, #413, .F. ) ;
#324 = DIRECTION ( 'NONE',  ( -0.000000000000000000, 1.000000000000000000, -0.000000000000000000 ) ) ;
#325 = LINE ( 'NONE', #172, #1967 ) ;
#326 = DIRECTION ( 'NONE',  ( 0.000000000000000000, -1.000000000000000000, 0.000000000000000000 ) ) ;
#327 = ORIENTED_EDGE ( 'NONE', *, *, #313, .F. ) ;
#328 = CARTESIAN_POINT ( 'NONE',  ( 20.00000000000000355, 0.000000000000000000, -36.00000000000000000 ) ) ;
#329 = AXIS2_PLACEMENT_3D ( 'NONE', #532, #1770, #1455 ) ;
#330 = VECTOR ( 'NONE', #1222, 1000.000000000000000 ) ;
#331 = ORIENTED_EDGE ( 'NONE', *, *, #599, .T. ) ;
#332 = AXIS2_PLACEMENT_3D ( 'NONE', #1540, #777, #34 ) ;
#333 = EDGE_CURVE ( 'NONE', #1413, #1404, #1281, .T. ) ;
#334 = DIRECTION ( 'NONE',  ( 0.000000000000000000, -1.000000000000000000, 0.000000000000000000 ) ) ;
#335 = DIRECTION ( 'NONE',  ( 0.000000000000000000, 0.000000000000000000, 1.000000000000000000 ) ) ;
#336 = ORIENTED_EDGE ( 'NONE', *, *, #1853, .F. ) ;
#337 = LINE ( 'NONE', #949, #536 ) ;
#338 = VECTOR ( 'NONE', #1675, 1000.000000000000000 ) ;
#339 = DIRECTION ( 'NONE',  ( 1.000000000000000000, 0.000000000000000000, 0.000000000000000000 ) ) ;
#340 = DIRECTION ( 'NONE',  ( 0.000000000000000000, -1.000000000000000000, 0.000000000000000000 ) ) ;
#341 = VECTOR ( 'NONE', #1878, 1000.000000000000000 ) ;
#342 = VERTEX_POINT ( 'NONE', #658 ) ;
#343 = FACE_OUTER_BOUND ( 'NONE', #36, .T. ) ;
#344 = AXIS2_PLACEMENT_3D ( 'NONE', #662, #189, #348 ) ;
#345 = EDGE_LOOP ( 'NONE', ( #919, #724, #1381, #570 ) ) ;
#346 = DIRECTION ( 'NONE',  ( 0.000000000000000000, 0.000000000000000000, -1.000000000000000000 ) ) ;
#347 = ORIENTED_EDGE ( 'NONE', *, *, #1488, .T. ) ;
#348 = DIRECTION ( 'NONE',  ( 0.000000000000000000, -0.000000000000000000, -1.000000000000000000 ) ) ;
#349 = EDGE_CURVE ( 'NONE', #1889, #147, #1544, .T. ) ;
#350 = ADVANCED_FACE ( 'NONE', ( #1259 ), #230, .T. ) ;
#351 = CARTESIAN_POINT ( 'NONE',  ( 3.999999999999965361, -8.499999999999998224, -12.00000000000000000 ) ) ;
#352 = ORIENTED_EDGE ( 'NONE', *, *, #522, .F. ) ;
#353 = CYLINDRICAL_SURFACE ( 'NONE', #736, 1.600000000000002087 ) ;
#354 = ORIENTED_EDGE ( 'NONE', *, *, #1375, .T. ) ;
#355 = CARTESIAN_POINT ( 'NONE',  ( -6.860497997771532825E-14, 1.500000000000000444, -26.59999999999999787 ) ) ;
#356 = ORIENTED_EDGE ( 'NONE', *, *, #1012, .T. ) ;
#357 = LINE ( 'NONE', #1377, #210 ) ;
#358 = CARTESIAN_POINT ( 'NONE',  ( 4.000000000000000000, 1.500000000000000444, -6.599999999999999645 ) ) ;
#359 = DIRECTION ( 'NONE',  ( 0.000000000000000000, 0.000000000000000000, 1.000000000000000000 ) ) ;
#360 = ORIENTED_EDGE ( 'NONE', *, *, #349, .T. ) ;
#361 = LINE ( 'NONE', #328, #809 ) ;
#362 = EDGE_LOOP ( 'NONE', ( #302, #209 ) ) ;
#363 = CIRCLE ( 'NONE', #11, 3.000000000000002665 ) ;
#364 = DIRECTION ( 'NONE',  ( 0.000000000000000000, -1.000000000000000000, 0.000000000000000000 ) ) ;
#365 = VERTEX_POINT ( 'NONE', #1748 ) ;
#366 = VECTOR ( 'NONE', #14, 1000.000000000000000 ) ;
#367 = LINE ( 'NONE', #224, #1534 ) ;
#368 = CARTESIAN_POINT ( 'NONE',  ( 40.99999999999841549, 6.000000000000000000, -28.99999999999317524 ) ) ;
#369 = FACE_OUTER_BOUND ( 'NONE', #218, .T. ) ;
#370 = ADVANCED_FACE ( 'NONE', ( #1022 ), #1838, .T. ) ;
#371 = VECTOR ( 'NONE', #261, 1000.000000000000000 ) ;
#372 = ADVANCED_FACE ( 'NONE', ( #1181 ), #1818, .F. ) ;
#373 = CIRCLE ( 'NONE', #1871, 3.000000000000000000 ) ;
#374 = EDGE_CURVE ( 'NONE', #31, #1840, #1904, .T. ) ;
#375 = VERTEX_POINT ( 'NONE', #1 ) ;
#376 = ADVANCED_FACE ( 'NONE', ( #589, #762, #20, #1796, #1644, #460, #1808, #642, #1539, #32, #776 ), #1246, .F. ) ;
#377 = CARTESIAN_POINT ( 'NONE',  ( 0.000000000000000000, 6.000000000000000000, 0.000000000000000000 ) ) ;
#378 = ORIENTED_EDGE ( 'NONE', *, *, #1461, .T. ) ;
#379 = DIRECTION ( 'NONE',  ( 0.000000000000000000, 0.000000000000000000, -1.000000000000000000 ) ) ;
#380 = DIRECTION ( 'NONE',  ( 0.000000000000000000, 0.000000000000000000, -1.000000000000000000 ) ) ;
#381 = DIRECTION ( 'NONE',  ( 1.000000000000000000, 0.000000000000000000, 0.000000000000000000 ) ) ;
#382 = VERTEX_POINT ( 'NONE', #368 ) ;
#383 = ORIENTED_EDGE ( 'NONE', *, *, #1105, .T. ) ;
#384 = CARTESIAN_POINT ( 'NONE',  ( 25.50000000000000355, 6.000000000000000000, -1.099999999999996314 ) ) ;
#385 = EDGE_CURVE ( 'NONE', #620, #17, #1559, .T. ) ;
#386 = ORIENTED_EDGE ( 'NONE', *, *, #306, .T. ) ;
#387 = DIRECTION ( 'NONE',  ( 0.000000000000000000, 0.000000000000000000, -1.000000000000000000 ) ) ;
#388 = DIRECTION ( 'NONE',  ( 0.000000000000000000, 0.000000000000000000, -1.000000000000000000 ) ) ;
#389 = DIRECTION ( 'NONE',  ( 0.000000000000000000, 0.000000000000000000, 1.000000000000000000 ) ) ;
#390 = EDGE_LOOP ( 'NONE', ( #1133, #666, #352, #383 ) ) ;
#391 = ORIENTED_EDGE ( 'NONE', *, *, #1721, .T. ) ;
#392 = CARTESIAN_POINT ( 'NONE',  ( 3.999999999999929834, 6.000000000000000000, -28.00000000000000000 ) ) ;
#393 = EDGE_CURVE ( 'NONE', #1501, #892, #482, .T. ) ;
#394 = FACE_OUTER_BOUND ( 'NONE', #267, .T. ) ;
#395 = ADVANCED_FACE ( 'NONE', ( #1868 ), #523, .T. ) ;
#396 = VECTOR ( 'NONE', #1835, 1000.000000000000000 ) ;
#397 = DIRECTION ( 'NONE',  ( 0.000000000000000000, 0.000000000000000000, -1.000000000000000000 ) ) ;
#398 = LINE ( 'NONE', #1609, #1125 ) ;
#399 = VECTOR ( 'NONE', #437, 1000.000000000000000 ) ;
#400 = CARTESIAN_POINT ( 'NONE',  ( 0.000000000000000000, 1.500000000000000444, -3.400000000000000355 ) ) ;
#401 = PRODUCT_DEFINITION ( 'æœ', '', #45, #241 ) ;
#402 = DIRECTION ( 'NONE',  ( 1.000000000000000000, 0.000000000000000000, 0.000000000000000000 ) ) ;
#403 = ORIENTED_EDGE ( 'NONE', *, *, #1148, .T. ) ;
#404 = AXIS2_PLACEMENT_3D ( 'NONE', #412, #1139, #380 ) ;
#405 = CARTESIAN_POINT ( 'NONE',  ( 15.25403330758516951, 0.000000000000000000, -34.99999999999999289 ) ) ;
#406 = CIRCLE ( 'NONE', #742, 1.600000000000000755 ) ;
#407 = DIRECTION ( 'NONE',  ( -2.891205793294677833E-16, 0.000000000000000000, -1.000000000000000000 ) ) ;
#408 = CIRCLE ( 'NONE', #902, 1.600000000000004086 ) ;
#409 = CARTESIAN_POINT ( 'NONE',  ( 0.000000000000000000, 6.000000000000000000, 0.000000000000000000 ) ) ;
#410 = CARTESIAN_POINT ( 'NONE',  ( 86.00000000000000000, 0.000000000000000000, -28.99999999999999645 ) ) ;
#411 = ORIENTED_EDGE ( 'NONE', *, *, #498, .F. ) ;
#412 = CARTESIAN_POINT ( 'NONE',  ( 15.25403330758516951, 6.000000000000000000, -34.99999999999999289 ) ) ;
#413 = EDGE_CURVE ( 'NONE', #958, #484, #1859, .T. ) ;
#414 = ORIENTED_EDGE ( 'NONE', *, *, #1760, .T. ) ;
#415 = LINE ( 'NONE', #1000, #1117 ) ;
#416 = ORIENTED_EDGE ( 'NONE', *, *, #1209, .T. ) ;
#417 = CARTESIAN_POINT ( 'NONE',  ( 3.999999999999931610, -8.499999999999998224, -22.00000000000000000 ) ) ;
#418 = CARTESIAN_POINT ( 'NONE',  ( 3.999999999999965361, 6.000000000000000000, -12.00000000000000000 ) ) ;
#419 = DIRECTION ( 'NONE',  ( 0.000000000000000000, -1.000000000000000000, 0.000000000000000000 ) ) ;
#420 = EDGE_LOOP ( 'NONE', ( #1706, #587, #1970, #1109 ) ) ;
#421 = LINE ( 'NONE', #1288, #899 ) ;
#422 = ORIENTED_EDGE ( 'NONE', *, *, #689, .T. ) ;
#423 = CARTESIAN_POINT ( 'NONE',  ( 70.50000000000000000, 6.000000000000000000, -1.099999999999999867 ) ) ;
#424 = CARTESIAN_POINT ( 'NONE',  ( 3.999999999999965361, 6.000000000000000000, -12.00000000000000000 ) ) ;
#425 = ORIENTED_EDGE ( 'NONE', *, *, #1913, .F. ) ;
#426 = VERTEX_POINT ( 'NONE', #358 ) ;
#427 = CARTESIAN_POINT ( 'NONE',  ( 3.999999999999937828, -0.000000000000000000, -1.156482317317852990E-15 ) ) ;
#428 = DIRECTION ( 'NONE',  ( 0.000000000000000000, 0.000000000000000000, -1.000000000000000000 ) ) ;
#429 = VERTEX_POINT ( 'NONE', #190 ) ;
#430 = VECTOR ( 'NONE', #1589, 1000.000000000000000 ) ;
#431 = CARTESIAN_POINT ( 'NONE',  ( 0.000000000000000000, 1.500000000000000444, -3.400000000000000355 ) ) ;
#432 = VECTOR ( 'NONE', #1892, 1000.000000000000000 ) ;
#433 = CARTESIAN_POINT ( 'NONE',  ( -3.430248998885766412E-14, 1.500000000000000444, -13.40000000000000036 ) ) ;
#434 = EDGE_LOOP ( 'NONE', ( #1740, #1458 ) ) ;
#435 = EDGE_CURVE ( 'NONE', #1153, #1233, #950, .T. ) ;
#436 = ORIENTED_EDGE ( 'NONE', *, *, #1632, .T. ) ;
#437 = DIRECTION ( 'NONE',  ( -1.000000000000000000, -0.000000000000000000, -0.000000000000000000 ) ) ;
#438 = AXIS2_PLACEMENT_3D ( 'NONE', #821, #1414, #1891 ) ;
#439 = LINE ( 'NONE', #1950, #584 ) ;
#440 = AXIS2_PLACEMENT_3D ( 'NONE', #1537, #963, #1314 ) ;
#441 = CARTESIAN_POINT ( 'NONE',  ( 86.00000000000000000, 6.000000000000000000, -0.9999999999999956701 ) ) ;
#442 = ORIENTED_EDGE ( 'NONE', *, *, #500, .T. ) ;
#443 = CYLINDRICAL_SURFACE ( 'NONE', #1144, 1.600000000000004086 ) ;
#444 = EDGE_LOOP ( 'NONE', ( #1332, #1865 ) ) ;
#445 = ORIENTED_EDGE ( 'NONE', *, *, #1197, .T. ) ;
#446 = LINE ( 'NONE', #1333, #13 ) ;
#447 = DIRECTION ( 'NONE',  ( -0.000000000000000000, 1.000000000000000000, -0.000000000000000000 ) ) ;
#448 = ORIENTED_EDGE ( 'NONE', *, *, #695, .F. ) ;
#449 = DIRECTION ( 'NONE',  ( 0.000000000000000000, 0.000000000000000000, -1.000000000000000000 ) ) ;
#450 = CARTESIAN_POINT ( 'NONE',  ( 101.5000000000000000, 6.000000000000000000, -30.49999999999998934 ) ) ;
#451 = CARTESIAN_POINT ( 'NONE',  ( 86.00000000000000000, 6.000000000000000000, -28.99999999999999645 ) ) ;
#452 = ORIENTED_EDGE ( 'NONE', *, *, #805, .F. ) ;
#453 = VERTEX_POINT ( 'NONE', #216 ) ;
#454 = FACE_OUTER_BOUND ( 'NONE', #1624, .T. ) ;
#455 = DIRECTION ( 'NONE',  ( 0.000000000000000000, -1.000000000000000000, 0.000000000000000000 ) ) ;
#456 = EDGE_CURVE ( 'NONE', #1230, #1032, #1732, .T. ) ;
#457 = EDGE_LOOP ( 'NONE', ( #884, #1576, #1296, #854 ) ) ;
#458 = EDGE_CURVE ( 'NONE', #633, #1816, #303, .T. ) ;
#459 = LINE ( 'NONE', #577, #1711 ) ;
#460 = FACE_BOUND ( 'NONE', #362, .T. ) ;
#461 = CYLINDRICAL_SURFACE ( 'NONE', #586, 1.600000000000004086 ) ;
#462 = AXIS2_PLACEMENT_3D ( 'NONE', #1459, #111, #1472 ) ;
#463 = LINE ( 'NONE', #1768, #1769 ) ;
#464 = PRODUCT_RELATED_PRODUCT_CATEGORY ( 'part', '', ( #1229 ) ) ;
#465 = ORIENTED_EDGE ( 'NONE', *, *, #1101, .T. ) ;
#466 = ADVANCED_FACE ( 'NONE', ( #1106 ), #817, .F. ) ;
#467 = CARTESIAN_POINT ( 'NONE',  ( 15.25403330758516951, 6.000000000000000000, -34.99999999999999289 ) ) ;
#468 = ORIENTED_EDGE ( 'NONE', *, *, #1101, .F. ) ;
#469 = VECTOR ( 'NONE', #1600, 1000.000000000000000 ) ;
#470 = CARTESIAN_POINT ( 'NONE',  ( 56.50000000000000000, 6.000000000000000000, 0.5000000000000055511 ) ) ;
#471 = VECTOR ( 'NONE', #214, 1000.000000000000000 ) ;
#472 = EDGE_CURVE ( 'NONE', #1641, #1729, #513, .T. ) ;
#473 = AXIS2_PLACEMENT_3D ( 'NONE', #1685, #1542, #944 ) ;
#474 = DIRECTION ( 'NONE',  ( 1.000000000000000000, 0.000000000000000000, 0.000000000000000000 ) ) ;
#475 = ORIENTED_EDGE ( 'NONE', *, *, #979, .F. ) ;
#476 = DIRECTION ( 'NONE',  ( 1.000000000000000000, 0.000000000000000000, 0.000000000000000000 ) ) ;
#477 = VERTEX_POINT ( 'NONE', #203 ) ;
#478 = DIRECTION ( 'NONE',  ( 0.000000000000000000, -1.000000000000000000, 0.000000000000000000 ) ) ;
#479 = CARTESIAN_POINT ( 'NONE',  ( 3.999999999999931610, 6.000000000000000000, -22.00000000000000000 ) ) ;
#480 = EDGE_LOOP ( 'NONE', ( #1788, #1634, #1306, #1384 ) ) ;
#481 = CARTESIAN_POINT ( 'NONE',  ( 107.0000000000000000, 0.000000000000000000, 3.000000000000006217 ) ) ;
#482 = LINE ( 'NONE', #651, #1093 ) ;
#483 = DIRECTION ( 'NONE',  ( -1.000000000000000000, -0.000000000000000000, -0.000000000000000000 ) ) ;
#484 = VERTEX_POINT ( 'NONE', #62 ) ;
#485 = LINE ( 'NONE', #508, #1285 ) ;
#486 = VERTEX_POINT ( 'NONE', #663 ) ;
#487 = DIRECTION ( 'NONE',  ( 0.000000000000000000, 0.000000000000000000, -1.000000000000000000 ) ) ;
#488 = CARTESIAN_POINT ( 'NONE',  ( 4.000000000000000000, 6.000000000000000000, -2.000000000000000000 ) ) ;
#489 = ORIENTED_EDGE ( 'NONE', *, *, #135, .T. ) ;
#490 = PLANE ( 'NONE',  #344 ) ;
#491 = CARTESIAN_POINT ( 'NONE',  ( 4.000000000000000000, -8.499999999999998224, -2.000000000000000000 ) ) ;
#492 = FACE_OUTER_BOUND ( 'NONE', #926, .T. ) ;
#493 = ORIENTED_EDGE ( 'NONE', *, *, #775, .T. ) ;
#494 = CYLINDRICAL_SURFACE ( 'NONE', #897, 1.600000000000000755 ) ;
#495 = VECTOR ( 'NONE', #1129, 1000.000000000000000 ) ;
#496 = AXIS2_PLACEMENT_3D ( 'NONE', #1516, #334, #149 ) ;
#497 = ORIENTED_EDGE ( 'NONE', *, *, #1931, .T. ) ;
#498 = EDGE_CURVE ( 'NONE', #342, #1783, #51, .T. ) ;
#499 = DIRECTION ( 'NONE',  ( 0.000000000000000000, 0.000000000000000000, -1.000000000000000000 ) ) ;
#500 = EDGE_CURVE ( 'NONE', #1479, #1674, #1410, .T. ) ;
#501 = ORIENTED_EDGE ( 'NONE', *, *, #1571, .T. ) ;
#502 = EDGE_CURVE ( 'NONE', #426, #1224, #1225, .T. ) ;
#503 = AXIS2_PLACEMENT_3D ( 'NONE', #941, #965, #1256 ) ;
#504 = DIRECTION ( 'NONE',  ( 0.000000000000000000, -1.000000000000000000, 0.000000000000000000 ) ) ;
#505 = CARTESIAN_POINT ( 'NONE',  ( 25.50000000000000355, 6.000000000000000000, 0.5000000000000055511 ) ) ;
#506 =( GEOMETRIC_REPRESENTATION_CONTEXT ( 3 ) GLOBAL_UNCERTAINTY_ASSIGNED_CONTEXT ( ( #196 ) ) GLOBAL_UNIT_ASSIGNED_CONTEXT ( ( #680, #1467, #1122 ) ) REPRESENTATION_CONTEXT ( 'NONE', 'WORKASPACE' ) );
#507 = ORIENTED_EDGE ( 'NONE', *, *, #1397, .F. ) ;
#508 = CARTESIAN_POINT ( 'NONE',  ( 4.000000000000000000, 1.500000000000000444, -3.399999999999999911 ) ) ;
#509 = VECTOR ( 'NONE', #455, 1000.000000000000000 ) ;
#510 = ORIENTED_EDGE ( 'NONE', *, *, #456, .F. ) ;
#511 = CARTESIAN_POINT ( 'NONE',  ( 56.50000000000000000, 0.000000000000000000, 0.5000000000000055511 ) ) ;
#512 = EDGE_LOOP ( 'NONE', ( #1771, #1030, #1420, #581, #1184, #154, #1836, #647 ) ) ;
#513 = LINE ( 'NONE', #351, #838 ) ;
#514 = DIRECTION ( 'NONE',  ( 0.000000000000000000, 0.000000000000000000, -1.000000000000000000 ) ) ;
#515 = FACE_BOUND ( 'NONE', #1048, .T. ) ;
#516 = ORIENTED_EDGE ( 'NONE', *, *, #794, .T. ) ;
#517 = DIRECTION ( 'NONE',  ( 0.000000000000000000, -0.000000000000000000, -1.000000000000000000 ) ) ;
#518 = DIRECTION ( 'NONE',  ( 0.000000000000000000, 0.000000000000000000, 1.000000000000000000 ) ) ;
#519 = ORIENTED_EDGE ( 'NONE', *, *, #286, .F. ) ;
#520 = DIRECTION ( 'NONE',  ( 0.000000000000000000, -1.000000000000000000, 0.000000000000000000 ) ) ;
#521 = EDGE_CURVE ( 'NONE', #702, #5, #325, .T. ) ;
#522 = EDGE_CURVE ( 'NONE', #563, #1501, #1084, .T. ) ;
#523 = CYLINDRICAL_SURFACE ( 'NONE', #503, 3.000000000000000000 ) ;
#524 = DIRECTION ( 'NONE',  ( 1.000000000000000000, 0.000000000000000000, 1.084202172485504434E-16 ) ) ;
#525 = EDGE_LOOP ( 'NONE', ( #270, #802, #1531, #391 ) ) ;
#526 = ORIENTED_EDGE ( 'NONE', *, *, #1036, .F. ) ;
#527 = CARTESIAN_POINT ( 'NONE',  ( 6.999999999999999112, 6.000000000000000000, -2.000000000000000444 ) ) ;
#528 = AXIS2_PLACEMENT_3D ( 'NONE', #467, #179, #28 ) ;
#529 = FACE_OUTER_BOUND ( 'NONE', #1939, .T. ) ;
#530 = ORIENTED_EDGE ( 'NONE', *, *, #858, .F. ) ;
#531 = AXIS2_PLACEMENT_3D ( 'NONE', #1653, #876, #1028 ) ;
#532 = CARTESIAN_POINT ( 'NONE',  ( 40.99999999999841549, 6.000000000000000000, -14.99999999999317346 ) ) ;
#533 = DIRECTION ( 'NONE',  ( -0.000000000000000000, 1.000000000000000000, -0.000000000000000000 ) ) ;
#534 = AXIS2_PLACEMENT_3D ( 'NONE', #253, #574, #565 ) ;
#535 = ORIENTED_EDGE ( 'NONE', *, *, #16, .F. ) ;
#536 = VECTOR ( 'NONE', #324, 1000.000000000000000 ) ;
#537 = CARTESIAN_POINT ( 'NONE',  ( 56.50000000000000000, 0.000000000000000000, -30.49999999999998579 ) ) ;
#538 = FACE_OUTER_BOUND ( 'NONE', #390, .T. ) ;
#539 = DIRECTION ( 'NONE',  ( 1.000000000000000000, 0.000000000000000000, 0.000000000000000000 ) ) ;
#540 = CARTESIAN_POINT ( 'NONE',  ( 4.000000000000000000, -8.499999999999998224, -2.000000000000000000 ) ) ;
#541 =( LENGTH_UNIT ( ) NAMED_UNIT ( * ) SI_UNIT ( .MILLI., .METRE. ) );
#542 = VERTEX_POINT ( 'NONE', #932 ) ;
#543 = EDGE_CURVE ( 'NONE', #1798, #142, #785, .T. ) ;
#544 = ORIENTED_EDGE ( 'NONE', *, *, #1066, .F. ) ;
#545 = DIRECTION ( 'NONE',  ( -1.445602896647338917E-16, 0.000000000000000000, -1.000000000000000000 ) ) ;
#546 = DIRECTION ( 'NONE',  ( -0.000000000000000000, -0.000000000000000000, 1.000000000000000000 ) ) ;
#547 = DIRECTION ( 'NONE',  ( -0.000000000000000000, 1.000000000000000000, -0.000000000000000000 ) ) ;
#548 = EDGE_CURVE ( 'NONE', #751, #702, #91, .T. ) ;
#549 = CARTESIAN_POINT ( 'NONE',  ( 3.999999999999931610, -8.499999999999998224, -22.00000000000000000 ) ) ;
#550 = VERTEX_POINT ( 'NONE', #692 ) ;
#551 = ORIENTED_EDGE ( 'NONE', *, *, #962, .T. ) ;
#552 = DIRECTION ( 'NONE',  ( 0.000000000000000000, 0.000000000000000000, -1.000000000000000000 ) ) ;
#553 = CARTESIAN_POINT ( 'NONE',  ( 3.999999999999998224, 6.000000000000000000, -8.000000000000000000 ) ) ;
#554 = AXIS2_PLACEMENT_3D ( 'NONE', #1334, #1640, #275 ) ;
#555 = EDGE_CURVE ( 'NONE', #673, #992, #373, .T. ) ;
#556 = ADVANCED_FACE ( 'NONE', ( #1457 ), #560, .F. ) ;
#557 = LINE ( 'NONE', #1578, #982 ) ;
#558 = DIRECTION ( 'NONE',  ( 1.000000000000000000, 0.000000000000000000, 0.000000000000000000 ) ) ;
#559 = AXIS2_PLACEMENT_3D ( 'NONE', #635, #1520, #1055 ) ;
#560 = PLANE ( 'NONE',  #625 ) ;
#561 = VERTEX_POINT ( 'NONE', #835 ) ;
#562 = DIRECTION ( 'NONE',  ( 0.000000000000000000, -1.000000000000000000, 0.000000000000000000 ) ) ;
#563 = VERTEX_POINT ( 'NONE', #1744 ) ;
#564 = VECTOR ( 'NONE', #903, 1000.000000000000000 ) ;
#565 = DIRECTION ( 'NONE',  ( 0.000000000000000000, 0.000000000000000000, -1.000000000000000000 ) ) ;
#566 = CARTESIAN_POINT ( 'NONE',  ( -6.860497997771532825E-14, 6.000000000000000000, -23.40000000000000213 ) ) ;
#567 = CARTESIAN_POINT ( 'NONE',  ( 6.999999999999964473, -8.499999999999998224, -12.00000000000000000 ) ) ;
#568 = EDGE_CURVE ( 'NONE', #1460, #879, #106, .T. ) ;
#569 = LINE ( 'NONE', #1592, #1575 ) ;
#570 = ORIENTED_EDGE ( 'NONE', *, *, #681, .T. ) ;
#571 = CARTESIAN_POINT ( 'NONE',  ( 15.25403330758516951, 0.000000000000000000, 0.000000000000000000 ) ) ;
#572 = ORIENTED_EDGE ( 'NONE', *, *, #1954, .T. ) ;
#573 = ORIENTED_EDGE ( 'NONE', *, *, #1632, .F. ) ;
#574 = DIRECTION ( 'NONE',  ( 0.000000000000000000, -1.000000000000000000, 0.000000000000000000 ) ) ;
#575 = FACE_OUTER_BOUND ( 'NONE', #865, .T. ) ;
#576 = EDGE_CURVE ( 'NONE', #1601, #542, #1752, .T. ) ;
#577 = CARTESIAN_POINT ( 'NONE',  ( 0.000000000000000000, 1.500000000000000444, -6.599999999999999645 ) ) ;
#578 = EDGE_CURVE ( 'NONE', #101, #477, #1773, .T. ) ;
#579 = DIRECTION ( 'NONE',  ( 0.000000000000000000, -1.000000000000000000, 0.000000000000000000 ) ) ;
#580 = CARTESIAN_POINT ( 'NONE',  ( 25.50000000000000355, 6.000000000000000000, -32.09999999999998721 ) ) ;
#581 = ORIENTED_EDGE ( 'NONE', *, *, #681, .F. ) ;
#582 = LINE ( 'NONE', #1352, #1702 ) ;
#583 = CARTESIAN_POINT ( 'NONE',  ( 20.09526249034444234, 0.000000000000000000, -33.74999999999999289 ) ) ;
#584 = VECTOR ( 'NONE', #1178, 1000.000000000000000 ) ;
#585 = CARTESIAN_POINT ( 'NONE',  ( 0.000000000000000000, 6.000000000000000000, -6.599999999999999645 ) ) ;
#586 = AXIS2_PLACEMENT_3D ( 'NONE', #1356, #340, #1226 ) ;
#587 = ORIENTED_EDGE ( 'NONE', *, *, #435, .T. ) ;
#588 = AXIS2_PLACEMENT_3D ( 'NONE', #1379, #933, #173 ) ;
#589 = FACE_OUTER_BOUND ( 'NONE', #1662, .T. ) ;
#590 = ORIENTED_EDGE ( 'NONE', *, *, #665, .T. ) ;
#591 = DIRECTION ( 'NONE',  ( 0.000000000000000000, -1.000000000000000000, 0.000000000000000000 ) ) ;
#592 = VECTOR ( 'NONE', #1553, 1000.000000000000000 ) ;
#593 = CARTESIAN_POINT ( 'NONE',  ( 101.5000000000000000, 0.000000000000000000, -30.49999999999998934 ) ) ;
#594 = VECTOR ( 'NONE', #1682, 1000.000000000000000 ) ;
#595 = CARTESIAN_POINT ( 'NONE',  ( 3.999999999999929834, 6.000000000000000000, -26.59999999999999787 ) ) ;
#596 = ORIENTED_EDGE ( 'NONE', *, *, #1690, .T. ) ;
#597 = CARTESIAN_POINT ( 'NONE',  ( 104.0000000000000000, 0.000000000000000000, 3.000000000000005329 ) ) ;
#598 = EDGE_LOOP ( 'NONE', ( #1942, #1851, #489, #997 ) ) ;
#599 = EDGE_CURVE ( 'NONE', #967, #561, #1917, .T. ) ;
#600 = EDGE_LOOP ( 'NONE', ( #229, #650 ) ) ;
#601 = CARTESIAN_POINT ( 'NONE',  ( 70.50000000000000000, 6.000000000000000000, -30.49999999999998579 ) ) ;
#602 = DIRECTION ( 'NONE',  ( 0.000000000000000000, 0.000000000000000000, -1.000000000000000000 ) ) ;
#603 = VERTEX_POINT ( 'NONE', #82 ) ;
#604 = LINE ( 'NONE', #441, #1483 ) ;
#605 = EDGE_CURVE ( 'NONE', #1233, #751, #1252, .T. ) ;
#606 = CARTESIAN_POINT ( 'NONE',  ( 40.99999999999841549, 0.000000000000000000, -28.99999999999317524 ) ) ;
#607 = ORIENTED_EDGE ( 'NONE', *, *, #1829, .F. ) ;
#608 = CARTESIAN_POINT ( 'NONE',  ( 6.999999999999999112, -8.499999999999998224, -2.000000000000000444 ) ) ;
#609 = ORIENTED_EDGE ( 'NONE', *, *, #1552, .T. ) ;
#610 = CARTESIAN_POINT ( 'NONE',  ( 3.999999999999965361, 0.000000000000000000, -12.00000000000000000 ) ) ;
#611 = DIRECTION ( 'NONE',  ( 0.000000000000000000, -1.000000000000000000, 0.000000000000000000 ) ) ;
#612 = ORIENTED_EDGE ( 'NONE', *, *, #194, .F. ) ;
#613 = EDGE_CURVE ( 'NONE', #48, #992, #569, .T. ) ;
#614 = CARTESIAN_POINT ( 'NONE',  ( 15.25403330758516951, 6.000000000000000000, 5.000000000000000000 ) ) ;
#615 = VECTOR ( 'NONE', #659, 1000.000000000000000 ) ;
#616 = DIRECTION ( 'NONE',  ( -0.000000000000000000, 1.000000000000000000, -0.000000000000000000 ) ) ;
#617 = ORIENTED_EDGE ( 'NONE', *, *, #1549, .F. ) ;
#618 = VECTOR ( 'NONE', #1158, 1000.000000000000000 ) ;
#619 = FACE_BOUND ( 'NONE', #1450, .T. ) ;
#620 = VERTEX_POINT ( 'NONE', #846 ) ;
#621 = DIRECTION ( 'NONE',  ( -0.000000000000000000, 1.000000000000000000, -0.000000000000000000 ) ) ;
#622 = DIRECTION ( 'NONE',  ( 0.000000000000000000, 0.000000000000000000, -1.000000000000000000 ) ) ;
#623 = CIRCLE ( 'NONE', #84, 1.600000000000004086 ) ;
#624 = ORIENTED_EDGE ( 'NONE', *, *, #1319, .T. ) ;
#625 = AXIS2_PLACEMENT_3D ( 'NONE', #1761, #1295, #1629 ) ;
#626 = LINE ( 'NONE', #30, #1873 ) ;
#627 = AXIS2_PLACEMENT_3D ( 'NONE', #1826, #1365, #1498 ) ;
#628 = CARTESIAN_POINT ( 'NONE',  ( 0.000000000000000000, 6.000000000000000000, 0.000000000000000000 ) ) ;
#629 = DIRECTION ( 'NONE',  ( -1.000000000000000000, 0.000000000000000000, 0.000000000000000000 ) ) ;
#630 = FACE_BOUND ( 'NONE', #1723, .T. ) ;
#631 = EDGE_LOOP ( 'NONE', ( #810, #1261, #901, #1620 ) ) ;
#632 = DIRECTION ( 'NONE',  ( -0.000000000000000000, 1.000000000000000000, -0.000000000000000000 ) ) ;
#633 = VERTEX_POINT ( 'NONE', #1161 ) ;
#634 = CARTESIAN_POINT ( 'NONE',  ( 101.5000000000000000, 6.000000000000000000, 2.100000000000013411 ) ) ;
#635 = CARTESIAN_POINT ( 'NONE',  ( 25.50000000000000355, 0.000000000000000000, -30.49999999999998579 ) ) ;
#636 = DIRECTION ( 'NONE',  ( 0.000000000000000000, -1.000000000000000000, 0.000000000000000000 ) ) ;
#637 = ADVANCED_FACE ( 'NONE', ( #97 ), #972, .F. ) ;
#638 = EDGE_LOOP ( 'NONE', ( #612, #733, #1966, #728 ) ) ;
#639 = FACE_OUTER_BOUND ( 'NONE', #480, .T. ) ;
#640 = VERTEX_POINT ( 'NONE', #1316 ) ;
#641 = FACE_OUTER_BOUND ( 'NONE', #598, .T. ) ;
#642 = FACE_BOUND ( 'NONE', #1630, .T. ) ;
#643 = ORIENTED_EDGE ( 'NONE', *, *, #129, .T. ) ;
#644 = DIRECTION ( 'NONE',  ( 0.000000000000000000, 0.000000000000000000, -1.000000000000000000 ) ) ;
#645 = CIRCLE ( 'NONE', #1896, 14.00000000000000000 ) ;
#646 = AXIS2_PLACEMENT_3D ( 'NONE', #781, #478, #1362 ) ;
#647 = ORIENTED_EDGE ( 'NONE', *, *, #599, .F. ) ;
#648 = EDGE_CURVE ( 'NONE', #1695, #1081, #1738, .T. ) ;
#649 = DIRECTION ( 'NONE',  ( -0.000000000000000000, -0.000000000000000000, 1.000000000000000000 ) ) ;
#650 = ORIENTED_EDGE ( 'NONE', *, *, #1799, .F. ) ;
#651 = CARTESIAN_POINT ( 'NONE',  ( 3.999999999999931610, 1.500000000000000444, -23.40000000000000213 ) ) ;
#652 = CIRCLE ( 'NONE', #1188, 3.000000000000002665 ) ;
#653 = EDGE_LOOP ( 'NONE', ( #272, #1593, #403, #847, #287, #905, #799, #188 ) ) ;
#654 = DIRECTION ( 'NONE',  ( 0.000000000000000000, -0.000000000000000000, 1.000000000000000000 ) ) ;
#655 = VECTOR ( 'NONE', #419, 1000.000000000000000 ) ;
#656 = ORIENTED_EDGE ( 'NONE', *, *, #333, .F. ) ;
#657 = EDGE_CURVE ( 'NONE', #640, #716, #1925, .T. ) ;
#658 = CARTESIAN_POINT ( 'NONE',  ( 0.000000000000000000, 6.000000000000000000, -30.00000000000000000 ) ) ;
#659 = DIRECTION ( 'NONE',  ( -1.000000000000000000, -0.000000000000000000, -0.000000000000000000 ) ) ;
#660 = ORIENTED_EDGE ( 'NONE', *, *, #413, .T. ) ;
#661 = DIRECTION ( 'NONE',  ( 0.000000000000000000, -1.000000000000000000, 0.000000000000000000 ) ) ;
#662 = CARTESIAN_POINT ( 'NONE',  ( 0.000000000000000000, 1.500000000000000444, 0.000000000000000000 ) ) ;
#663 = CARTESIAN_POINT ( 'NONE',  ( 6.999999999999963585, 0.000000000000000000, -18.00000000000000355 ) ) ;
#664 = LINE ( 'NONE', #1888, #1272 ) ;
#665 = EDGE_CURVE ( 'NONE', #1879, #1846, #853, .T. ) ;
#666 = ORIENTED_EDGE ( 'NONE', *, *, #393, .F. ) ;
#667 = CARTESIAN_POINT ( 'NONE',  ( 3.999999999999963585, -8.499999999999998224, -18.00000000000000355 ) ) ;
#668 = DIRECTION ( 'NONE',  ( 0.000000000000000000, 0.000000000000000000, 1.000000000000000000 ) ) ;
#669 = ORIENTED_EDGE ( 'NONE', *, *, #1003, .T. ) ;
#670 = DIRECTION ( 'NONE',  ( -1.000000000000000000, 0.000000000000000000, 2.891205793294677833E-16 ) ) ;
#671 = CARTESIAN_POINT ( 'NONE',  ( 101.5000000000000000, 6.000000000000000000, 2.100000000000013411 ) ) ;
#672 = CARTESIAN_POINT ( 'NONE',  ( 15.25403330758516951, 0.000000000000000000, -30.00000000000000000 ) ) ;
#673 = VERTEX_POINT ( 'NONE', #706 ) ;
#674 = ORIENTED_EDGE ( 'NONE', *, *, #129, .F. ) ;
#675 = LINE ( 'NONE', #1947, #1091 ) ;
#676 = AXIS2_PLACEMENT_3D ( 'NONE', #753, #307, #1194 ) ;
#677 = LINE ( 'NONE', #830, #1310 ) ;
#678 = ORIENTED_EDGE ( 'NONE', *, *, #1741, .T. ) ;
#679 = CIRCLE ( 'NONE', #646, 1.600000000000000755 ) ;
#680 =( LENGTH_UNIT ( ) NAMED_UNIT ( * ) SI_UNIT ( .MILLI., .METRE. ) );
#681 = EDGE_CURVE ( 'NONE', #1753, #778, #421, .T. ) ;
#682 = DIRECTION ( 'NONE',  ( 1.000000000000000000, 0.000000000000000000, 0.000000000000000000 ) ) ;
#683 = CARTESIAN_POINT ( 'NONE',  ( 0.000000000000000000, 0.000000000000000000, 0.000000000000000000 ) ) ;
#684 = EDGE_LOOP ( 'NONE', ( #1166, #780, #741, #787 ) ) ;
#685 = CIRCLE ( 'NONE', #1151, 14.00000000000000178 ) ;
#686 = ORIENTED_EDGE ( 'NONE', *, *, #613, .T. ) ;
#687 = VECTOR ( 'NONE', #1213, 1000.000000000000000 ) ;
#688 = FACE_OUTER_BOUND ( 'NONE', #1364, .T. ) ;
#689 = EDGE_CURVE ( 'NONE', #1509, #1173, #1007, .T. ) ;
#690 = ORIENTED_EDGE ( 'NONE', *, *, #939, .F. ) ;
#691 = LINE ( 'NONE', #567, #1676 ) ;
#692 = CARTESIAN_POINT ( 'NONE',  ( 4.000000000000000000, 6.000000000000000000, -3.399999999999999911 ) ) ;
#693 = DIRECTION ( 'NONE',  ( 0.000000000000000000, 0.000000000000000000, -1.000000000000000000 ) ) ;
#694 = EDGE_LOOP ( 'NONE', ( #323, #945, #894, #1165 ) ) ;
#695 = EDGE_CURVE ( 'NONE', #1103, #486, #265, .T. ) ;
#696 = DIRECTION ( 'NONE',  ( -1.445602896647339410E-16, 0.000000000000000000, -1.000000000000000000 ) ) ;
#697 = CARTESIAN_POINT ( 'NONE',  ( 6.999999999999964473, 0.000000000000000000, -12.00000000000000000 ) ) ;
#698 = DIRECTION ( 'NONE',  ( -0.000000000000000000, 1.000000000000000000, -0.000000000000000000 ) ) ;
#699 = EDGE_LOOP ( 'NONE', ( #1598, #1976, #1912, #1100 ) ) ;
#700 = CARTESIAN_POINT ( 'NONE',  ( 0.000000000000000000, 6.000000000000000000, 0.000000000000000000 ) ) ;
#701 = DIRECTION ( 'NONE',  ( 0.000000000000000000, -1.000000000000000000, 0.000000000000000000 ) ) ;
#702 = VERTEX_POINT ( 'NONE', #672 ) ;
#703 = DIRECTION ( 'NONE',  ( -0.000000000000000000, -0.000000000000000000, 1.000000000000000000 ) ) ;
#704 = DIRECTION ( 'NONE',  ( 0.000000000000000000, -1.000000000000000000, 0.000000000000000000 ) ) ;
#705 = VECTOR ( 'NONE', #1342, 1000.000000000000000 ) ;
#706 = CARTESIAN_POINT ( 'NONE',  ( 20.09526249034444234, 6.000000000000000000, 3.750000000000003997 ) ) ;
#707 = CYLINDRICAL_SURFACE ( 'NONE', #462, 1.599999999999997202 ) ;
#708 = AXIS2_PLACEMENT_3D ( 'NONE', #608, #95, #696 ) ;
#709 = ORIENTED_EDGE ( 'NONE', *, *, #271, .T. ) ;
#710 = AXIS2_PLACEMENT_3D ( 'NONE', #1683, #723, #315 ) ;
#711 = ORIENTED_EDGE ( 'NONE', *, *, #1551, .F. ) ;
#712 = EDGE_CURVE ( 'NONE', #139, #1798, #738, .T. ) ;
#713 = LINE ( 'NONE', #1324, #1322 ) ;
#714 = EDGE_CURVE ( 'NONE', #453, #867, #1906, .T. ) ;
#715 = CARTESIAN_POINT ( 'NONE',  ( 0.000000000000000000, 6.000000000000000000, -30.00000000000000000 ) ) ;
#716 = VERTEX_POINT ( 'NONE', #1480 ) ;
#717 = CARTESIAN_POINT ( 'NONE',  ( 6.999999999999998224, -8.499999999999998224, -8.000000000000000000 ) ) ;
#718 = EDGE_LOOP ( 'NONE', ( #1588, #60, #219, #795 ) ) ;
#719 = VERTEX_POINT ( 'NONE', #1508 ) ;
#720 = PLANE ( 'NONE',  #1774 ) ;
#721 = ORIENTED_EDGE ( 'NONE', *, *, #1185, .F. ) ;
#722 = LINE ( 'NONE', #1658, #687 ) ;
#723 = DIRECTION ( 'NONE',  ( 0.000000000000000000, -1.000000000000000000, 0.000000000000000000 ) ) ;
#724 = ORIENTED_EDGE ( 'NONE', *, *, #156, .F. ) ;
#725 = ORIENTED_EDGE ( 'NONE', *, *, #1522, .T. ) ;
#726 = FACE_OUTER_BOUND ( 'NONE', #1525, .T. ) ;
#727 = CARTESIAN_POINT ( 'NONE',  ( 25.50000000000000355, 6.000000000000000000, -30.49999999999998579 ) ) ;
#728 = ORIENTED_EDGE ( 'NONE', *, *, #220, .T. ) ;
#729 = AXIS2_PLACEMENT_3D ( 'NONE', #1884, #520, #1112 ) ;
#730 = CARTESIAN_POINT ( 'NONE',  ( 3.999999999999998224, 6.000000000000000000, -8.000000000000000000 ) ) ;
#731 = EDGE_CURVE ( 'NONE', #1035, #716, #966, .T. ) ;
#732 = LINE ( 'NONE', #21, #169 ) ;
#733 = ORIENTED_EDGE ( 'NONE', *, *, #1360, .T. ) ;
#734 = VECTOR ( 'NONE', #1717, 1000.000000000000000 ) ;
#735 = ORIENTED_EDGE ( 'NONE', *, *, #1714, .F. ) ;
#736 = AXIS2_PLACEMENT_3D ( 'NONE', #318, #1248, #644 ) ;
#737 = LINE ( 'NONE', #566, #1538 ) ;
#738 = CIRCLE ( 'NONE', #990, 1.599999999999997202 ) ;
#739 = DIRECTION ( 'NONE',  ( 0.000000000000000000, 0.000000000000000000, -1.000000000000000000 ) ) ;
#740 = EDGE_CURVE ( 'NONE', #238, #1404, #278, .T. ) ;
#741 = ORIENTED_EDGE ( 'NONE', *, *, #1522, .F. ) ;
#742 = AXIS2_PLACEMENT_3D ( 'NONE', #593, #1648, #602 ) ;
#743 = DIRECTION ( 'NONE',  ( -1.000000000000000000, -0.000000000000000000, -0.000000000000000000 ) ) ;
#744 = CARTESIAN_POINT ( 'NONE',  ( 3.999999999999965361, 1.500000000000000444, -16.60000000000000142 ) ) ;
#745 = ORIENTED_EDGE ( 'NONE', *, *, #1348, .F. ) ;
#746 = PLANE ( 'NONE',  #708 ) ;
#747 = VERTEX_POINT ( 'NONE', #1345 ) ;
#748 = EDGE_CURVE ( 'NONE', #1404, #42, #144, .T. ) ;
#749 = CARTESIAN_POINT ( 'NONE',  ( 3.999999999999998224, -8.499999999999998224, -8.000000000000000000 ) ) ;
#750 = FACE_OUTER_BOUND ( 'NONE', #137, .T. ) ;
#751 = VERTEX_POINT ( 'NONE', #1327 ) ;
#752 = CARTESIAN_POINT ( 'NONE',  ( 104.0000000000000000, 0.000000000000000000, 6.000000000000005329 ) ) ;
#753 = CARTESIAN_POINT ( 'NONE',  ( 86.00000000000000000, 6.000000000000000000, -14.99999999999999645 ) ) ;
#754 = EDGE_LOOP ( 'NONE', ( #745, #1299 ) ) ;
#755 = DIRECTION ( 'NONE',  ( 0.000000000000000000, 0.000000000000000000, 1.000000000000000000 ) ) ;
#756 = ORIENTED_EDGE ( 'NONE', *, *, #319, .T. ) ;
#757 = CARTESIAN_POINT ( 'NONE',  ( 0.000000000000000000, 1.500000000000000444, -3.400000000000000355 ) ) ;
#758 = CYLINDRICAL_SURFACE ( 'NONE', #797, 1.600000000000002087 ) ;
#759 = EDGE_LOOP ( 'NONE', ( #1536, #1801, #1001, #125 ) ) ;
#760 = CARTESIAN_POINT ( 'NONE',  ( 86.00000000000000000, 6.000000000000000000, -14.99999999999999645 ) ) ;
#761 = CIRCLE ( 'NONE', #46, 5.000000000000000000 ) ;
#762 = FACE_BOUND ( 'NONE', #434, .T. ) ;
#763 = LINE ( 'NONE', #1684, #1086 ) ;
#764 = VERTEX_POINT ( 'NONE', #752 ) ;
#765 = VECTOR ( 'NONE', #1313, 1000.000000000000000 ) ;
#766 = CYLINDRICAL_SURFACE ( 'NONE', #1385, 14.00000000000000000 ) ;
#767 = EDGE_LOOP ( 'NONE', ( #1857, #1594, #416, #1156 ) ) ;
#768 = CARTESIAN_POINT ( 'NONE',  ( -2.891205793294679312E-16, -0.000000000000000000, -1.999999999999999556 ) ) ;
#769 = CARTESIAN_POINT ( 'NONE',  ( 20.09526249034444234, 6.000000000000000000, -33.74999999999999289 ) ) ;
#770 = EDGE_LOOP ( 'NONE', ( #590, #1872, #827, #643 ) ) ;
#771 = ADVANCED_FACE ( 'NONE', ( #1670 ), #1020, .F. ) ;
#772 = AXIS2_PLACEMENT_3D ( 'NONE', #1660, #1527, #162 ) ;
#773 = EDGE_CURVE ( 'NONE', #1840, #747, #604, .T. ) ;
#774 = VECTOR ( 'NONE', #1094, 1000.000000000000000 ) ;
#775 = EDGE_CURVE ( 'NONE', #182, #429, #1061, .T. ) ;
#776 = FACE_BOUND ( 'NONE', #1877, .T. ) ;
#777 = DIRECTION ( 'NONE',  ( 0.000000000000000000, -1.000000000000000000, 0.000000000000000000 ) ) ;
#778 = VERTEX_POINT ( 'NONE', #595 ) ;
#779 = CARTESIAN_POINT ( 'NONE',  ( 3.999999999999931610, 6.000000000000000000, -22.00000000000000000 ) ) ;
#780 = ORIENTED_EDGE ( 'NONE', *, *, #855, .F. ) ;
#781 = CARTESIAN_POINT ( 'NONE',  ( 101.5000000000000000, 0.000000000000000000, -30.49999999999998934 ) ) ;
#782 = CARTESIAN_POINT ( 'NONE',  ( 0.000000000000000000, 6.000000000000000000, 0.000000000000000000 ) ) ;
#783 = ORIENTED_EDGE ( 'NONE', *, *, #1911, .F. ) ;
#784 = DIRECTION ( 'NONE',  ( 0.000000000000000000, -1.000000000000000000, 0.000000000000000000 ) ) ;
#785 = LINE ( 'NONE', #40, #22 ) ;
#786 =( NAMED_UNIT ( * ) SI_UNIT ( $, .STERADIAN. ) SOLID_ANGLE_UNIT ( ) );
#787 = ORIENTED_EDGE ( 'NONE', *, *, #502, .T. ) ;
#788 = PLANE ( 'NONE',  #1123 ) ;
#789 = EDGE_LOOP ( 'NONE', ( #1918, #973, #1253, #725 ) ) ;
#790 = LINE ( 'NONE', #1679, #1504 ) ;
#791 = CARTESIAN_POINT ( 'NONE',  ( 56.50000000000000000, 0.000000000000000000, -30.49999999999998579 ) ) ;
#792 = VERTEX_POINT ( 'NONE', #132 ) ;
#793 = DIRECTION ( 'NONE',  ( 0.000000000000000000, 0.000000000000000000, -1.000000000000000000 ) ) ;
#794 = EDGE_CURVE ( 'NONE', #1494, #1280, #652, .T. ) ;
#795 = ORIENTED_EDGE ( 'NONE', *, *, #1690, .F. ) ;
#796 = DIRECTION ( 'NONE',  ( 0.000000000000000000, -1.000000000000000000, 0.000000000000000000 ) ) ;
#797 = AXIS2_PLACEMENT_3D ( 'NONE', #1557, #1102, #1232 ) ;
#798 = VECTOR ( 'NONE', #402, 1000.000000000000000 ) ;
#799 = ORIENTED_EDGE ( 'NONE', *, *, #998, .T. ) ;
#800 = DIRECTION ( 'NONE',  ( -1.445602896647339163E-16, 0.000000000000000000, -1.000000000000000000 ) ) ;
#801 = CARTESIAN_POINT ( 'NONE',  ( 15.25403330758516951, 6.000000000000000000, 5.000000000000000000 ) ) ;
#802 = ORIENTED_EDGE ( 'NONE', *, *, #1700, .F. ) ;
#803 = EDGE_CURVE ( 'NONE', #1268, #563, #127, .T. ) ;
#804 = VECTOR ( 'NONE', #407, 1000.000000000000000 ) ;
#805 = EDGE_CURVE ( 'NONE', #620, #1317, #1418, .T. ) ;
#806 = CARTESIAN_POINT ( 'NONE',  ( 0.000000000000000000, 6.000000000000000000, 0.000000000000000000 ) ) ;
#807 = DIRECTION ( 'NONE',  ( 0.000000000000000000, 0.000000000000000000, -1.000000000000000000 ) ) ;
#808 = AXIS2_PLACEMENT_3D ( 'NONE', #760, #784, #1867 ) ;
#809 = VECTOR ( 'NONE', #476, 1000.000000000000000 ) ;
#810 = ORIENTED_EDGE ( 'NONE', *, *, #657, .F. ) ;
#811 = CARTESIAN_POINT ( 'NONE',  ( 20.00000000000000355, 6.000000000000000000, -36.00000000000000000 ) ) ;
#812 = ADVANCED_FACE ( 'NONE', ( #1793 ), #1951, .F. ) ;
#813 = LINE ( 'NONE', #384, #1278 ) ;
#814 = ORIENTED_EDGE ( 'NONE', *, *, #522, .T. ) ;
#815 = FACE_OUTER_BOUND ( 'NONE', #1948, .T. ) ;
#816 = CARTESIAN_POINT ( 'NONE',  ( 23.00000000000000355, 6.000000000000000000, -32.99999999999999289 ) ) ;
#817 = PLANE ( 'NONE',  #240 ) ;
#818 = DIRECTION ( 'NONE',  ( -1.084202172485504434E-16, 0.000000000000000000, 1.000000000000000000 ) ) ;
#819 = ORIENTED_EDGE ( 'NONE', *, *, #1657, .F. ) ;
#820 = ORIENTED_EDGE ( 'NONE', *, *, #1212, .T. ) ;
#821 = CARTESIAN_POINT ( 'NONE',  ( 20.00000000000000355, 6.000000000000000000, 6.000000000000005329 ) ) ;
#822 = DIRECTION ( 'NONE',  ( 0.000000000000000000, -1.000000000000000000, 0.000000000000000000 ) ) ;
#823 = ORIENTED_EDGE ( 'NONE', *, *, #521, .F. ) ;
#824 = CYLINDRICAL_SURFACE ( 'NONE', #1795, 1.600000000000004086 ) ;
#825 = DIRECTION ( 'NONE',  ( -0.000000000000000000, 1.000000000000000000, -0.000000000000000000 ) ) ;
#826 = DIRECTION ( 'NONE',  ( 1.000000000000000000, 0.000000000000000000, 0.000000000000000000 ) ) ;
#827 = ORIENTED_EDGE ( 'NONE', *, *, #1597, .T. ) ;
#828 = ORIENTED_EDGE ( 'NONE', *, *, #1568, .F. ) ;
#829 = AXIS2_PLACEMENT_3D ( 'NONE', #1650, #866, #1765 ) ;
#830 = CARTESIAN_POINT ( 'NONE',  ( 6.999999999999929834, -8.499999999999998224, -28.00000000000000000 ) ) ;
#831 = ORIENTED_EDGE ( 'NONE', *, *, #605, .F. ) ;
#832 = CIRCLE ( 'NONE', #1959, 1.600000000000004086 ) ;
#833 = CARTESIAN_POINT ( 'NONE',  ( 101.5000000000000000, 6.000000000000000000, 0.5000000000000089928 ) ) ;
#834 = SURFACE_STYLE_FILL_AREA ( #1599 ) ;
#835 = CARTESIAN_POINT ( 'NONE',  ( 3.999999999999931610, 6.000000000000000000, -22.00000000000000000 ) ) ;
#836 = EDGE_CURVE ( 'NONE', #280, #101, #1642, .T. ) ;
#837 = EDGE_LOOP ( 'NONE', ( #1258, #1047 ) ) ;
#838 = VECTOR ( 'NONE', #1567, 1000.000000000000000 ) ;
#839 = ORIENTED_EDGE ( 'NONE', *, *, #887, .F. ) ;
#840 = AXIS2_PLACEMENT_3D ( 'NONE', #1751, #1743, #379 ) ;
#841 = DIRECTION ( 'NONE',  ( 0.000000000000000000, 0.000000000000000000, -1.000000000000000000 ) ) ;
#842 = DIRECTION ( 'NONE',  ( -1.000000000000000000, 0.000000000000000000, 2.891205793294677833E-16 ) ) ;
#843 = CYLINDRICAL_SURFACE ( 'NONE', #329, 14.00000000000000000 ) ;
#844 = LINE ( 'NONE', #225, #471 ) ;
#845 = EDGE_LOOP ( 'NONE', ( #1810, #186, #317, #1126 ) ) ;
#846 = CARTESIAN_POINT ( 'NONE',  ( 56.50000000000000000, 6.000000000000000000, -1.099999999999992983 ) ) ;
#847 = ORIENTED_EDGE ( 'NONE', *, *, #502, .F. ) ;
#848 = CARTESIAN_POINT ( 'NONE',  ( 6.999999999999999112, -0.000000000000000000, -2.000000000000000444 ) ) ;
#849 = EDGE_LOOP ( 'NONE', ( #1869, #336, #1195, #12 ) ) ;
#850 = CARTESIAN_POINT ( 'NONE',  ( 4.000000000000000888, -0.000000000000000000, -1.156482317317871725E-15 ) ) ;
#851 = PLANE ( 'NONE',  #1383 ) ;
#852 = ORIENTED_EDGE ( 'NONE', *, *, #1721, .F. ) ;
#853 = LINE ( 'NONE', #1469, #869 ) ;
#854 = ORIENTED_EDGE ( 'NONE', *, *, #878, .F. ) ;
#855 = EDGE_CURVE ( 'NONE', #792, #879, #459, .T. ) ;
#856 = DIRECTION ( 'NONE',  ( 0.000000000000000000, -1.000000000000000000, 0.000000000000000000 ) ) ;
#857 = ORIENTED_EDGE ( 'NONE', *, *, #1850, .T. ) ;
#858 = EDGE_CURVE ( 'NONE', #1641, #1103, #722, .T. ) ;
#859 = DIRECTION ( 'NONE',  ( 1.000000000000000000, 0.000000000000000000, 0.000000000000000000 ) ) ;
#860 = VECTOR ( 'NONE', #1680, 1000.000000000000000 ) ;
#861 = DIRECTION ( 'NONE',  ( 0.000000000000000000, 0.000000000000000000, -1.000000000000000000 ) ) ;
#862 = FACE_OUTER_BOUND ( 'NONE', #1656, .T. ) ;
#863 = VECTOR ( 'NONE', #701, 1000.000000000000000 ) ;
#864 = CARTESIAN_POINT ( 'NONE',  ( 0.000000000000000000, 0.000000000000000000, -18.00000000000000355 ) ) ;
#865 = EDGE_LOOP ( 'NONE', ( #1215, #422, #1442, #228 ) ) ;
#866 = DIRECTION ( 'NONE',  ( 0.000000000000000000, -1.000000000000000000, 0.000000000000000000 ) ) ;
#867 = VERTEX_POINT ( 'NONE', #285 ) ;
#868 = AXIS2_PLACEMENT_3D ( 'NONE', #1304, #226, #237 ) ;
#869 = VECTOR ( 'NONE', #682, 1000.000000000000000 ) ;
#870 = APPLICATION_CONTEXT ( 'automotive_design' ) ;
#871 = DIRECTION ( 'NONE',  ( 1.000000000000000000, 0.000000000000000000, -0.000000000000000000 ) ) ;
#872 = DIRECTION ( 'NONE',  ( 0.000000000000000000, 0.000000000000000000, -1.000000000000000000 ) ) ;
#873 = ORIENTED_EDGE ( 'NONE', *, *, #498, .T. ) ;
#874 = LINE ( 'NONE', #1307, #798 ) ;
#875 = ORIENTED_EDGE ( 'NONE', *, *, #956, .F. ) ;
#876 = DIRECTION ( 'NONE',  ( 0.000000000000000000, -1.000000000000000000, 0.000000000000000000 ) ) ;
#877 = DIRECTION ( 'NONE',  ( 0.000000000000000000, 0.000000000000000000, 1.000000000000000000 ) ) ;
#878 = EDGE_CURVE ( 'NONE', #633, #1713, #880, .T. ) ;
#879 = VERTEX_POINT ( 'NONE', #585 ) ;
#880 = LINE ( 'NONE', #293, #564 ) ;
#881 = ORIENTED_EDGE ( 'NONE', *, *, #1664, .F. ) ;
#882 = CARTESIAN_POINT ( 'NONE',  ( 3.999999999999965361, 1.500000000000000444, -13.40000000000000036 ) ) ;
#883 = ORIENTED_EDGE ( 'NONE', *, *, #1811, .T. ) ;
#884 = ORIENTED_EDGE ( 'NONE', *, *, #1736, .F. ) ;
#885 = CARTESIAN_POINT ( 'NONE',  ( 3.999999999999931610, 6.000000000000000000, -22.00000000000000000 ) ) ;
#886 = LINE ( 'NONE', #1016, #1875 ) ;
#887 = EDGE_CURVE ( 'NONE', #792, #1601, #1837, .T. ) ;
#888 = ORIENTED_EDGE ( 'NONE', *, *, #200, .F. ) ;
#889 = VECTOR ( 'NONE', #632, 1000.000000000000000 ) ;
#890 = DIRECTION ( 'NONE',  ( 0.000000000000000000, 0.000000000000000000, -1.000000000000000000 ) ) ;
#891 = AXIS2_PLACEMENT_3D ( 'NONE', #1485, #1928, #1645 ) ;
#892 = VERTEX_POINT ( 'NONE', #1180 ) ;
#893 = PLANE ( 'NONE',  #1832 ) ;
#894 = ORIENTED_EDGE ( 'NONE', *, *, #1127, .T. ) ;
#895 = EDGE_CURVE ( 'NONE', #238, #1777, #314, .T. ) ;
#896 = FACE_OUTER_BOUND ( 'NONE', #759, .T. ) ;
#897 = AXIS2_PLACEMENT_3D ( 'NONE', #954, #43, #1841 ) ;
#898 = CARTESIAN_POINT ( 'NONE',  ( 0.000000000000000000, 0.000000000000000000, -28.00000000000000000 ) ) ;
#899 = VECTOR ( 'NONE', #71, 1000.000000000000000 ) ;
#900 = CARTESIAN_POINT ( 'NONE',  ( 3.999999999999965361, 6.000000000000000000, -13.40000000000000036 ) ) ;
#901 = ORIENTED_EDGE ( 'NONE', *, *, #1337, .T. ) ;
#902 = AXIS2_PLACEMENT_3D ( 'NONE', #1491, #1975, #1814 ) ;
#903 = DIRECTION ( 'NONE',  ( 0.000000000000000000, -1.000000000000000000, 0.000000000000000000 ) ) ;
#904 = DIRECTION ( 'NONE',  ( 0.000000000000000000, 0.000000000000000000, 1.000000000000000000 ) ) ;
#905 = ORIENTED_EDGE ( 'NONE', *, *, #181, .T. ) ;
#906 = DIRECTION ( 'NONE',  ( 0.000000000000000000, -1.000000000000000000, 0.000000000000000000 ) ) ;
#907 = EDGE_CURVE ( 'NONE', #673, #64, #626, .T. ) ;
#908 = VERTEX_POINT ( 'NONE', #1104 ) ;
#909 = CARTESIAN_POINT ( 'NONE',  ( 25.50000000000000355, 6.000000000000000000, 2.100000000000007194 ) ) ;
#910 = VERTEX_POINT ( 'NONE', #202 ) ;
#911 = CARTESIAN_POINT ( 'NONE',  ( 86.00000000000000000, 6.000000000000000000, -0.9999999999999956701 ) ) ;
#912 = ORIENTED_EDGE ( 'NONE', *, *, #948, .T. ) ;
#913 = CARTESIAN_POINT ( 'NONE',  ( 3.999999999999963585, 6.000000000000000000, -18.00000000000000355 ) ) ;
#914 = ADVANCED_FACE ( 'NONE', ( #641 ), #1234, .F. ) ;
#915 = ORIENTED_EDGE ( 'NONE', *, *, #836, .F. ) ;
#916 = EDGE_CURVE ( 'NONE', #1501, #1753, #357, .T. ) ;
#917 = FACE_OUTER_BOUND ( 'NONE', #109, .T. ) ;
#918 = CYLINDRICAL_SURFACE ( 'NONE', #528, 4.999999999999997335 ) ;
#919 = ORIENTED_EDGE ( 'NONE', *, *, #1190, .T. ) ;
#920 = AXIS2_PLACEMENT_3D ( 'NONE', #1149, #986, #1607 ) ;
#921 = CARTESIAN_POINT ( 'NONE',  ( 4.000000000000000000, 1.500000000000000444, -6.599999999999999645 ) ) ;
#922 = DIRECTION ( 'NONE',  ( 0.000000000000000000, 0.000000000000000000, -1.000000000000000000 ) ) ;
#923 = VERTEX_POINT ( 'NONE', #1564 ) ;
#924 = CIRCLE ( 'NONE', #81, 1.600000000000002087 ) ;
#925 = LINE ( 'NONE', #1218, #1580 ) ;
#926 = EDGE_LOOP ( 'NONE', ( #1361, #1118, #1558, #105 ) ) ;
#927 = DIRECTION ( 'NONE',  ( 0.000000000000000000, 0.000000000000000000, -1.000000000000000000 ) ) ;
#928 = FACE_OUTER_BOUND ( 'NONE', #767, .T. ) ;
#929 = ORIENTED_EDGE ( 'NONE', *, *, #962, .F. ) ;
#930 = ORIENTED_EDGE ( 'NONE', *, *, #1148, .F. ) ;
#931 = COLOUR_RGB ( '',0.7921568627450980005, 0.8196078431372548767, 0.9333333333333333481 ) ;
#932 = CARTESIAN_POINT ( 'NONE',  ( 4.000000000000000000, 1.500000000000000444, -3.399999999999999911 ) ) ;
#933 = DIRECTION ( 'NONE',  ( -0.000000000000000000, 1.000000000000000000, -0.000000000000000000 ) ) ;
#934 = LINE ( 'NONE', #1880, #1287 ) ;
#935 = ORIENTED_EDGE ( 'NONE', *, *, #1308, .F. ) ;
#936 = CARTESIAN_POINT ( 'NONE',  ( 0.000000000000000000, 0.000000000000000000, 0.000000000000000000 ) ) ;
#937 = LINE ( 'NONE', #1251, #1926 ) ;
#938 = ORIENTED_EDGE ( 'NONE', *, *, #1784, .T. ) ;
#939 = EDGE_CURVE ( 'NONE', #7, #1338, #337, .T. ) ;
#940 = ADVANCED_FACE ( 'NONE', ( #1074 ), #490, .F. ) ;
#941 = CARTESIAN_POINT ( 'NONE',  ( 104.0000000000000000, 6.000000000000000000, 3.000000000000005329 ) ) ;
#942 = SHAPE_DEFINITION_REPRESENTATION ( #1952, #1739 ) ;
#943 = VERTEX_POINT ( 'NONE', #481 ) ;
#944 = DIRECTION ( 'NONE',  ( -1.000000000000000000, 0.000000000000000000, -0.000000000000000000 ) ) ;
#945 = ORIENTED_EDGE ( 'NONE', *, *, #1403, .F. ) ;
#946 = FACE_OUTER_BOUND ( 'NONE', #345, .T. ) ;
#947 = CARTESIAN_POINT ( 'NONE',  ( 40.99999999999841549, 6.000000000000000000, -28.99999999999317524 ) ) ;
#948 = EDGE_CURVE ( 'NONE', #289, #1584, #1027, .T. ) ;
#949 = CARTESIAN_POINT ( 'NONE',  ( 3.999999999999929834, -8.499999999999998224, -28.00000000000000000 ) ) ;
#950 = LINE ( 'NONE', #1263, #341 ) ;
#951 = CIRCLE ( 'NONE', #1794, 1.600000000000002087 ) ;
#952 = APPLICATION_PROTOCOL_DEFINITION ( 'draft international standard', 'automotive_design', 1998, #1135 ) ;
#953 = VERTEX_POINT ( 'NONE', #1131 ) ;
#954 = CARTESIAN_POINT ( 'NONE',  ( 101.5000000000000000, 6.000000000000000000, -30.49999999999998934 ) ) ;
#955 = AXIS2_PLACEMENT_3D ( 'NONE', #242, #231, #841 ) ;
#956 = EDGE_CURVE ( 'NONE', #1881, #1890, #1320, .T. ) ;
#957 = AXIS2_PLACEMENT_3D ( 'NONE', #1944, #1961, #861 ) ;
#958 = VERTEX_POINT ( 'NONE', #671 ) ;
#959 = LINE ( 'NONE', #423, #1964 ) ;
#960 = PLANE ( 'NONE',  #1762 ) ;
#961 = ORIENTED_EDGE ( 'NONE', *, *, #858, .T. ) ;
#962 = EDGE_CURVE ( 'NONE', #1468, #1230, #691, .T. ) ;
#963 = DIRECTION ( 'NONE',  ( 0.000000000000000000, -1.000000000000000000, 0.000000000000000000 ) ) ;
#964 = VECTOR ( 'NONE', #504, 1000.000000000000000 ) ;
#965 = DIRECTION ( 'NONE',  ( 0.000000000000000000, -1.000000000000000000, 0.000000000000000000 ) ) ;
#966 = CIRCLE ( 'NONE', #1290, 1.600000000000004086 ) ;
#967 = VERTEX_POINT ( 'NONE', #247 ) ;
#968 = DIRECTION ( 'NONE',  ( 1.000000000000000000, -0.000000000000000000, 0.000000000000000000 ) ) ;
#969 = EDGE_LOOP ( 'NONE', ( #1792, #1037, #1805, #442 ) ) ;
#970 = PLANE ( 'NONE',  #245 ) ;
#971 = EDGE_CURVE ( 'NONE', #1317, #620, #1807, .T. ) ;
#972 = PLANE ( 'NONE',  #1482 ) ;
#973 = ORIENTED_EDGE ( 'NONE', *, *, #576, .T. ) ;
#974 = ORIENTED_EDGE ( 'NONE', *, *, #1825, .T. ) ;
#975 = FACE_OUTER_BOUND ( 'NONE', #845, .T. ) ;
#976 = ORIENTED_EDGE ( 'NONE', *, *, #1305, .T. ) ;
#977 = ADVANCED_FACE ( 'NONE', ( #1908 ), #970, .F. ) ;
#978 = CARTESIAN_POINT ( 'NONE',  ( 23.00000000000000355, 6.000000000000000000, -36.00000000000000000 ) ) ;
#979 = EDGE_CURVE ( 'NONE', #375, #1140, #844, .T. ) ;
#980 = DIRECTION ( 'NONE',  ( -0.000000000000000000, -0.000000000000000000, 1.000000000000000000 ) ) ;
#981 = ORIENTED_EDGE ( 'NONE', *, *, #1672, .F. ) ;
#982 = VECTOR ( 'NONE', #547, 1000.000000000000000 ) ;
#983 = CIRCLE ( 'NONE', #531, 1.600000000000000755 ) ;
#984 = DIRECTION ( 'NONE',  ( -0.000000000000000000, 1.000000000000000000, -0.000000000000000000 ) ) ;
#985 = CARTESIAN_POINT ( 'NONE',  ( 104.0000000000000000, 6.000000000000000000, 6.000000000000005329 ) ) ;
#986 = DIRECTION ( 'NONE',  ( 0.000000000000000000, -1.000000000000000000, 0.000000000000000000 ) ) ;
#987 = DIRECTION ( 'NONE',  ( 2.891205793294678326E-16, -0.000000000000000000, 1.000000000000000000 ) ) ;
#988 = DIRECTION ( 'NONE',  ( 0.000000000000000000, -1.000000000000000000, 0.000000000000000000 ) ) ;
#989 = VECTOR ( 'NONE', #980, 1000.000000000000000 ) ;
#990 = AXIS2_PLACEMENT_3D ( 'NONE', #1274, #1124, #1519 ) ;
#991 = DIRECTION ( 'NONE',  ( -0.000000000000000000, 1.000000000000000000, -0.000000000000000000 ) ) ;
#992 = VERTEX_POINT ( 'NONE', #1271 ) ;
#993 = VECTOR ( 'NONE', #447, 1000.000000000000000 ) ;
#994 = DIRECTION ( 'NONE',  ( -0.000000000000000000, 1.000000000000000000, -0.000000000000000000 ) ) ;
#995 = FACE_OUTER_BOUND ( 'NONE', #512, .T. ) ;
#996 = LINE ( 'NONE', #104, #277 ) ;
#997 = ORIENTED_EDGE ( 'NONE', *, *, #1817, .F. ) ;
#998 = EDGE_CURVE ( 'NONE', #550, #1173, #1579, .T. ) ;
#999 = DIRECTION ( 'NONE',  ( -0.000000000000000000, 1.000000000000000000, -0.000000000000000000 ) ) ;
#1000 = CARTESIAN_POINT ( 'NONE',  ( 0.000000000000000000, 0.000000000000000000, 0.000000000000000000 ) ) ;
#1001 = ORIENTED_EDGE ( 'NONE', *, *, #333, .T. ) ;
#1002 = LINE ( 'NONE', #427, #804 ) ;
#1003 = EDGE_CURVE ( 'NONE', #1008, #1233, #176, .T. ) ;
#1004 = CARTESIAN_POINT ( 'NONE',  ( 70.50000000000000000, 6.000000000000000000, 2.100000000000010747 ) ) ;
#1005 = DIRECTION ( 'NONE',  ( 0.000000000000000000, 0.000000000000000000, -1.000000000000000000 ) ) ;
#1006 = ORIENTED_EDGE ( 'NONE', *, *, #456, .T. ) ;
#1007 = LINE ( 'NONE', #540, #57 ) ;
#1008 = VERTEX_POINT ( 'NONE', #978 ) ;
#1009 = LINE ( 'NONE', #667, #1221 ) ;
#1010 = DIRECTION ( 'NONE',  ( 0.000000000000000000, -1.000000000000000000, 0.000000000000000000 ) ) ;
#1011 = EDGE_LOOP ( 'NONE', ( #112, #1430 ) ) ;
#1012 = EDGE_CURVE ( 'NONE', #1695, #289, #1428, .T. ) ;
#1013 = VERTEX_POINT ( 'NONE', #1301 ) ;
#1014 = PLANE ( 'NONE',  #1933 ) ;
#1015 = VECTOR ( 'NONE', #622, 1000.000000000000000 ) ;
#1016 = CARTESIAN_POINT ( 'NONE',  ( 6.999999999999930722, -8.499999999999998224, -22.00000000000000355 ) ) ;
#1017 = EDGE_CURVE ( 'NONE', #64, #1701, #1546, .T. ) ;
#1018 = CIRCLE ( 'NONE', #80, 1.600000000000000755 ) ;
#1019 = ORIENTED_EDGE ( 'NONE', *, *, #1089, .F. ) ;
#1020 = PLANE ( 'NONE',  #627 ) ;
#1021 = ORIENTED_EDGE ( 'NONE', *, *, #1597, .F. ) ;
#1022 = FACE_OUTER_BOUND ( 'NONE', #718, .T. ) ;
#1023 = DIRECTION ( 'NONE',  ( 0.000000000000000000, 0.000000000000000000, -1.000000000000000000 ) ) ;
#1024 = ORIENTED_EDGE ( 'NONE', *, *, #1612, .F. ) ;
#1025 = AXIS2_PLACEMENT_3D ( 'NONE', #175, #1570, #654 ) ;
#1026 = ORIENTED_EDGE ( 'NONE', *, *, #1853, .T. ) ;
#1027 = CIRCLE ( 'NONE', #440, 1.600000000000000755 ) ;
#1028 = DIRECTION ( 'NONE',  ( 0.000000000000000000, 0.000000000000000000, 1.000000000000000000 ) ) ;
#1029 = CARTESIAN_POINT ( 'NONE',  ( 4.000000000000000000, 1.500000000000000444, -3.399999999999999911 ) ) ;
#1030 = ORIENTED_EDGE ( 'NONE', *, *, #939, .T. ) ;
#1031 = DIRECTION ( 'NONE',  ( 0.000000000000000000, -1.000000000000000000, 0.000000000000000000 ) ) ;
#1032 = VERTEX_POINT ( 'NONE', #78 ) ;
#1033 = MANIFOLD_SOLID_BREP ( 'Ô²½Ç2', #19 ) ;
#1034 = CARTESIAN_POINT ( 'NONE',  ( 23.00000000000000355, 6.000000000000000000, 6.000000000000005329 ) ) ;
#1035 = VERTEX_POINT ( 'NONE', #1759 ) ;
#1036 = EDGE_CURVE ( 'NONE', #1460, #1120, #398, .T. ) ;
#1037 = ORIENTED_EDGE ( 'NONE', *, *, #1331, .T. ) ;
#1038 = DIRECTION ( 'NONE',  ( 1.000000000000000000, 0.000000000000000000, -1.445602896647339903E-16 ) ) ;
#1039 = CYLINDRICAL_SURFACE ( 'NONE', #1514, 1.600000000000004086 ) ;
#1040 = VERTEX_POINT ( 'NONE', #410 ) ;
#1041 = EDGE_CURVE ( 'NONE', #1816, #1824, #996, .T. ) ;
#1042 = ADVANCED_FACE ( 'NONE', ( #1654 ), #1039, .F. ) ;
#1043 = CARTESIAN_POINT ( 'NONE',  ( 3.999999999999965361, 6.000000000000000000, -12.00000000000000000 ) ) ;
#1044 = EDGE_CURVE ( 'NONE', #1713, #1824, #406, .T. ) ;
#1045 = DIRECTION ( 'NONE',  ( 0.000000000000000000, 0.000000000000000000, -1.000000000000000000 ) ) ;
#1046 = CYLINDRICAL_SURFACE ( 'NONE', #676, 14.00000000000000178 ) ;
#1047 = ORIENTED_EDGE ( 'NONE', *, *, #1898, .T. ) ;
#1048 = EDGE_LOOP ( 'NONE', ( #1972, #1920 ) ) ;
#1049 = DIRECTION ( 'NONE',  ( -0.000000000000000000, 1.000000000000000000, -0.000000000000000000 ) ) ;
#1050 = CARTESIAN_POINT ( 'NONE',  ( -6.860497997771532825E-14, 1.500000000000000444, -23.40000000000000213 ) ) ;
#1051 = EDGE_LOOP ( 'NONE', ( #1073, #212 ) ) ;
#1052 = AXIS2_PLACEMENT_3D ( 'NONE', #1562, #198, #1547 ) ;
#1053 = DIRECTION ( 'NONE',  ( 0.000000000000000000, 0.000000000000000000, 1.000000000000000000 ) ) ;
#1054 = AXIS2_PLACEMENT_3D ( 'NONE', #1844, #27, #1855 ) ;
#1055 = DIRECTION ( 'NONE',  ( 0.000000000000000000, 0.000000000000000000, 1.000000000000000000 ) ) ;
#1056 = ORIENTED_EDGE ( 'NONE', *, *, #657, .T. ) ;
#1057 = CARTESIAN_POINT ( 'NONE',  ( 56.50000000000000000, 6.000000000000000000, -28.89999999999998792 ) ) ;
#1058 = VECTOR ( 'NONE', #703, 1000.000000000000000 ) ;
#1059 = ORIENTED_EDGE ( 'NONE', *, *, #1850, .F. ) ;
#1060 = VECTOR ( 'NONE', #1611, 1000.000000000000000 ) ;
#1061 = CIRCLE ( 'NONE', #305, 1.600000000000002087 ) ;
#1062 = LINE ( 'NONE', #782, #860 ) ;
#1063 = ORIENTED_EDGE ( 'NONE', *, *, #1526, .F. ) ;
#1064 = DIRECTION ( 'NONE',  ( -0.000000000000000000, -0.000000000000000000, 1.000000000000000000 ) ) ;
#1065 = ADVANCED_FACE ( 'NONE', ( #750 ), #720, .F. ) ;
#1066 = EDGE_CURVE ( 'NONE', #1652, #550, #1823, .T. ) ;
#1067 = CARTESIAN_POINT ( 'NONE',  ( 3.999999999999965361, 1.500000000000000444, -13.40000000000000036 ) ) ;
#1068 = EDGE_CURVE ( 'NONE', #312, #484, #408, .T. ) ;
#1069 = ORIENTED_EDGE ( 'NONE', *, *, #1963, .T. ) ;
#1070 = ORIENTED_EDGE ( 'NONE', *, *, #458, .F. ) ;
#1071 = FACE_OUTER_BOUND ( 'NONE', #1431, .T. ) ;
#1072 = LINE ( 'NONE', #488, #107 ) ;
#1073 = ORIENTED_EDGE ( 'NONE', *, *, #648, .T. ) ;
#1074 = FACE_OUTER_BOUND ( 'NONE', #789, .T. ) ;
#1075 = DIRECTION ( 'NONE',  ( -0.000000000000000000, -0.000000000000000000, 1.000000000000000000 ) ) ;
#1076 = CARTESIAN_POINT ( 'NONE',  ( 25.50000000000000355, 0.000000000000000000, 0.5000000000000055511 ) ) ;
#1077 = FACE_BOUND ( 'NONE', #600, .T. ) ;
#1078 = ORIENTED_EDGE ( 'NONE', *, *, #1825, .F. ) ;
#1079 = DIRECTION ( 'NONE',  ( 1.445602896647338917E-16, 0.000000000000000000, 1.000000000000000000 ) ) ;
#1080 = LINE ( 'NONE', #1395, #889 ) ;
#1081 = VERTEX_POINT ( 'NONE', #1517 ) ;
#1082 = CIRCLE ( 'NONE', #955, 1.600000000000005418 ) ;
#1083 = CIRCLE ( 'NONE', #891, 14.00000000000000000 ) ;
#1084 = LINE ( 'NONE', #1704, #1608 ) ;
#1085 = FACE_OUTER_BOUND ( 'NONE', #68, .T. ) ;
#1086 = VECTOR ( 'NONE', #483, 1000.000000000000000 ) ;
#1087 = FACE_OUTER_BOUND ( 'NONE', #770, .T. ) ;
#1088 = VERTEX_POINT ( 'NONE', #1363 ) ;
#1089 = EDGE_CURVE ( 'NONE', #26, #1890, #6, .T. ) ;
#1090 = DIRECTION ( 'NONE',  ( -1.000000000000000000, -0.000000000000000000, -0.000000000000000000 ) ) ;
#1091 = VECTOR ( 'NONE', #1595, 1000.000000000000000 ) ;
#1092 = VERTEX_POINT ( 'NONE', #131 ) ;
#1093 = VECTOR ( 'NONE', #1722, 1000.000000000000000 ) ;
#1094 = DIRECTION ( 'NONE',  ( 1.445602896647339410E-16, 0.000000000000000000, 1.000000000000000000 ) ) ;
#1095 = VECTOR ( 'NONE', #743, 1000.000000000000000 ) ;
#1096 = DIRECTION ( 'NONE',  ( 0.000000000000000000, -1.000000000000000000, 0.000000000000000000 ) ) ;
#1097 = EDGE_LOOP ( 'NONE', ( #814, #1561, #414, #1238 ) ) ;
#1098 = CARTESIAN_POINT ( 'NONE',  ( 0.000000000000000000, 1.500000000000000444, -3.400000000000000355 ) ) ;
#1099 = ADVANCED_FACE ( 'NONE', ( #1353 ), #291, .F. ) ;
#1100 = ORIENTED_EDGE ( 'NONE', *, *, #50, .T. ) ;
#1101 = EDGE_CURVE ( 'NONE', #1140, #719, #886, .T. ) ;
#1102 = DIRECTION ( 'NONE',  ( 0.000000000000000000, -1.000000000000000000, 0.000000000000000000 ) ) ;
#1103 = VERTEX_POINT ( 'NONE', #1478 ) ;
#1104 = CARTESIAN_POINT ( 'NONE',  ( 23.00000000000000355, 0.000000000000000000, 6.000000000000005329 ) ) ;
#1105 = EDGE_CURVE ( 'NONE', #563, #1092, #1962, .T. ) ;
#1106 = FACE_OUTER_BOUND ( 'NONE', #653, .T. ) ;
#1107 = PRODUCT_CONTEXT ( 'NONE', #870, 'mechanical' ) ;
#1108 = FACE_OUTER_BOUND ( 'NONE', #1646, .T. ) ;
#1109 = ORIENTED_EDGE ( 'NONE', *, *, #1360, .F. ) ;
#1110 = CARTESIAN_POINT ( 'NONE',  ( 6.999999999999998224, 6.000000000000000000, -8.000000000000000000 ) ) ;
#1111 = ORIENTED_EDGE ( 'NONE', *, *, #568, .F. ) ;
#1112 = DIRECTION ( 'NONE',  ( 0.000000000000000000, 0.000000000000000000, -1.000000000000000000 ) ) ;
#1113 = ADVANCED_FACE ( 'NONE', ( #1668 ), #1506, .T. ) ;
#1114 = DIRECTION ( 'NONE',  ( 0.000000000000000000, -1.000000000000000000, 0.000000000000000000 ) ) ;
#1115 = ORIENTED_EDGE ( 'NONE', *, *, #500, .F. ) ;
#1116 = CIRCLE ( 'NONE', #266, 4.999999999999997335 ) ;
#1117 = VECTOR ( 'NONE', #1623, 1000.000000000000000 ) ;
#1118 = ORIENTED_EDGE ( 'NONE', *, *, #181, .F. ) ;
#1119 = DIRECTION ( 'NONE',  ( -2.891205793294678819E-16, 0.000000000000000000, -1.000000000000000000 ) ) ;
#1120 = VERTEX_POINT ( 'NONE', #900 ) ;
#1121 = AXIS2_PLACEMENT_3D ( 'NONE', #1563, #1521, #1921 ) ;
#1122 =( NAMED_UNIT ( * ) SI_UNIT ( $, .STERADIAN. ) SOLID_ANGLE_UNIT ( ) );
#1123 = AXIS2_PLACEMENT_3D ( 'NONE', #1694, #1328, #517 ) ;
#1124 = DIRECTION ( 'NONE',  ( 0.000000000000000000, -1.000000000000000000, 0.000000000000000000 ) ) ;
#1125 = VECTOR ( 'NONE', #558, 1000.000000000000000 ) ;
#1126 = ORIENTED_EDGE ( 'NONE', *, *, #385, .F. ) ;
#1127 = EDGE_CURVE ( 'NONE', #365, #312, #126, .T. ) ;
#1128 = EDGE_LOOP ( 'NONE', ( #195, #1750, #1059, #1820 ) ) ;
#1129 = DIRECTION ( 'NONE',  ( -1.000000000000000000, 0.000000000000000000, 1.156482317317871922E-15 ) ) ;
#1130 = PLANE ( 'NONE',  #1121 ) ;
#1131 = CARTESIAN_POINT ( 'NONE',  ( 70.50000000000000000, 0.000000000000000000, -1.099999999999999867 ) ) ;
#1132 = DIRECTION ( 'NONE',  ( 1.000000000000000000, 0.000000000000000000, 1.084202172485504434E-16 ) ) ;
#1133 = ORIENTED_EDGE ( 'NONE', *, *, #1526, .T. ) ;
#1134 = EDGE_LOOP ( 'NONE', ( #1929, #660, #1746, #1766 ) ) ;
#1135 = APPLICATION_CONTEXT ( 'automotive_design' ) ;
#1136 = ADVANCED_FACE ( 'NONE', ( #575 ), #1627, .F. ) ;
#1137 = LINE ( 'NONE', #1358, #1183 ) ;
#1138 = FACE_OUTER_BOUND ( 'NONE', #631, .T. ) ;
#1139 = DIRECTION ( 'NONE',  ( 0.000000000000000000, -1.000000000000000000, 0.000000000000000000 ) ) ;
#1140 = VERTEX_POINT ( 'NONE', #262 ) ;
#1141 = LINE ( 'NONE', #1615, #1311 ) ;
#1142 = VERTEX_POINT ( 'NONE', #283 ) ;
#1143 = CIRCLE ( 'NONE', #1211, 1.599999999999998535 ) ;
#1144 = AXIS2_PLACEMENT_3D ( 'NONE', #1809, #856, #1023 ) ;
#1145 = DIRECTION ( 'NONE',  ( -0.000000000000000000, 1.000000000000000000, -0.000000000000000000 ) ) ;
#1146 = ADVANCED_FACE ( 'NONE', ( #862 ), #1496, .F. ) ;
#1147 = CARTESIAN_POINT ( 'NONE',  ( 104.0000000000000000, 6.000000000000000000, 6.000000000000005329 ) ) ;
#1148 = EDGE_CURVE ( 'NONE', #42, #1224, #439, .T. ) ;
#1149 = CARTESIAN_POINT ( 'NONE',  ( 70.50000000000000000, 6.000000000000000000, -30.49999999999998579 ) ) ;
#1150 = EDGE_LOOP ( 'NONE', ( #721, #168, #354, #493 ) ) ;
#1151 = AXIS2_PLACEMENT_3D ( 'NONE', #1205, #299, #1932 ) ;
#1152 = CARTESIAN_POINT ( 'NONE',  ( 23.00000000000000355, 6.000000000000000000, 3.000000000000005329 ) ) ;
#1153 = VERTEX_POINT ( 'NONE', #583 ) ;
#1154 = VECTOR ( 'NONE', #1419, 1000.000000000000000 ) ;
#1155 = VECTOR ( 'NONE', #1448, 1000.000000000000000 ) ;
#1156 = ORIENTED_EDGE ( 'NONE', *, *, #543, .F. ) ;
#1157 = DIRECTION ( 'NONE',  ( 0.000000000000000000, -1.000000000000000000, 0.000000000000000000 ) ) ;
#1158 = DIRECTION ( 'NONE',  ( 1.000000000000000000, 0.000000000000000000, -1.156482317317871725E-15 ) ) ;
#1159 = DIRECTION ( 'NONE',  ( -0.000000000000000000, 1.000000000000000000, -0.000000000000000000 ) ) ;
#1160 = EDGE_LOOP ( 'NONE', ( #297, #378, #820, #1293 ) ) ;
#1161 = CARTESIAN_POINT ( 'NONE',  ( 101.5000000000000000, 6.000000000000000000, -32.09999999999998721 ) ) ;
#1162 = EDGE_CURVE ( 'NONE', #542, #426, #1803, .T. ) ;
#1163 = ORIENTED_EDGE ( 'NONE', *, *, #1319, .F. ) ;
#1164 = DIRECTION ( 'NONE',  ( -0.000000000000000000, 1.000000000000000000, -0.000000000000000000 ) ) ;
#1165 = ORIENTED_EDGE ( 'NONE', *, *, #1068, .T. ) ;
#1166 = ORIENTED_EDGE ( 'NONE', *, *, #1911, .T. ) ;
#1167 = DIRECTION ( 'NONE',  ( -0.000000000000000000, 1.000000000000000000, -0.000000000000000000 ) ) ;
#1168 = CARTESIAN_POINT ( 'NONE',  ( 56.50000000000000000, 6.000000000000000000, 0.5000000000000055511 ) ) ;
#1169 = DIRECTION ( 'NONE',  ( 0.000000000000000000, -1.000000000000000000, 0.000000000000000000 ) ) ;
#1170 = CARTESIAN_POINT ( 'NONE',  ( 70.50000000000000000, 0.000000000000000000, -30.49999999999998579 ) ) ;
#1171 = EDGE_CURVE ( 'NONE', #1173, #1413, #1072, .T. ) ;
#1172 = FACE_OUTER_BOUND ( 'NONE', #420, .T. ) ;
#1173 = VERTEX_POINT ( 'NONE', #1406 ) ;
#1174 = CIRCLE ( 'NONE', #1955, 3.000000000000000000 ) ;
#1175 = EDGE_LOOP ( 'NONE', ( #875, #1210 ) ) ;
#1176 = CIRCLE ( 'NONE', #559, 1.600000000000000755 ) ;
#1177 = PLANE ( 'NONE',  #1834 ) ;
#1178 = DIRECTION ( 'NONE',  ( 2.891205793294678326E-16, -0.000000000000000000, 1.000000000000000000 ) ) ;
#1179 = CIRCLE ( 'NONE', #332, 1.599999999999998535 ) ;
#1180 = CARTESIAN_POINT ( 'NONE',  ( 3.999999999999931610, 6.000000000000000000, -23.40000000000000213 ) ) ;
#1181 = FACE_OUTER_BOUND ( 'NONE', #457, .T. ) ;
#1182 = CYLINDRICAL_SURFACE ( 'NONE', #829, 3.000000000000002665 ) ;
#1183 = VECTOR ( 'NONE', #906, 1000.000000000000000 ) ;
#1184 = ORIENTED_EDGE ( 'NONE', *, *, #916, .F. ) ;
#1185 = EDGE_CURVE ( 'NONE', #1889, #429, #1699, .T. ) ;
#1186 = VECTOR ( 'NONE', #800, 1000.000000000000000 ) ;
#1187 = ADVANCED_FACE ( 'NONE', ( #639 ), #758, .F. ) ;
#1188 = AXIS2_PLACEMENT_3D ( 'NONE', #1946, #1977, #1493 ) ;
#1189 = EDGE_CURVE ( 'NONE', #1777, #1413, #1080, .T. ) ;
#1190 = EDGE_CURVE ( 'NONE', #778, #1783, #187, .T. ) ;
#1191 = CARTESIAN_POINT ( 'NONE',  ( 107.0000000000000000, 6.000000000000000000, 3.000000000000006217 ) ) ;
#1192 = DIRECTION ( 'NONE',  ( -1.000000000000000000, 0.000000000000000000, -0.000000000000000000 ) ) ;
#1193 = DIRECTION ( 'NONE',  ( -0.000000000000000000, -0.000000000000000000, 1.000000000000000000 ) ) ;
#1194 = DIRECTION ( 'NONE',  ( 0.000000000000000000, 0.000000000000000000, -1.000000000000000000 ) ) ;
#1195 = ORIENTED_EDGE ( 'NONE', *, *, #543, .T. ) ;
#1196 = ORIENTED_EDGE ( 'NONE', *, *, #1273, .F. ) ;
#1197 = EDGE_CURVE ( 'NONE', #486, #1032, #1535, .T. ) ;
#1198 = CARTESIAN_POINT ( 'NONE',  ( 6.999999999999930722, -8.499999999999998224, -22.00000000000000355 ) ) ;
#1199 = DIRECTION ( 'NONE',  ( 1.000000000000000000, 0.000000000000000000, 1.084202172485504434E-16 ) ) ;
#1200 = ORIENTED_EDGE ( 'NONE', *, *, #1012, .F. ) ;
#1201 = DIRECTION ( 'NONE',  ( 0.000000000000000000, -1.000000000000000000, 0.000000000000000000 ) ) ;
#1202 = ORIENTED_EDGE ( 'NONE', *, *, #695, .T. ) ;
#1203 = CARTESIAN_POINT ( 'NONE',  ( 40.99999999999841549, 0.000000000000000000, -0.9999999999931730166 ) ) ;
#1204 = ORIENTED_EDGE ( 'NONE', *, *, #740, .T. ) ;
#1205 = CARTESIAN_POINT ( 'NONE',  ( 86.00000000000000000, 0.000000000000000000, -14.99999999999999645 ) ) ;
#1206 = EDGE_LOOP ( 'NONE', ( #1202, #445, #1470, #1901 ) ) ;
#1207 = LINE ( 'NONE', #749, #1637 ) ;
#1208 = LINE ( 'NONE', #479, #396 ) ;
#1209 = EDGE_CURVE ( 'NONE', #1277, #142, #1503, .T. ) ;
#1210 = ORIENTED_EDGE ( 'NONE', *, *, #1741, .F. ) ;
#1211 = AXIS2_PLACEMENT_3D ( 'NONE', #511, #1719, #322 ) ;
#1212 = EDGE_CURVE ( 'NONE', #1088, #1529, #937, .T. ) ;
#1213 = DIRECTION ( 'NONE',  ( -2.891205793294677833E-16, 0.000000000000000000, -1.000000000000000000 ) ) ;
#1214 = VECTOR ( 'NONE', #310, 1000.000000000000000 ) ;
#1215 = ORIENTED_EDGE ( 'NONE', *, *, #1666, .T. ) ;
#1216 = DIRECTION ( 'NONE',  ( 0.000000000000000000, -1.000000000000000000, 0.000000000000000000 ) ) ;
#1217 = ORIENTED_EDGE ( 'NONE', *, *, #1714, .T. ) ;
#1218 = CARTESIAN_POINT ( 'NONE',  ( 104.0000000000000000, 6.000000000000000000, -36.00000000000000000 ) ) ;
#1219 = VECTOR ( 'NONE', #1724, 1000.000000000000000 ) ;
#1220 = EDGE_LOOP ( 'NONE', ( #436, #1357, #1949, #690 ) ) ;
#1221 = VECTOR ( 'NONE', #66, 1000.000000000000000 ) ;
#1222 = DIRECTION ( 'NONE',  ( -1.000000000000000000, 0.000000000000000000, 1.445602896647339903E-16 ) ) ;
#1223 = CARTESIAN_POINT ( 'NONE',  ( 3.999999999999998224, 6.000000000000000000, -6.599999999999999645 ) ) ;
#1224 = VERTEX_POINT ( 'NONE', #1223 ) ;
#1225 = LINE ( 'NONE', #921, #1709 ) ;
#1226 = DIRECTION ( 'NONE',  ( 0.000000000000000000, 0.000000000000000000, -1.000000000000000000 ) ) ;
#1227 = ORIENTED_EDGE ( 'NONE', *, *, #156, .T. ) ;
#1228 = FACE_BOUND ( 'NONE', #1175, .T. ) ;
#1229 = PRODUCT ( 'j4_2', 'j4_2', '', ( #1107 ) ) ;
#1230 = VERTEX_POINT ( 'NONE', #1241 ) ;
#1231 = LINE ( 'NONE', #898, #1214 ) ;
#1232 = DIRECTION ( 'NONE',  ( 0.000000000000000000, 0.000000000000000000, -1.000000000000000000 ) ) ;
#1233 = VERTEX_POINT ( 'NONE', #769 ) ;
#1234 = CYLINDRICAL_SURFACE ( 'NONE', #808, 14.00000000000000178 ) ;
#1235 = CARTESIAN_POINT ( 'NONE',  ( 101.5000000000000000, 6.000000000000000000, -30.49999999999998934 ) ) ;
#1236 = DIRECTION ( 'NONE',  ( 0.000000000000000000, -1.000000000000000000, 0.000000000000000000 ) ) ;
#1237 = ADVANCED_FACE ( 'NONE', ( #928 ), #1864, .F. ) ;
#1238 = ORIENTED_EDGE ( 'NONE', *, *, #803, .T. ) ;
#1239 = PLANE ( 'NONE',  #473 ) ;
#1240 = EDGE_LOOP ( 'NONE', ( #1638, #331, #609, #468 ) ) ;
#1241 = CARTESIAN_POINT ( 'NONE',  ( 6.999999999999964473, 6.000000000000000000, -12.00000000000000000 ) ) ;
#1242 = ORIENTED_EDGE ( 'NONE', *, *, #775, .F. ) ;
#1243 = VECTOR ( 'NONE', #1090, 1000.000000000000000 ) ;
#1244 = ORIENTED_EDGE ( 'NONE', *, *, #1606, .F. ) ;
#1245 = VECTOR ( 'NONE', #1647, 1000.000000000000000 ) ;
#1246 = PLANE ( 'NONE',  #1806 ) ;
#1247 = CARTESIAN_POINT ( 'NONE',  ( 0.000000000000000000, 6.000000000000000000, -30.00000000000000000 ) ) ;
#1248 = DIRECTION ( 'NONE',  ( 0.000000000000000000, -1.000000000000000000, 0.000000000000000000 ) ) ;
#1249 = ORIENTED_EDGE ( 'NONE', *, *, #1612, .T. ) ;
#1250 = EDGE_CURVE ( 'NONE', #603, #17, #1143, .T. ) ;
#1251 = CARTESIAN_POINT ( 'NONE',  ( 107.0000000000000000, 6.000000000000000000, 6.000000000000005329 ) ) ;
#1252 = CIRCLE ( 'NONE', #404, 4.999999999999997335 ) ;
#1253 = ORIENTED_EDGE ( 'NONE', *, *, #1162, .T. ) ;
#1254 = VECTOR ( 'NONE', #1286, 1000.000000000000000 ) ;
#1255 = AXIS2_PLACEMENT_3D ( 'NONE', #1945, #141, #301 ) ;
#1256 = DIRECTION ( 'NONE',  ( 0.000000000000000000, 0.000000000000000000, -1.000000000000000000 ) ) ;
#1257 = FACE_BOUND ( 'NONE', #1786, .T. ) ;
#1258 = ORIENTED_EDGE ( 'NONE', *, *, #1403, .T. ) ;
#1259 = FACE_OUTER_BOUND ( 'NONE', #638, .T. ) ;
#1260 = DIRECTION ( 'NONE',  ( 0.000000000000000000, 0.000000000000000000, -1.000000000000000000 ) ) ;
#1261 = ORIENTED_EDGE ( 'NONE', *, *, #1510, .F. ) ;
#1262 = DIRECTION ( 'NONE',  ( 0.000000000000000000, 0.000000000000000000, -1.000000000000000000 ) ) ;
#1263 = CARTESIAN_POINT ( 'NONE',  ( 20.09526249034444234, 6.000000000000000000, -33.74999999999999289 ) ) ;
#1264 = ORIENTED_EDGE ( 'NONE', *, *, #435, .F. ) ;
#1265 = ORIENTED_EDGE ( 'NONE', *, *, #1422, .F. ) ;
#1266 = CARTESIAN_POINT ( 'NONE',  ( 70.50000000000000000, 0.000000000000000000, 0.5000000000000055511 ) ) ;
#1267 = CARTESIAN_POINT ( 'NONE',  ( 3.999999999999963585, 6.000000000000000000, -18.00000000000000355 ) ) ;
#1268 = VERTEX_POINT ( 'NONE', #355 ) ;
#1269 = DIRECTION ( 'NONE',  ( 2.891205793294677833E-16, 0.000000000000000000, 1.000000000000000000 ) ) ;
#1270 = ADVANCED_FACE ( 'NONE', ( #946 ), #1845, .F. ) ;
#1271 = CARTESIAN_POINT ( 'NONE',  ( 23.00000000000000355, 6.000000000000000000, 6.000000000000005329 ) ) ;
#1272 = VECTOR ( 'NONE', #1411, 1000.000000000000000 ) ;
#1273 = EDGE_CURVE ( 'NONE', #1142, #673, #761, .T. ) ;
#1274 = CARTESIAN_POINT ( 'NONE',  ( 56.50000000000000000, 6.000000000000000000, -30.49999999999998579 ) ) ;
#1275 = AXIS2_PLACEMENT_3D ( 'NONE', #377, #968, #1930 ) ;
#1276 = APPLICATION_PROTOCOL_DEFINITION ( 'draft international standard', 'automotive_design', 1998, #870 ) ;
#1277 = VERTEX_POINT ( 'NONE', #58 ) ;
#1278 = VECTOR ( 'NONE', #822, 1000.000000000000000 ) ;
#1279 = VECTOR ( 'NONE', #616, 1000.000000000000000 ) ;
#1280 = VERTEX_POINT ( 'NONE', #1415 ) ;
#1281 = LINE ( 'NONE', #527, #1186 ) ;
#1282 = LINE ( 'NONE', #252, #1697 ) ;
#1283 = ORIENTED_EDGE ( 'NONE', *, *, #1614, .F. ) ;
#1284 = LINE ( 'NONE', #1907, #430 ) ;
#1285 = VECTOR ( 'NONE', #1560, 1000.000000000000000 ) ;
#1286 = DIRECTION ( 'NONE',  ( 0.000000000000000000, -1.000000000000000000, 0.000000000000000000 ) ) ;
#1287 = VECTOR ( 'NONE', #1412, 1000.000000000000000 ) ;
#1288 = CARTESIAN_POINT ( 'NONE',  ( 3.999999999999931610, 1.500000000000000444, -26.59999999999999787 ) ) ;
#1289 = CARTESIAN_POINT ( 'NONE',  ( 70.50000000000000000, 0.000000000000000000, -30.49999999999998579 ) ) ;
#1290 = AXIS2_PLACEMENT_3D ( 'NONE', #1170, #1649, #1053 ) ;
#1291 = ORIENTED_EDGE ( 'NONE', *, *, #1829, .T. ) ;
#1292 = DIRECTION ( 'NONE',  ( 1.000000000000000000, 0.000000000000000000, -1.445602896647338917E-16 ) ) ;
#1293 = ORIENTED_EDGE ( 'NONE', *, *, #1447, .T. ) ;
#1294 = DIRECTION ( 'NONE',  ( -0.000000000000000000, 0.000000000000000000, 1.000000000000000000 ) ) ;
#1295 = DIRECTION ( 'NONE',  ( 1.156482317317871922E-15, 0.000000000000000000, 1.000000000000000000 ) ) ;
#1296 = ORIENTED_EDGE ( 'NONE', *, *, #1636, .T. ) ;
#1297 = EDGE_CURVE ( 'NONE', #892, #561, #1208, .T. ) ;
#1298 = CARTESIAN_POINT ( 'NONE',  ( 70.50000000000000000, 0.000000000000000000, 0.5000000000000055511 ) ) ;
#1299 = ORIENTED_EDGE ( 'NONE', *, *, #1209, .F. ) ;
#1300 = CARTESIAN_POINT ( 'NONE',  ( 86.00000000000000000, 6.000000000000000000, -28.99999999999999645 ) ) ;
#1301 = CARTESIAN_POINT ( 'NONE',  ( 3.999999999999998224, 0.000000000000000000, -8.000000000000000000 ) ) ;
#1302 = EDGE_LOOP ( 'NONE', ( #1323, #475, #573, #1434 ) ) ;
#1303 = ADVANCED_FACE ( 'NONE', ( #1688 ), #918, .F. ) ;
#1304 = CARTESIAN_POINT ( 'NONE',  ( 25.50000000000000355, 6.000000000000000000, -30.49999999999998579 ) ) ;
#1305 = EDGE_CURVE ( 'NONE', #1652, #1479, #1062, .T. ) ;
#1306 = ORIENTED_EDGE ( 'NONE', *, *, #1913, .T. ) ;
#1307 = CARTESIAN_POINT ( 'NONE',  ( 0.000000000000000000, 0.000000000000000000, -8.000000000000000000 ) ) ;
#1308 = EDGE_CURVE ( 'NONE', #26, #382, #645, .T. ) ;
#1309 = ORIENTED_EDGE ( 'NONE', *, *, #472, .T. ) ;
#1310 = VECTOR ( 'NONE', #1903, 1000.000000000000000 ) ;
#1311 = VECTOR ( 'NONE', #250, 1000.000000000000000 ) ;
#1312 = CARTESIAN_POINT ( 'NONE',  ( 25.50000000000000355, 6.000000000000000000, -1.099999999999996314 ) ) ;
#1313 = DIRECTION ( 'NONE',  ( -1.000000000000000000, -0.000000000000000000, -0.000000000000000000 ) ) ;
#1314 = DIRECTION ( 'NONE',  ( 0.000000000000000000, 0.000000000000000000, 1.000000000000000000 ) ) ;
#1315 = CIRCLE ( 'NONE', #1938, 1.600000000000004086 ) ;
#1316 = CARTESIAN_POINT ( 'NONE',  ( 70.50000000000000000, 6.000000000000000000, -28.89999999999998082 ) ) ;
#1317 = VERTEX_POINT ( 'NONE', #1441 ) ;
#1318 = VECTOR ( 'NONE', #1899, 1000.000000000000000 ) ;
#1319 = EDGE_CURVE ( 'NONE', #1088, #1426, #363, .T. ) ;
#1320 = CIRCLE ( 'NONE', #25, 14.00000000000000000 ) ;
#1321 = ORIENTED_EDGE ( 'NONE', *, *, #157, .F. ) ;
#1322 = VECTOR ( 'NONE', #1167, 1000.000000000000000 ) ;
#1323 = ORIENTED_EDGE ( 'NONE', *, *, #1359, .F. ) ;
#1324 = CARTESIAN_POINT ( 'NONE',  ( -6.860497997771532825E-14, 1.500000000000000444, -26.59999999999999787 ) ) ;
#1325 = DIRECTION ( 'NONE',  ( 1.000000000000000000, 0.000000000000000000, 0.000000000000000000 ) ) ;
#1326 = CARTESIAN_POINT ( 'NONE',  ( 0.000000000000000000, 6.000000000000000000, -3.400000000000000355 ) ) ;
#1327 = CARTESIAN_POINT ( 'NONE',  ( 15.25403330758516951, 6.000000000000000000, -30.00000000000000000 ) ) ;
#1328 = DIRECTION ( 'NONE',  ( 0.000000000000000000, -1.000000000000000000, 0.000000000000000000 ) ) ;
#1329 = CARTESIAN_POINT ( 'NONE',  ( 3.999999999999931610, 1.500000000000000444, -26.59999999999999787 ) ) ;
#1330 = ORIENTED_EDGE ( 'NONE', *, *, #1331, .F. ) ;
#1331 = EDGE_CURVE ( 'NONE', #1701, #1142, #1433, .T. ) ;
#1332 = ORIENTED_EDGE ( 'NONE', *, *, #458, .T. ) ;
#1333 = CARTESIAN_POINT ( 'NONE',  ( 56.50000000000000000, 6.000000000000000000, 2.100000000000003642 ) ) ;
#1334 = CARTESIAN_POINT ( 'NONE',  ( 4.000000000000000000, -8.499999999999998224, -2.000000000000000000 ) ) ;
#1335 = DIRECTION ( 'NONE',  ( 0.000000000000000000, 0.000000000000000000, -1.000000000000000000 ) ) ;
#1336 = ORIENTED_EDGE ( 'NONE', *, *, #1366, .F. ) ;
#1337 = EDGE_CURVE ( 'NONE', #1440, #1035, #85, .T. ) ;
#1338 = VERTEX_POINT ( 'NONE', #1749 ) ;
#1339 = CIRCLE ( 'NONE', #133, 1.600000000000004086 ) ;
#1340 = VECTOR ( 'NONE', #1119, 1000.000000000000000 ) ;
#1341 = AXIS2_PLACEMENT_3D ( 'NONE', #597, #1236, #153 ) ;
#1342 = DIRECTION ( 'NONE',  ( -1.000000000000000000, -0.000000000000000000, -0.000000000000000000 ) ) ;
#1343 = CARTESIAN_POINT ( 'NONE',  ( 101.5000000000000000, 6.000000000000000000, 0.5000000000000089928 ) ) ;
#1344 = ORIENTED_EDGE ( 'NONE', *, *, #568, .T. ) ;
#1345 = CARTESIAN_POINT ( 'NONE',  ( 86.00000000000000000, 0.000000000000000000, -0.9999999999999956701 ) ) ;
#1346 = DIRECTION ( 'NONE',  ( 0.000000000000000000, 0.000000000000000000, 1.000000000000000000 ) ) ;
#1347 = EDGE_LOOP ( 'NONE', ( #1321, #1056, #44, #264 ) ) ;
#1348 = EDGE_CURVE ( 'NONE', #142, #1277, #197, .T. ) ;
#1349 = VECTOR ( 'NONE', #987, 1000.000000000000000 ) ;
#1350 = EDGE_LOOP ( 'NONE', ( #1763, #1812 ) ) ;
#1351 = PRESENTATION_LAYER_ASSIGNMENT (  '', '', ( #1842 ) ) ;
#1352 = CARTESIAN_POINT ( 'NONE',  ( -3.430248998885766412E-14, 1.500000000000000444, -16.60000000000000142 ) ) ;
#1353 = FACE_OUTER_BOUND ( 'NONE', #1134, .T. ) ;
#1354 = ORIENTED_EDGE ( 'NONE', *, *, #836, .T. ) ;
#1355 = CARTESIAN_POINT ( 'NONE',  ( 70.50000000000000000, 6.000000000000000000, 0.5000000000000055511 ) ) ;
#1356 = CARTESIAN_POINT ( 'NONE',  ( 25.50000000000000355, 6.000000000000000000, -30.49999999999998579 ) ) ;
#1357 = ORIENTED_EDGE ( 'NONE', *, *, #1366, .T. ) ;
#1358 = CARTESIAN_POINT ( 'NONE',  ( 56.50000000000000000, 6.000000000000000000, -28.89999999999998792 ) ) ;
#1359 = EDGE_CURVE ( 'NONE', #1140, #967, #1617, .T. ) ;
#1360 = EDGE_CURVE ( 'NONE', #923, #1008, #1282, .T. ) ;
#1361 = ORIENTED_EDGE ( 'NONE', *, *, #1066, .T. ) ;
#1362 = DIRECTION ( 'NONE',  ( 0.000000000000000000, 0.000000000000000000, -1.000000000000000000 ) ) ;
#1363 = CARTESIAN_POINT ( 'NONE',  ( 107.0000000000000000, 6.000000000000000000, -32.99999999999997868 ) ) ;
#1364 = EDGE_LOOP ( 'NONE', ( #1249, #551, #1006, #1572 ) ) ;
#1365 = DIRECTION ( 'NONE',  ( 0.000000000000000000, 0.000000000000000000, -1.000000000000000000 ) ) ;
#1366 = EDGE_CURVE ( 'NONE', #375, #910, #677, .T. ) ;
#1367 = CARTESIAN_POINT ( 'NONE',  ( 3.999999999999965361, 1.500000000000000444, -16.60000000000000142 ) ) ;
#1368 = ORIENTED_EDGE ( 'NONE', *, *, #878, .T. ) ;
#1369 = DIRECTION ( 'NONE',  ( 0.000000000000000000, 0.000000000000000000, -1.000000000000000000 ) ) ;
#1370 = ORIENTED_EDGE ( 'NONE', *, *, #1089, .T. ) ;
#1371 = LINE ( 'NONE', #1533, #366 ) ;
#1372 = DIRECTION ( 'NONE',  ( -0.000000000000000000, 1.000000000000000000, -0.000000000000000000 ) ) ;
#1373 = ORIENTED_EDGE ( 'NONE', *, *, #1700, .T. ) ;
#1374 = VECTOR ( 'NONE', #1372, 1000.000000000000000 ) ;
#1375 = EDGE_CURVE ( 'NONE', #147, #182, #813, .T. ) ;
#1376 = ADVANCED_FACE ( 'NONE', ( #975 ), #1767, .F. ) ;
#1377 = CARTESIAN_POINT ( 'NONE',  ( 3.999999999999931610, 1.500000000000000444, -23.40000000000000213 ) ) ;
#1378 = VECTOR ( 'NONE', #1392, 1000.000000000000000 ) ;
#1379 = CARTESIAN_POINT ( 'NONE',  ( 104.0000000000000000, 6.000000000000000000, 3.000000000000005329 ) ) ;
#1380 = ADVANCED_FACE ( 'NONE', ( #688 ), #960, .F. ) ;
#1381 = ORIENTED_EDGE ( 'NONE', *, *, #1760, .F. ) ;
#1382 = CARTESIAN_POINT ( 'NONE',  ( 40.99999999999841549, 6.000000000000000000, -14.99999999999317346 ) ) ;
#1383 = AXIS2_PLACEMENT_3D ( 'NONE', #1625, #4, #859 ) ;
#1384 = ORIENTED_EDGE ( 'NONE', *, *, #1375, .F. ) ;
#1385 = AXIS2_PLACEMENT_3D ( 'NONE', #1382, #796, #1369 ) ;
#1386 = CYLINDRICAL_SURFACE ( 'NONE', #496, 1.600000000000005418 ) ;
#1387 = VECTOR ( 'NONE', #1064, 1000.000000000000000 ) ;
#1388 = DIRECTION ( 'NONE',  ( 0.000000000000000000, -1.000000000000000000, 0.000000000000000000 ) ) ;
#1389 = EDGE_LOOP ( 'NONE', ( #831, #1264, #128, #1610 ) ) ;
#1390 = EDGE_CURVE ( 'NONE', #867, #453, #1082, .T. ) ;
#1391 = DIRECTION ( 'NONE',  ( -1.000000000000000000, -0.000000000000000000, -0.000000000000000000 ) ) ;
#1392 = DIRECTION ( 'NONE',  ( 0.000000000000000000, -1.000000000000000000, 0.000000000000000000 ) ) ;
#1393 = CARTESIAN_POINT ( 'NONE',  ( 6.999999999999998224, 0.000000000000000000, -8.000000000000000000 ) ) ;
#1394 = ORIENTED_EDGE ( 'NONE', *, *, #605, .T. ) ;
#1395 = CARTESIAN_POINT ( 'NONE',  ( 6.999999999999999112, -8.499999999999998224, -2.000000000000000444 ) ) ;
#1396 = ORIENTED_EDGE ( 'NONE', *, *, #1401, .F. ) ;
#1397 = EDGE_CURVE ( 'NONE', #1509, #1013, #1755, .T. ) ;
#1398 = DIRECTION ( 'NONE',  ( 0.000000000000000000, 0.000000000000000000, -1.000000000000000000 ) ) ;
#1399 = CARTESIAN_POINT ( 'NONE',  ( 6.999999999999964473, 6.000000000000000000, -12.00000000000000000 ) ) ;
#1400 = FACE_OUTER_BOUND ( 'NONE', #1220, .T. ) ;
#1401 = EDGE_CURVE ( 'NONE', #910, #1338, #1574, .T. ) ;
#1402 = EDGE_CURVE ( 'NONE', #702, #1153, #1116, .T. ) ;
#1403 = EDGE_CURVE ( 'NONE', #365, #958, #1635, .T. ) ;
#1404 = VERTEX_POINT ( 'NONE', #1110 ) ;
#1405 = LINE ( 'NONE', #768, #330 ) ;
#1406 = CARTESIAN_POINT ( 'NONE',  ( 4.000000000000000000, 6.000000000000000000, -2.000000000000000000 ) ) ;
#1407 = ORIENTED_EDGE ( 'NONE', *, *, #855, .T. ) ;
#1408 = VECTOR ( 'NONE', #364, 1000.000000000000000 ) ;
#1409 = AXIS2_PLACEMENT_3D ( 'NONE', #1298, #1919, #279 ) ;
#1410 = LINE ( 'NONE', #628, #592 ) ;
#1411 = DIRECTION ( 'NONE',  ( 0.000000000000000000, -1.000000000000000000, 0.000000000000000000 ) ) ;
#1412 = DIRECTION ( 'NONE',  ( -0.000000000000000000, -0.000000000000000000, 1.000000000000000000 ) ) ;
#1413 = VERTEX_POINT ( 'NONE', #1586 ) ;
#1414 = DIRECTION ( 'NONE',  ( -0.000000000000000000, 0.000000000000000000, 1.000000000000000000 ) ) ;
#1415 = CARTESIAN_POINT ( 'NONE',  ( 107.0000000000000000, 0.000000000000000000, -32.99999999999997868 ) ) ;
#1416 = AXIS2_PLACEMENT_3D ( 'NONE', #1235, #1096, #793 ) ;
#1417 = ORIENTED_EDGE ( 'NONE', *, *, #1590, .T. ) ;
#1418 = CIRCLE ( 'NONE', #1449, 1.599999999999998535 ) ;
#1419 = DIRECTION ( 'NONE',  ( -1.445602896647338917E-16, 0.000000000000000000, -1.000000000000000000 ) ) ;
#1420 = ORIENTED_EDGE ( 'NONE', *, *, #222, .T. ) ;
#1421 = ORIENTED_EDGE ( 'NONE', *, *, #578, .T. ) ;
#1422 = EDGE_CURVE ( 'NONE', #1032, #280, #1728, .T. ) ;
#1423 = ADVANCED_FACE ( 'NONE', ( #529 ), #1737, .F. ) ;
#1424 = DIRECTION ( 'NONE',  ( -1.000000000000000000, 0.000000000000000000, -0.000000000000000000 ) ) ;
#1425 = DIRECTION ( 'NONE',  ( 0.000000000000000000, 0.000000000000000000, -1.000000000000000000 ) ) ;
#1426 = VERTEX_POINT ( 'NONE', #1787 ) ;
#1427 = PLANE ( 'NONE',  #1863 ) ;
#1428 = LINE ( 'NONE', #1591, #1254 ) ;
#1429 = CARTESIAN_POINT ( 'NONE',  ( 0.000000000000000000, 6.000000000000000000, 0.000000000000000000 ) ) ;
#1430 = ORIENTED_EDGE ( 'NONE', *, *, #1250, .F. ) ;
#1431 = EDGE_LOOP ( 'NONE', ( #1421, #617, #1021, #1291 ) ) ;
#1432 = DIRECTION ( 'NONE',  ( 0.000000000000000000, -1.000000000000000000, 0.000000000000000000 ) ) ;
#1433 = LINE ( 'NONE', #221, #295 ) ;
#1434 = ORIENTED_EDGE ( 'NONE', *, *, #108, .F. ) ;
#1435 = PRESENTATION_STYLE_ASSIGNMENT (( #90 ) ) ;
#1436 = CARTESIAN_POINT ( 'NONE',  ( 15.25403330758516951, 6.000000000000000000, -30.00000000000000000 ) ) ;
#1437 = AXIS2_PLACEMENT_3D ( 'NONE', #1596, #94, #1425 ) ;
#1438 = CIRCLE ( 'NONE', #1341, 3.000000000000000000 ) ;
#1439 = CIRCLE ( 'NONE', #588, 3.000000000000000000 ) ;
#1440 = VERTEX_POINT ( 'NONE', #1922 ) ;
#1441 = CARTESIAN_POINT ( 'NONE',  ( 56.50000000000000000, 6.000000000000000000, 2.100000000000004086 ) ) ;
#1442 = ORIENTED_EDGE ( 'NONE', *, *, #1171, .T. ) ;
#1443 = FACE_OUTER_BOUND ( 'NONE', #694, .T. ) ;
#1444 = AXIS2_PLACEMENT_3D ( 'NONE', #1605, #1915, #1476 ) ;
#1445 = SURFACE_SIDE_STYLE ('',( #834 ) ) ;
#1446 = VECTOR ( 'NONE', #1075, 1000.000000000000000 ) ;
#1447 = EDGE_CURVE ( 'NONE', #1529, #943, #1284, .T. ) ;
#1448 = DIRECTION ( 'NONE',  ( 0.000000000000000000, -1.000000000000000000, 0.000000000000000000 ) ) ;
#1449 = AXIS2_PLACEMENT_3D ( 'NONE', #470, #1815, #1335 ) ;
#1450 = EDGE_LOOP ( 'NONE', ( #1924, #1665 ) ) ;
#1451 = DIRECTION ( 'NONE',  ( 0.000000000000000000, -1.000000000000000000, 0.000000000000000000 ) ) ;
#1452 = EDGE_CURVE ( 'NONE', #1008, #1426, #367, .T. ) ;
#1453 = DIRECTION ( 'NONE',  ( 0.000000000000000000, -1.000000000000000000, 0.000000000000000000 ) ) ;
#1454 = ADVANCED_FACE ( 'NONE', ( #1443 ), #824, .F. ) ;
#1455 = DIRECTION ( 'NONE',  ( 0.000000000000000000, 0.000000000000000000, -1.000000000000000000 ) ) ;
#1456 = DIRECTION ( 'NONE',  ( 0.000000000000000000, 0.000000000000000000, -1.000000000000000000 ) ) ;
#1457 = FACE_OUTER_BOUND ( 'NONE', #1240, .T. ) ;
#1458 = ORIENTED_EDGE ( 'NONE', *, *, #157, .T. ) ;
#1459 = CARTESIAN_POINT ( 'NONE',  ( 56.50000000000000000, 6.000000000000000000, -30.49999999999998579 ) ) ;
#1460 = VERTEX_POINT ( 'NONE', #89 ) ;
#1461 = EDGE_CURVE ( 'NONE', #1280, #1088, #557, .T. ) ;
#1462 = ADVANCED_FACE ( 'NONE', ( #1138 ), #1758, .F. ) ;
#1463 = ADVANCED_FACE ( 'NONE', ( #246 ), #843, .F. ) ;
#1464 = CARTESIAN_POINT ( 'NONE',  ( -2.544261098099317598E-14, -0.000000000000000000, -21.99999999999999645 ) ) ;
#1465 = CARTESIAN_POINT ( 'NONE',  ( 101.5000000000000000, 0.000000000000000000, 0.5000000000000089928 ) ) ;
#1466 = CYLINDRICAL_SURFACE ( 'NONE', #1602, 1.599999999999998535 ) ;
#1467 =( NAMED_UNIT ( * ) PLANE_ANGLE_UNIT ( ) SI_UNIT ( $, .RADIAN. ) );
#1468 = VERTEX_POINT ( 'NONE', #697 ) ;
#1469 = CARTESIAN_POINT ( 'NONE',  ( -3.430248998885766412E-14, 1.500000000000000444, -13.40000000000000036 ) ) ;
#1470 = ORIENTED_EDGE ( 'NONE', *, *, #1422, .T. ) ;
#1471 = AXIS2_PLACEMENT_3D ( 'NONE', #217, #1733, #807 ) ;
#1472 = DIRECTION ( 'NONE',  ( 0.000000000000000000, 0.000000000000000000, -1.000000000000000000 ) ) ;
#1473 = ORIENTED_EDGE ( 'NONE', *, *, #1041, .F. ) ;
#1474 = AXIS2_PLACEMENT_3D ( 'NONE', #537, #1451, #668 ) ;
#1475 = CIRCLE ( 'NONE', #1667, 14.00000000000000000 ) ;
#1476 = DIRECTION ( 'NONE',  ( 0.000000000000000000, -0.000000000000000000, 1.000000000000000000 ) ) ;
#1477 = FACE_OUTER_BOUND ( 'NONE', #1883, .T. ) ;
#1478 = CARTESIAN_POINT ( 'NONE',  ( 3.999999999999963585, 0.000000000000000000, -18.00000000000000355 ) ) ;
#1479 = VERTEX_POINT ( 'NONE', #409 ) ;
#1480 = CARTESIAN_POINT ( 'NONE',  ( 70.50000000000000000, 0.000000000000000000, -28.89999999999998082 ) ) ;
#1481 = ORIENTED_EDGE ( 'NONE', *, *, #714, .T. ) ;
#1482 = AXIS2_PLACEMENT_3D ( 'NONE', #700, #388, #257 ) ;
#1483 = VECTOR ( 'NONE', #1031, 1000.000000000000000 ) ;
#1484 = DIRECTION ( 'NONE',  ( 0.000000000000000000, -1.000000000000000000, 0.000000000000000000 ) ) ;
#1485 = CARTESIAN_POINT ( 'NONE',  ( 40.99999999999841549, 0.000000000000000000, -14.99999999999317346 ) ) ;
#1486 = ORIENTED_EDGE ( 'NONE', *, *, #1971, .T. ) ;
#1487 = ORIENTED_EDGE ( 'NONE', *, *, #748, .F. ) ;
#1488 = EDGE_CURVE ( 'NONE', #908, #64, #1174, .T. ) ;
#1489 = LINE ( 'NONE', #1639, #765 ) ;
#1490 = EDGE_CURVE ( 'NONE', #1840, #31, #233, .T. ) ;
#1491 = CARTESIAN_POINT ( 'NONE',  ( 101.5000000000000000, 0.000000000000000000, 0.5000000000000089928 ) ) ;
#1492 = ORIENTED_EDGE ( 'NONE', *, *, #895, .F. ) ;
#1493 = DIRECTION ( 'NONE',  ( 0.000000000000000000, 0.000000000000000000, -1.000000000000000000 ) ) ;
#1494 = VERTEX_POINT ( 'NONE', #213 ) ;
#1495 = CARTESIAN_POINT ( 'NONE',  ( 0.000000000000000000, 6.000000000000000000, -30.00000000000000000 ) ) ;
#1496 = PLANE ( 'NONE',  #134 ) ;
#1497 = EDGE_LOOP ( 'NONE', ( #711, #1069, #309, #1200 ) ) ;
#1498 = DIRECTION ( 'NONE',  ( -1.000000000000000000, 0.000000000000000000, -0.000000000000000000 ) ) ;
#1499 = ADVANCED_FACE ( 'NONE', ( #815 ), #1427, .F. ) ;
#1500 = CARTESIAN_POINT ( 'NONE',  ( 23.00000000000000355, 0.000000000000000000, -32.99999999999999289 ) ) ;
#1501 = VERTEX_POINT ( 'NONE', #1894 ) ;
#1502 = AXIS2_PLACEMENT_3D ( 'NONE', #683, #389, #381 ) ;
#1503 = CIRCLE ( 'NONE', #1731, 1.599999999999997202 ) ;
#1504 = VECTOR ( 'NONE', #1079, 1000.000000000000000 ) ;
#1505 = DIRECTION ( 'NONE',  ( 0.000000000000000000, 0.000000000000000000, -1.000000000000000000 ) ) ;
#1506 = PLANE ( 'NONE',  #1255 ) ;
#1507 = ORIENTED_EDGE ( 'NONE', *, *, #1452, .F. ) ;
#1508 = CARTESIAN_POINT ( 'NONE',  ( 6.999999999999930722, 6.000000000000000000, -22.00000000000000355 ) ) ;
#1509 = VERTEX_POINT ( 'NONE', #1742 ) ;
#1510 = EDGE_CURVE ( 'NONE', #1440, #640, #138, .T. ) ;
#1511 = LINE ( 'NONE', #1673, #1566 ) ;
#1512 = ORIENTED_EDGE ( 'NONE', *, *, #1549, .T. ) ;
#1513 = CARTESIAN_POINT ( 'NONE',  ( 70.50000000000000000, 6.000000000000000000, -30.49999999999998579 ) ) ;
#1514 = AXIS2_PLACEMENT_3D ( 'NONE', #727, #1169, #1005 ) ;
#1515 = VECTOR ( 'NONE', #1199, 1000.000000000000000 ) ;
#1516 = CARTESIAN_POINT ( 'NONE',  ( 70.50000000000000000, 6.000000000000000000, 0.5000000000000055511 ) ) ;
#1517 = CARTESIAN_POINT ( 'NONE',  ( 25.50000000000000355, 6.000000000000000000, -28.89999999999998437 ) ) ;
#1518 = EDGE_LOOP ( 'NONE', ( #507, #39, #1492, #735 ) ) ;
#1519 = DIRECTION ( 'NONE',  ( 0.000000000000000000, 0.000000000000000000, 1.000000000000000000 ) ) ;
#1520 = DIRECTION ( 'NONE',  ( 0.000000000000000000, -1.000000000000000000, 0.000000000000000000 ) ) ;
#1521 = DIRECTION ( 'NONE',  ( -0.000000000000000000, 0.000000000000000000, 1.000000000000000000 ) ) ;
#1522 = EDGE_CURVE ( 'NONE', #426, #792, #1489, .T. ) ;
#1523 = ORIENTED_EDGE ( 'NONE', *, *, #1068, .F. ) ;
#1524 = CARTESIAN_POINT ( 'NONE',  ( -6.860497997771532825E-14, 6.000000000000000000, -26.59999999999999787 ) ) ;
#1525 = EDGE_LOOP ( 'NONE', ( #294, #465, #205, #1336 ) ) ;
#1526 = EDGE_CURVE ( 'NONE', #1092, #892, #737, .T. ) ;
#1527 = DIRECTION ( 'NONE',  ( 0.000000000000000000, -1.000000000000000000, 0.000000000000000000 ) ) ;
#1528 = FACE_OUTER_BOUND ( 'NONE', #684, .T. ) ;
#1529 = VERTEX_POINT ( 'NONE', #1191 ) ;
#1530 = LINE ( 'NONE', #1098, #734 ) ;
#1531 = ORIENTED_EDGE ( 'NONE', *, *, #665, .F. ) ;
#1532 = EDGE_CURVE ( 'NONE', #1317, #603, #446, .T. ) ;
#1533 = CARTESIAN_POINT ( 'NONE',  ( 20.00000000000000355, 0.000000000000000000, 6.000000000000005329 ) ) ;
#1534 = VECTOR ( 'NONE', #1916, 1000.000000000000000 ) ;
#1535 = LINE ( 'NONE', #47, #1374 ) ;
#1536 = ORIENTED_EDGE ( 'NONE', *, *, #895, .T. ) ;
#1537 = CARTESIAN_POINT ( 'NONE',  ( 25.50000000000000355, 0.000000000000000000, -30.49999999999998579 ) ) ;
#1538 = VECTOR ( 'NONE', #1325, 1000.000000000000000 ) ;
#1539 = FACE_BOUND ( 'NONE', #1854, .T. ) ;
#1540 = CARTESIAN_POINT ( 'NONE',  ( 56.50000000000000000, 0.000000000000000000, 0.5000000000000055511 ) ) ;
#1541 = ORIENTED_EDGE ( 'NONE', *, *, #50, .F. ) ;
#1542 = DIRECTION ( 'NONE',  ( 0.000000000000000000, 0.000000000000000000, -1.000000000000000000 ) ) ;
#1543 = ORIENTED_EDGE ( 'NONE', *, *, #472, .F. ) ;
#1544 = CIRCLE ( 'NONE', #274, 1.600000000000002087 ) ;
#1545 = CARTESIAN_POINT ( 'NONE',  ( 0.000000000000000000, 0.000000000000000000, 0.000000000000000000 ) ) ;
#1546 = CIRCLE ( 'NONE', #1577, 5.000000000000000000 ) ;
#1547 = DIRECTION ( 'NONE',  ( -1.000000000000000000, 0.000000000000000000, -0.000000000000000000 ) ) ;
#1548 = ORIENTED_EDGE ( 'NONE', *, *, #998, .F. ) ;
#1549 = EDGE_CURVE ( 'NONE', #1686, #477, #582, .T. ) ;
#1550 = ADVANCED_FACE ( 'NONE', ( #726 ), #1177, .F. ) ;
#1551 = EDGE_CURVE ( 'NONE', #1081, #1695, #983, .T. ) ;
#1552 = EDGE_CURVE ( 'NONE', #561, #719, #290, .T. ) ;
#1553 = DIRECTION ( 'NONE',  ( -0.000000000000000000, -1.000000000000000000, -0.000000000000000000 ) ) ;
#1554 = FACE_BOUND ( 'NONE', #754, .T. ) ;
#1555 = ORIENTED_EDGE ( 'NONE', *, *, #1784, .F. ) ;
#1556 = CARTESIAN_POINT ( 'NONE',  ( 0.000000000000000000, 6.000000000000000000, -3.400000000000000355 ) ) ;
#1557 = CARTESIAN_POINT ( 'NONE',  ( 25.50000000000000355, 6.000000000000000000, 0.5000000000000055511 ) ) ;
#1558 = ORIENTED_EDGE ( 'NONE', *, *, #576, .F. ) ;
#1559 = LINE ( 'NONE', #1581, #86 ) ;
#1560 = DIRECTION ( 'NONE',  ( -0.000000000000000000, 1.000000000000000000, -0.000000000000000000 ) ) ;
#1561 = ORIENTED_EDGE ( 'NONE', *, *, #916, .T. ) ;
#1562 = CARTESIAN_POINT ( 'NONE',  ( -6.860497997771532825E-14, 1.500000000000000444, -26.59999999999999787 ) ) ;
#1563 = CARTESIAN_POINT ( 'NONE',  ( -6.860497997771532825E-14, 1.500000000000000444, -23.40000000000000213 ) ) ;
#1564 = CARTESIAN_POINT ( 'NONE',  ( 23.00000000000000355, 0.000000000000000000, -36.00000000000000000 ) ) ;
#1565 = AXIS2_PLACEMENT_3D ( 'NONE', #170, #160, #1712 ) ;
#1566 = VECTOR ( 'NONE', #474, 1000.000000000000000 ) ;
#1567 = DIRECTION ( 'NONE',  ( -0.000000000000000000, 1.000000000000000000, -0.000000000000000000 ) ) ;
#1568 = EDGE_CURVE ( 'NONE', #1120, #1729, #1822, .T. ) ;
#1569 = ORIENTED_EDGE ( 'NONE', *, *, #1212, .F. ) ;
#1570 = DIRECTION ( 'NONE',  ( -0.000000000000000000, 1.000000000000000000, 0.000000000000000000 ) ) ;
#1571 = EDGE_CURVE ( 'NONE', #453, #1821, #115, .T. ) ;
#1572 = ORIENTED_EDGE ( 'NONE', *, *, #1197, .F. ) ;
#1573 = CARTESIAN_POINT ( 'NONE',  ( 25.50000000000000355, 6.000000000000000000, 0.5000000000000055511 ) ) ;
#1574 = LINE ( 'NONE', #392, #615 ) ;
#1575 = VECTOR ( 'NONE', #249, 1000.000000000000000 ) ;
#1576 = ORIENTED_EDGE ( 'NONE', *, *, #1041, .T. ) ;
#1577 = AXIS2_PLACEMENT_3D ( 'NONE', #96, #698, #1895 ) ;
#1578 = CARTESIAN_POINT ( 'NONE',  ( 107.0000000000000000, 6.000000000000000000, -32.99999999999999289 ) ) ;
#1579 = LINE ( 'NONE', #1923, #1349 ) ;
#1580 = VECTOR ( 'NONE', #636, 1000.000000000000000 ) ;
#1581 = CARTESIAN_POINT ( 'NONE',  ( 56.50000000000000000, 6.000000000000000000, -1.099999999999992983 ) ) ;
#1582 = DIRECTION ( 'NONE',  ( 0.000000000000000000, -1.000000000000000000, 0.000000000000000000 ) ) ;
#1583 = EDGE_LOOP ( 'NONE', ( #935, #1370, #678, #535 ) ) ;
#1584 = VERTEX_POINT ( 'NONE', #1802 ) ;
#1585 = ADVANCED_FACE ( 'NONE', ( #454 ), #282, .F. ) ;
#1586 = CARTESIAN_POINT ( 'NONE',  ( 6.999999999999999112, 6.000000000000000000, -2.000000000000000444 ) ) ;
#1587 = ADVANCED_FACE ( 'NONE', ( #1477 ), #1466, .F. ) ;
#1588 = ORIENTED_EDGE ( 'NONE', *, *, #555, .F. ) ;
#1589 = DIRECTION ( 'NONE',  ( 0.000000000000000000, -1.000000000000000000, 0.000000000000000000 ) ) ;
#1590 = EDGE_CURVE ( 'NONE', #751, #342, #273, .T. ) ;
#1591 = CARTESIAN_POINT ( 'NONE',  ( 25.50000000000000355, 6.000000000000000000, -32.09999999999998721 ) ) ;
#1592 = CARTESIAN_POINT ( 'NONE',  ( 20.00000000000000355, 6.000000000000000000, 6.000000000000005329 ) ) ;
#1593 = ORIENTED_EDGE ( 'NONE', *, *, #1664, .T. ) ;
#1594 = ORIENTED_EDGE ( 'NONE', *, *, #41, .T. ) ;
#1595 = DIRECTION ( 'NONE',  ( 1.000000000000000000, 0.000000000000000000, 0.000000000000000000 ) ) ;
#1596 = CARTESIAN_POINT ( 'NONE',  ( 56.50000000000000000, 6.000000000000000000, 0.5000000000000055511 ) ) ;
#1597 = EDGE_CURVE ( 'NONE', #1843, #1686, #140, .T. ) ;
#1598 = ORIENTED_EDGE ( 'NONE', *, *, #773, .F. ) ;
#1599 = FILL_AREA_STYLE ('',( #234 ) ) ;
#1600 = DIRECTION ( 'NONE',  ( -0.000000000000000000, 1.000000000000000000, -0.000000000000000000 ) ) ;
#1601 = VERTEX_POINT ( 'NONE', #757 ) ;
#1602 = AXIS2_PLACEMENT_3D ( 'NONE', #1168, #1790, #1505 ) ;
#1603 = ORIENTED_EDGE ( 'NONE', *, *, #1017, .F. ) ;
#1604 = CARTESIAN_POINT ( 'NONE',  ( 6.999999999999964473, -8.499999999999998224, -12.00000000000000000 ) ) ;
#1605 = CARTESIAN_POINT ( 'NONE',  ( 0.000000000000000000, 1.500000000000000444, 0.000000000000000000 ) ) ;
#1606 = EDGE_CURVE ( 'NONE', #1846, #1843, #178, .T. ) ;
#1607 = DIRECTION ( 'NONE',  ( 0.000000000000000000, 0.000000000000000000, -1.000000000000000000 ) ) ;
#1608 = VECTOR ( 'NONE', #339, 1000.000000000000000 ) ;
#1609 = CARTESIAN_POINT ( 'NONE',  ( -3.430248998885766412E-14, 6.000000000000000000, -13.40000000000000036 ) ) ;
#1610 = ORIENTED_EDGE ( 'NONE', *, *, #548, .F. ) ;
#1611 = DIRECTION ( 'NONE',  ( 0.000000000000000000, -1.000000000000000000, 0.000000000000000000 ) ) ;
#1612 = EDGE_CURVE ( 'NONE', #486, #1468, #790, .T. ) ;
#1613 = AXIS2_PLACEMENT_3D ( 'NONE', #1343, #611, #428 ) ;
#1614 = EDGE_CURVE ( 'NONE', #1674, #1701, #1710, .T. ) ;
#1615 = CARTESIAN_POINT ( 'NONE',  ( -6.860497997771532825E-14, 1.500000000000000444, -26.59999999999999787 ) ) ;
#1616 = ORIENTED_EDGE ( 'NONE', *, *, #1171, .F. ) ;
#1617 = LINE ( 'NONE', #1464, #495 ) ;
#1618 = DIRECTION ( 'NONE',  ( 2.891205793294677833E-16, 0.000000000000000000, 1.000000000000000000 ) ) ;
#1619 = DIRECTION ( 'NONE',  ( 0.000000000000000000, -1.000000000000000000, 0.000000000000000000 ) ) ;
#1620 = ORIENTED_EDGE ( 'NONE', *, *, #731, .T. ) ;
#1621 = CARTESIAN_POINT ( 'NONE',  ( 70.50000000000000000, 6.000000000000000000, -28.89999999999998082 ) ) ;
#1622 = ORIENTED_EDGE ( 'NONE', *, *, #521, .T. ) ;
#1623 = DIRECTION ( 'NONE',  ( -0.000000000000000000, -0.000000000000000000, 1.000000000000000000 ) ) ;
#1624 = EDGE_LOOP ( 'NONE', ( #3, #501, #232, #519 ) ) ;
#1625 = CARTESIAN_POINT ( 'NONE',  ( 3.999999999999965361, -8.499999999999998224, -12.00000000000000000 ) ) ;
#1626 = DIRECTION ( 'NONE',  ( 0.000000000000000000, -1.000000000000000000, 0.000000000000000000 ) ) ;
#1627 = PLANE ( 'NONE',  #554 ) ;
#1628 = EDGE_LOOP ( 'NONE', ( #1196, #1330, #1603, #1775 ) ) ;
#1629 = DIRECTION ( 'NONE',  ( 1.000000000000000000, 0.000000000000000000, -1.156482317317871922E-15 ) ) ;
#1630 = EDGE_LOOP ( 'NONE', ( #1026, #1830 ) ) ;
#1631 = CARTESIAN_POINT ( 'NONE',  ( 101.5000000000000000, 0.000000000000000000, -1.099999999999994982 ) ) ;
#1632 = EDGE_CURVE ( 'NONE', #7, #375, #1231, .T. ) ;
#1633 = LINE ( 'NONE', #1034, #863 ) ;
#1634 = ORIENTED_EDGE ( 'NONE', *, *, #1185, .T. ) ;
#1635 = CIRCLE ( 'NONE', #167, 1.600000000000004086 ) ;
#1636 = EDGE_CURVE ( 'NONE', #1824, #1713, #679, .T. ) ;
#1637 = VECTOR ( 'NONE', #621, 1000.000000000000000 ) ;
#1638 = ORIENTED_EDGE ( 'NONE', *, *, #1359, .T. ) ;
#1639 = CARTESIAN_POINT ( 'NONE',  ( 0.000000000000000000, 1.500000000000000444, -6.599999999999999645 ) ) ;
#1640 = DIRECTION ( 'NONE',  ( 1.445602896647339903E-16, 0.000000000000000000, 1.000000000000000000 ) ) ;
#1641 = VERTEX_POINT ( 'NONE', #610 ) ;
#1642 = LINE ( 'NONE', #1043, #594 ) ;
#1643 = VECTOR ( 'NONE', #826, 1000.000000000000000 ) ;
#1644 = FACE_BOUND ( 'NONE', #223, .T. ) ;
#1645 = DIRECTION ( 'NONE',  ( 0.000000000000000000, 0.000000000000000000, -1.000000000000000000 ) ) ;
#1646 = EDGE_LOOP ( 'NONE', ( #258, #347, #87, #1283, #1555, #823, #239, #1927, #161, #516, #83, #857 ) ) ;
#1647 = DIRECTION ( 'NONE',  ( 2.891205793294677833E-16, -0.000000000000000000, 1.000000000000000000 ) ) ;
#1648 = DIRECTION ( 'NONE',  ( 0.000000000000000000, -1.000000000000000000, 0.000000000000000000 ) ) ;
#1649 = DIRECTION ( 'NONE',  ( 0.000000000000000000, -1.000000000000000000, 0.000000000000000000 ) ) ;
#1650 = CARTESIAN_POINT ( 'NONE',  ( 23.00000000000000355, 6.000000000000000000, -32.99999999999999289 ) ) ;
#1651 = ORIENTED_EDGE ( 'NONE', *, *, #385, .T. ) ;
#1652 = VERTEX_POINT ( 'NONE', #1556 ) ;
#1653 = CARTESIAN_POINT ( 'NONE',  ( 25.50000000000000355, 6.000000000000000000, -30.49999999999998579 ) ) ;
#1654 = FACE_OUTER_BOUND ( 'NONE', #1497, .T. ) ;
#1655 = ADVANCED_FACE ( 'NONE', ( #917 ), #1386, .F. ) ;
#1656 = EDGE_LOOP ( 'NONE', ( #1960, #1735, #1622, #1677 ) ) ;
#1657 = EDGE_CURVE ( 'NONE', #764, #908, #1371, .T. ) ;
#1658 = CARTESIAN_POINT ( 'NONE',  ( 3.999999999999968914, -0.000000000000000000, -1.156482317317862061E-15 ) ) ;
#1659 = EDGE_LOOP ( 'NONE', ( #1473, #1070, #1368, #1725 ) ) ;
#1660 = CARTESIAN_POINT ( 'NONE',  ( 86.00000000000000000, 6.000000000000000000, -14.99999999999999645 ) ) ;
#1661 = CARTESIAN_POINT ( 'NONE',  ( 70.50000000000000000, 0.000000000000000000, 2.100000000000011191 ) ) ;
#1662 = EDGE_LOOP ( 'NONE', ( #883, #184, #56, #1900, #320, #1569, #624, #1507, #669, #1394, #1417, #873, #1747, #23, #1396, #1681, #192, #1718, #1063, #709, #124, #915, #1265, #510, #327, #828, #526, #1344, #783, #930, #1487, #656, #1616, #1548, #544, #976 ) ) ;
#1663 = CARTESIAN_POINT ( 'NONE',  ( 6.999999999999930722, 6.000000000000000000, -22.00000000000000355 ) ) ;
#1664 = EDGE_CURVE ( 'NONE', #1013, #42, #1207, .T. ) ;
#1665 = ORIENTED_EDGE ( 'NONE', *, *, #1757, .F. ) ;
#1666 = EDGE_CURVE ( 'NONE', #1777, #1509, #1405, .T. ) ;
#1667 = AXIS2_PLACEMENT_3D ( 'NONE', #37, #1696, #927 ) ;
#1668 = FACE_OUTER_BOUND ( 'NONE', #1160, .T. ) ;
#1669 = ORIENTED_EDGE ( 'NONE', *, *, #286, .T. ) ;
#1670 = FACE_OUTER_BOUND ( 'NONE', #1206, .T. ) ;
#1671 = ADVANCED_FACE ( 'NONE', ( #1071 ), #1687, .F. ) ;
#1672 = EDGE_CURVE ( 'NONE', #382, #26, #1475, .T. ) ;
#1673 = CARTESIAN_POINT ( 'NONE',  ( 0.000000000000000000, 6.000000000000000000, 0.000000000000000000 ) ) ;
#1674 = VERTEX_POINT ( 'NONE', #1545 ) ;
#1675 = DIRECTION ( 'NONE',  ( -0.000000000000000000, 1.000000000000000000, -0.000000000000000000 ) ) ;
#1676 = VECTOR ( 'NONE', #825, 1000.000000000000000 ) ;
#1677 = ORIENTED_EDGE ( 'NONE', *, *, #1954, .F. ) ;
#1678 = CIRCLE ( 'NONE', #534, 14.00000000000000178 ) ;
#1679 = CARTESIAN_POINT ( 'NONE',  ( 6.999999999999966249, 0.000000000000000000, -1.011922027653132410E-15 ) ) ;
#1680 = DIRECTION ( 'NONE',  ( -0.000000000000000000, -0.000000000000000000, 1.000000000000000000 ) ) ;
#1681 = ORIENTED_EDGE ( 'NONE', *, *, #53, .F. ) ;
#1682 = DIRECTION ( 'NONE',  ( 2.891205793294677833E-16, -0.000000000000000000, 1.000000000000000000 ) ) ;
#1683 = CARTESIAN_POINT ( 'NONE',  ( 23.00000000000000355, 6.000000000000000000, 3.000000000000005329 ) ) ;
#1684 = CARTESIAN_POINT ( 'NONE',  ( 0.000000000000000000, 6.000000000000000000, -6.599999999999999645 ) ) ;
#1685 = CARTESIAN_POINT ( 'NONE',  ( 3.999999999999929834, -8.499999999999998224, -28.00000000000000000 ) ) ;
#1686 = VERTEX_POINT ( 'NONE', #259 ) ;
#1687 = PLANE ( 'NONE',  #1054 ) ;
#1688 = FACE_OUTER_BOUND ( 'NONE', #1389, .T. ) ;
#1689 = ORIENTED_EDGE ( 'NONE', *, *, #1390, .F. ) ;
#1690 = EDGE_CURVE ( 'NONE', #992, #908, #1633, .T. ) ;
#1691 = DIRECTION ( 'NONE',  ( -0.000000000000000000, 1.000000000000000000, -0.000000000000000000 ) ) ;
#1692 = LINE ( 'NONE', #451, #1378 ) ;
#1693 = ORIENTED_EDGE ( 'NONE', *, *, #59, .F. ) ;
#1694 = CARTESIAN_POINT ( 'NONE',  ( 0.000000000000000000, 0.000000000000000000, 0.000000000000000000 ) ) ;
#1695 = VERTEX_POINT ( 'NONE', #580 ) ;
#1696 = DIRECTION ( 'NONE',  ( 0.000000000000000000, -1.000000000000000000, 0.000000000000000000 ) ) ;
#1697 = VECTOR ( 'NONE', #75, 1000.000000000000000 ) ;
#1698 = ADVANCED_FACE ( 'NONE', ( #1172 ), #1182, .T. ) ;
#1699 = LINE ( 'NONE', #909, #1833 ) ;
#1700 = EDGE_CURVE ( 'NONE', #1846, #1120, #288, .T. ) ;
#1701 = VERTEX_POINT ( 'NONE', #571 ) ;
#1702 = VECTOR ( 'NONE', #1049, 1000.000000000000000 ) ;
#1703 = AXIS2_PLACEMENT_3D ( 'NONE', #136, #1839, #1860 ) ;
#1704 = CARTESIAN_POINT ( 'NONE',  ( -6.860497997771532825E-14, 1.500000000000000444, -23.40000000000000213 ) ) ;
#1705 = CARTESIAN_POINT ( 'NONE',  ( 101.5000000000000000, 6.000000000000000000, 0.5000000000000089928 ) ) ;
#1706 = ORIENTED_EDGE ( 'NONE', *, *, #1734, .F. ) ;
#1707 = PLANE ( 'NONE',  #1025 ) ;
#1708 = ORIENTED_EDGE ( 'NONE', *, *, #803, .F. ) ;
#1709 = VECTOR ( 'NONE', #1691, 1000.000000000000000 ) ;
#1710 = LINE ( 'NONE', #936, #1958 ) ;
#1711 = VECTOR ( 'NONE', #8, 1000.000000000000000 ) ;
#1712 = DIRECTION ( 'NONE',  ( 0.000000000000000000, 0.000000000000000000, -1.000000000000000000 ) ) ;
#1713 = VERTEX_POINT ( 'NONE', #1797 ) ;
#1714 = EDGE_CURVE ( 'NONE', #1013, #238, #874, .T. ) ;
#1715 = DIRECTION ( 'NONE',  ( -1.000000000000000000, 0.000000000000000000, 2.891205793294678819E-16 ) ) ;
#1716 = ORIENTED_EDGE ( 'NONE', *, *, #1963, .F. ) ;
#1717 = DIRECTION ( 'NONE',  ( -0.000000000000000000, 1.000000000000000000, -0.000000000000000000 ) ) ;
#1718 = ORIENTED_EDGE ( 'NONE', *, *, #1297, .F. ) ;
#1719 = DIRECTION ( 'NONE',  ( 0.000000000000000000, -1.000000000000000000, 0.000000000000000000 ) ) ;
#1720 = LINE ( 'NONE', #947, #206 ) ;
#1721 = EDGE_CURVE ( 'NONE', #1879, #1460, #1940, .T. ) ;
#1722 = DIRECTION ( 'NONE',  ( -0.000000000000000000, 1.000000000000000000, -0.000000000000000000 ) ) ;
#1723 = EDGE_LOOP ( 'NONE', ( #1078, #1024, #448, #530 ) ) ;
#1724 = DIRECTION ( 'NONE',  ( 2.891205793294677833E-16, -0.000000000000000000, 1.000000000000000000 ) ) ;
#1725 = ORIENTED_EDGE ( 'NONE', *, *, #1044, .T. ) ;
#1726 = FACE_OUTER_BOUND ( 'NONE', #151, .T. ) ;
#1727 = ADVANCED_FACE ( 'NONE', ( #1785 ), #443, .F. ) ;
#1728 = LINE ( 'NONE', #1267, #432 ) ;
#1729 = VERTEX_POINT ( 'NONE', #424 ) ;
#1730 = DIRECTION ( 'NONE',  ( 0.000000000000000000, -1.000000000000000000, 0.000000000000000000 ) ) ;
#1731 = AXIS2_PLACEMENT_3D ( 'NONE', #791, #15, #335 ) ;
#1732 = LINE ( 'NONE', #1399, #1154 ) ;
#1733 = DIRECTION ( 'NONE',  ( 0.000000000000000000, -1.000000000000000000, 0.000000000000000000 ) ) ;
#1734 = EDGE_CURVE ( 'NONE', #1153, #923, #298, .T. ) ;
#1735 = ORIENTED_EDGE ( 'NONE', *, *, #548, .T. ) ;
#1736 = EDGE_CURVE ( 'NONE', #1816, #633, #1018, .T. ) ;
#1737 = PLANE ( 'NONE',  #1275 ) ;
#1738 = CIRCLE ( 'NONE', #868, 1.600000000000000755 ) ;
#1739 = ADVANCED_BREP_SHAPE_REPRESENTATION ( 'j4_2', ( #1033, #1502 ), #76 ) ;
#1740 = ORIENTED_EDGE ( 'NONE', *, *, #1510, .T. ) ;
#1741 = EDGE_CURVE ( 'NONE', #1890, #1881, #1083, .T. ) ;
#1742 = CARTESIAN_POINT ( 'NONE',  ( 4.000000000000000000, 0.000000000000000000, -2.000000000000000000 ) ) ;
#1743 = DIRECTION ( 'NONE',  ( 0.000000000000000000, -1.000000000000000000, 0.000000000000000000 ) ) ;
#1744 = CARTESIAN_POINT ( 'NONE',  ( -6.860497997771532825E-14, 1.500000000000000444, -23.40000000000000213 ) ) ;
#1745 = CYLINDRICAL_SURFACE ( 'NONE', #1471, 3.000000000000002665 ) ;
#1746 = ORIENTED_EDGE ( 'NONE', *, *, #59, .T. ) ;
#1747 = ORIENTED_EDGE ( 'NONE', *, *, #1190, .F. ) ;
#1748 = CARTESIAN_POINT ( 'NONE',  ( 101.5000000000000000, 6.000000000000000000, -1.099999999999994982 ) ) ;
#1749 = CARTESIAN_POINT ( 'NONE',  ( 3.999999999999929834, 6.000000000000000000, -28.00000000000000000 ) ) ;
#1750 = ORIENTED_EDGE ( 'NONE', *, *, #79, .F. ) ;
#1751 = CARTESIAN_POINT ( 'NONE',  ( 56.50000000000000000, 6.000000000000000000, 0.5000000000000055511 ) ) ;
#1752 = LINE ( 'NONE', #400, #143 ) ;
#1753 = VERTEX_POINT ( 'NONE', #1329 ) ;
#1754 = PLANE ( 'NONE',  #438 ) ;
#1755 = LINE ( 'NONE', #850, #1340 ) ;
#1756 = CARTESIAN_POINT ( 'NONE',  ( 40.99999999999841549, 6.000000000000000000, -0.9999999999931730166 ) ) ;
#1757 = EDGE_CURVE ( 'NONE', #1821, #953, #49, .T. ) ;
#1758 = CYLINDRICAL_SURFACE ( 'NONE', #920, 1.600000000000004086 ) ;
#1759 = CARTESIAN_POINT ( 'NONE',  ( 70.50000000000000000, 0.000000000000000000, -32.09999999999998721 ) ) ;
#1760 = EDGE_CURVE ( 'NONE', #1753, #1268, #1141, .T. ) ;
#1761 = CARTESIAN_POINT ( 'NONE',  ( 3.999999999999931610, -8.499999999999998224, -22.00000000000000000 ) ) ;
#1762 = AXIS2_PLACEMENT_3D ( 'NONE', #1604, #1292, #545 ) ;
#1763 = ORIENTED_EDGE ( 'NONE', *, *, #1672, .T. ) ;
#1764 = AXIS2_PLACEMENT_3D ( 'NONE', #1500, #1010, #693 ) ;
#1765 = DIRECTION ( 'NONE',  ( 0.000000000000000000, 0.000000000000000000, -1.000000000000000000 ) ) ;
#1766 = ORIENTED_EDGE ( 'NONE', *, *, #1127, .F. ) ;
#1767 = CYLINDRICAL_SURFACE ( 'NONE', #1437, 1.599999999999998535 ) ;
#1768 = CARTESIAN_POINT ( 'NONE',  ( 107.0000000000000000, 0.000000000000000000, 6.000000000000005329 ) ) ;
#1769 = VECTOR ( 'NONE', #546, 1000.000000000000000 ) ;
#1770 = DIRECTION ( 'NONE',  ( 0.000000000000000000, -1.000000000000000000, 0.000000000000000000 ) ) ;
#1771 = ORIENTED_EDGE ( 'NONE', *, *, #108, .T. ) ;
#1772 = AXIS2_PLACEMENT_3D ( 'NONE', #816, #1159, #1456 ) ;
#1773 = LINE ( 'NONE', #1909, #1318 ) ;
#1774 = AXIS2_PLACEMENT_3D ( 'NONE', #117, #739, #1192 ) ;
#1775 = ORIENTED_EDGE ( 'NONE', *, *, #907, .F. ) ;
#1776 = DIRECTION ( 'NONE',  ( 0.000000000000000000, 0.000000000000000000, -1.000000000000000000 ) ) ;
#1777 = VERTEX_POINT ( 'NONE', #848 ) ;
#1778 = PLANE ( 'NONE',  #1444 ) ;
#1779 = DIRECTION ( 'NONE',  ( 0.000000000000000000, 0.000000000000000000, 1.000000000000000000 ) ) ;
#1780 = DIRECTION ( 'NONE',  ( -0.000000000000000000, 1.000000000000000000, -0.000000000000000000 ) ) ;
#1781 = ADVANCED_FACE ( 'NONE', ( #123 ), #707, .F. ) ;
#1782 = DIRECTION ( 'NONE',  ( 1.156482317317871331E-15, 0.000000000000000000, -1.000000000000000000 ) ) ;
#1783 = VERTEX_POINT ( 'NONE', #100 ) ;
#1784 = EDGE_CURVE ( 'NONE', #5, #1674, #415, .T. ) ;
#1785 = FACE_OUTER_BOUND ( 'NONE', #1347, .T. ) ;
#1786 = EDGE_LOOP ( 'NONE', ( #52, #255 ) ) ;
#1787 = CARTESIAN_POINT ( 'NONE',  ( 104.0000000000000000, 6.000000000000000000, -36.00000000000000000 ) ) ;
#1788 = ORIENTED_EDGE ( 'NONE', *, *, #349, .F. ) ;
#1789 = LINE ( 'NONE', #113, #1058 ) ;
#1790 = DIRECTION ( 'NONE',  ( 0.000000000000000000, -1.000000000000000000, 0.000000000000000000 ) ) ;
#1791 = CARTESIAN_POINT ( 'NONE',  ( 40.99999999999841549, 6.000000000000000000, -0.9999999999931730166 ) ) ;
#1792 = ORIENTED_EDGE ( 'NONE', *, *, #1614, .T. ) ;
#1793 = FACE_OUTER_BOUND ( 'NONE', #1628, .T. ) ;
#1794 = AXIS2_PLACEMENT_3D ( 'NONE', #505, #204, #514 ) ;
#1795 = AXIS2_PLACEMENT_3D ( 'NONE', #833, #1730, #397 ) ;
#1796 = FACE_BOUND ( 'NONE', #837, .T. ) ;
#1797 = CARTESIAN_POINT ( 'NONE',  ( 101.5000000000000000, 0.000000000000000000, -32.09999999999998721 ) ) ;
#1798 = VERTEX_POINT ( 'NONE', #1828 ) ;
#1799 = EDGE_CURVE ( 'NONE', #1584, #289, #1176, .T. ) ;
#1800 = AXIS2_PLACEMENT_3D ( 'NONE', #2, #1216, #904 ) ;
#1801 = ORIENTED_EDGE ( 'NONE', *, *, #1189, .T. ) ;
#1802 = CARTESIAN_POINT ( 'NONE',  ( 25.50000000000000355, 0.000000000000000000, -28.89999999999998437 ) ) ;
#1803 = LINE ( 'NONE', #1029, #1015 ) ;
#1804 = DIRECTION ( 'NONE',  ( 0.000000000000000000, -1.000000000000000000, 0.000000000000000000 ) ) ;
#1805 = ORIENTED_EDGE ( 'NONE', *, *, #1811, .F. ) ;
#1806 = AXIS2_PLACEMENT_3D ( 'NONE', #806, #1114, #1887 ) ;
#1807 = CIRCLE ( 'NONE', #840, 1.599999999999998535 ) ;
#1808 = FACE_BOUND ( 'NONE', #1350, .T. ) ;
#1809 = CARTESIAN_POINT ( 'NONE',  ( 70.50000000000000000, 6.000000000000000000, -30.49999999999998579 ) ) ;
#1810 = ORIENTED_EDGE ( 'NONE', *, *, #971, .F. ) ;
#1811 = EDGE_CURVE ( 'NONE', #1479, #1142, #1511, .T. ) ;
#1812 = ORIENTED_EDGE ( 'NONE', *, *, #1308, .T. ) ;
#1813 = DIRECTION ( 'NONE',  ( 0.000000000000000000, -1.000000000000000000, 0.000000000000000000 ) ) ;
#1814 = DIRECTION ( 'NONE',  ( 0.000000000000000000, 0.000000000000000000, 1.000000000000000000 ) ) ;
#1815 = DIRECTION ( 'NONE',  ( 0.000000000000000000, -1.000000000000000000, 0.000000000000000000 ) ) ;
#1816 = VERTEX_POINT ( 'NONE', #1969 ) ;
#1817 = EDGE_CURVE ( 'NONE', #31, #1040, #1692, .T. ) ;
#1818 = CYLINDRICAL_SURFACE ( 'NONE', #116, 1.600000000000000755 ) ;
#1819 = DIRECTION ( 'NONE',  ( 0.000000000000000000, -1.000000000000000000, 0.000000000000000000 ) ) ;
#1820 = ORIENTED_EDGE ( 'NONE', *, *, #1447, .F. ) ;
#1821 = VERTEX_POINT ( 'NONE', #1661 ) ;
#1822 = LINE ( 'NONE', #418, #1245 ) ;
#1823 = LINE ( 'NONE', #1326, #1515 ) ;
#1824 = VERTEX_POINT ( 'NONE', #9 ) ;
#1825 = EDGE_CURVE ( 'NONE', #1468, #1641, #732, .T. ) ;
#1826 = CARTESIAN_POINT ( 'NONE',  ( 3.999999999999963585, -8.499999999999998224, -18.00000000000000355 ) ) ;
#1827 = ADVANCED_FACE ( 'NONE', ( #146 ), #1046, .F. ) ;
#1828 = CARTESIAN_POINT ( 'NONE',  ( 56.50000000000000000, 6.000000000000000000, -32.09999999999998010 ) ) ;
#1829 = EDGE_CURVE ( 'NONE', #1843, #101, #316, .T. ) ;
#1830 = ORIENTED_EDGE ( 'NONE', *, *, #712, .T. ) ;
#1831 = CARTESIAN_POINT ( 'NONE',  ( 20.09526249034444234, 0.000000000000000000, 3.750000000000003997 ) ) ;
#1832 = AXIS2_PLACEMENT_3D ( 'NONE', #227, #818, #524 ) ;
#1833 = VECTOR ( 'NONE', #1856, 1000.000000000000000 ) ;
#1834 = AXIS2_PLACEMENT_3D ( 'NONE', #1198, #1038, #1974 ) ;
#1835 = DIRECTION ( 'NONE',  ( 2.891205793294677833E-16, -0.000000000000000000, 1.000000000000000000 ) ) ;
#1836 = ORIENTED_EDGE ( 'NONE', *, *, #1297, .T. ) ;
#1837 = LINE ( 'NONE', #431, #1387 ) ;
#1838 = CYLINDRICAL_SURFACE ( 'NONE', #710, 3.000000000000000000 ) ;
#1839 = DIRECTION ( 'NONE',  ( 0.000000000000000000, 0.000000000000000000, -1.000000000000000000 ) ) ;
#1840 = VERTEX_POINT ( 'NONE', #911 ) ;
#1841 = DIRECTION ( 'NONE',  ( 0.000000000000000000, 0.000000000000000000, -1.000000000000000000 ) ) ;
#1842 = STYLED_ITEM ( 'NONE', ( #1435 ), #1033 ) ;
#1843 = VERTEX_POINT ( 'NONE', #1367 ) ;
#1844 = CARTESIAN_POINT ( 'NONE',  ( -3.430248998885766412E-14, 1.500000000000000444, -16.60000000000000142 ) ) ;
#1845 = PLANE ( 'NONE',  #1052 ) ;
#1846 = VERTEX_POINT ( 'NONE', #1067 ) ;
#1847 = ADVANCED_FACE ( 'NONE', ( #1085 ), #461, .F. ) ;
#1848 = DIRECTION ( 'NONE',  ( 0.000000000000000000, -1.000000000000000000, 0.000000000000000000 ) ) ;
#1849 = CARTESIAN_POINT ( 'NONE',  ( -3.430248998885766412E-14, 1.500000000000000444, -13.40000000000000036 ) ) ;
#1850 = EDGE_CURVE ( 'NONE', #943, #764, #1438, .T. ) ;
#1851 = ORIENTED_EDGE ( 'NONE', *, *, #773, .T. ) ;
#1852 = FACE_BOUND ( 'NONE', #1011, .T. ) ;
#1853 = EDGE_CURVE ( 'NONE', #1798, #139, #236, .T. ) ;
#1854 = EDGE_LOOP ( 'NONE', ( #121, #158 ) ) ;
#1855 = DIRECTION ( 'NONE',  ( -1.000000000000000000, 0.000000000000000000, -0.000000000000000000 ) ) ;
#1856 = DIRECTION ( 'NONE',  ( 0.000000000000000000, -1.000000000000000000, 0.000000000000000000 ) ) ;
#1857 = ORIENTED_EDGE ( 'NONE', *, *, #712, .F. ) ;
#1858 = DIRECTION ( 'NONE',  ( 0.000000000000000000, -1.000000000000000000, 0.000000000000000000 ) ) ;
#1859 = LINE ( 'NONE', #634, #964 ) ;
#1860 = DIRECTION ( 'NONE',  ( -1.000000000000000000, 0.000000000000000000, -0.000000000000000000 ) ) ;
#1861 = FACE_OUTER_BOUND ( 'NONE', #1150, .T. ) ;
#1862 = ORIENTED_EDGE ( 'NONE', *, *, #1105, .F. ) ;
#1863 = AXIS2_PLACEMENT_3D ( 'NONE', #69, #670, #1269 ) ;
#1864 = CYLINDRICAL_SURFACE ( 'NONE', #1565, 1.599999999999997202 ) ;
#1865 = ORIENTED_EDGE ( 'NONE', *, *, #1736, .T. ) ;
#1866 = VECTOR ( 'NONE', #991, 1000.000000000000000 ) ;
#1867 = DIRECTION ( 'NONE',  ( 0.000000000000000000, 0.000000000000000000, -1.000000000000000000 ) ) ;
#1868 = FACE_OUTER_BOUND ( 'NONE', #1128, .T. ) ;
#1869 = ORIENTED_EDGE ( 'NONE', *, *, #41, .F. ) ;
#1870 = FACE_BOUND ( 'NONE', #1302, .T. ) ;
#1871 = AXIS2_PLACEMENT_3D ( 'NONE', #1152, #999, #1782 ) ;
#1872 = ORIENTED_EDGE ( 'NONE', *, *, #1606, .T. ) ;
#1873 = VECTOR ( 'NONE', #1858, 1000.000000000000000 ) ;
#1874 = EDGE_CURVE ( 'NONE', #48, #1529, #1439, .T. ) ;
#1875 = VECTOR ( 'NONE', #1780, 1000.000000000000000 ) ;
#1876 = DIRECTION ( 'NONE',  ( 1.000000000000000000, 0.000000000000000000, -1.445602896647339656E-16 ) ) ;
#1877 = EDGE_LOOP ( 'NONE', ( #1486, #360 ) ) ;
#1878 = DIRECTION ( 'NONE',  ( -0.000000000000000000, 1.000000000000000000, -0.000000000000000000 ) ) ;
#1879 = VERTEX_POINT ( 'NONE', #1849 ) ;
#1880 = CARTESIAN_POINT ( 'NONE',  ( 0.000000000000000000, 6.000000000000000000, 0.000000000000000000 ) ) ;
#1881 = VERTEX_POINT ( 'NONE', #606 ) ;
#1882 = CARTESIAN_POINT ( 'NONE',  ( 101.5000000000000000, 6.000000000000000000, 0.5000000000000089928 ) ) ;
#1883 = EDGE_LOOP ( 'NONE', ( #98, #452, #1651, #497 ) ) ;
#1884 = CARTESIAN_POINT ( 'NONE',  ( 86.00000000000000000, 6.000000000000000000, -14.99999999999999645 ) ) ;
#1885 = CARTESIAN_POINT ( 'NONE',  ( 6.999999999999999112, 0.000000000000000000, -1.011922027653137537E-15 ) ) ;
#1886 = ADVANCED_FACE ( 'NONE', ( #1528 ), #164, .F. ) ;
#1887 = DIRECTION ( 'NONE',  ( 0.000000000000000000, -0.000000000000000000, -1.000000000000000000 ) ) ;
#1888 = CARTESIAN_POINT ( 'NONE',  ( 25.50000000000000355, 6.000000000000000000, -28.89999999999998437 ) ) ;
#1889 = VERTEX_POINT ( 'NONE', #296 ) ;
#1890 = VERTEX_POINT ( 'NONE', #1203 ) ;
#1891 = DIRECTION ( 'NONE',  ( 1.000000000000000000, 0.000000000000000000, 0.000000000000000000 ) ) ;
#1892 = DIRECTION ( 'NONE',  ( -1.000000000000000000, -0.000000000000000000, -0.000000000000000000 ) ) ;
#1893 = CARTESIAN_POINT ( 'NONE',  ( 3.999999999999929834, 0.000000000000000000, -28.00000000000000000 ) ) ;
#1894 = CARTESIAN_POINT ( 'NONE',  ( 3.999999999999930722, 1.500000000000000444, -23.40000000000000213 ) ) ;
#1895 = DIRECTION ( 'NONE',  ( 1.040834085586084257E-15, 0.000000000000000000, -1.000000000000000000 ) ) ;
#1896 = AXIS2_PLACEMENT_3D ( 'NONE', #311, #38, #499 ) ;
#1897 = VECTOR ( 'NONE', #1626, 1000.000000000000000 ) ;
#1898 = EDGE_CURVE ( 'NONE', #958, #365, #832, .T. ) ;
#1899 = DIRECTION ( 'NONE',  ( -1.000000000000000000, -0.000000000000000000, -0.000000000000000000 ) ) ;
#1900 = ORIENTED_EDGE ( 'NONE', *, *, #613, .F. ) ;
#1901 = ORIENTED_EDGE ( 'NONE', *, *, #306, .F. ) ;
#1902 = DIRECTION ( 'NONE',  ( 0.000000000000000000, 0.000000000000000000, -1.000000000000000000 ) ) ;
#1903 = DIRECTION ( 'NONE',  ( -0.000000000000000000, 1.000000000000000000, -0.000000000000000000 ) ) ;
#1904 = CIRCLE ( 'NONE', #772, 14.00000000000000178 ) ;
#1905 = CARTESIAN_POINT ( 'NONE',  ( 56.50000000000000000, 0.000000000000000000, -1.099999999999992983 ) ) ;
#1906 = CIRCLE ( 'NONE', #1936, 1.600000000000005418 ) ;
#1907 = CARTESIAN_POINT ( 'NONE',  ( 107.0000000000000000, 6.000000000000000000, 3.000000000000005329 ) ) ;
#1908 = FACE_OUTER_BOUND ( 'NONE', #525, .T. ) ;
#1909 = CARTESIAN_POINT ( 'NONE',  ( -3.430248998885766412E-14, 6.000000000000000000, -16.60000000000000142 ) ) ;
#1910 = ORIENTED_EDGE ( 'NONE', *, *, #135, .F. ) ;
#1911 = EDGE_CURVE ( 'NONE', #1224, #879, #763, .T. ) ;
#1912 = ORIENTED_EDGE ( 'NONE', *, *, #1817, .T. ) ;
#1913 = EDGE_CURVE ( 'NONE', #429, #182, #924, .T. ) ;
#1914 = CARTESIAN_POINT ( 'NONE',  ( 70.50000000000000000, 6.000000000000000000, -32.09999999999998721 ) ) ;
#1915 = DIRECTION ( 'NONE',  ( -0.000000000000000000, 1.000000000000000000, 0.000000000000000000 ) ) ;
#1916 = DIRECTION ( 'NONE',  ( 1.000000000000000000, 0.000000000000000000, 0.000000000000000000 ) ) ;
#1917 = LINE ( 'NONE', #549, #469 ) ;
#1918 = ORIENTED_EDGE ( 'NONE', *, *, #887, .T. ) ;
#1919 = DIRECTION ( 'NONE',  ( 0.000000000000000000, -1.000000000000000000, 0.000000000000000000 ) ) ;
#1920 = ORIENTED_EDGE ( 'NONE', *, *, #1636, .F. ) ;
#1921 = DIRECTION ( 'NONE',  ( 1.000000000000000000, 0.000000000000000000, 0.000000000000000000 ) ) ;
#1922 = CARTESIAN_POINT ( 'NONE',  ( 70.50000000000000000, 6.000000000000000000, -32.09999999999998721 ) ) ;
#1923 = CARTESIAN_POINT ( 'NONE',  ( 4.000000000000000000, 6.000000000000000000, -2.000000000000000000 ) ) ;
#1924 = ORIENTED_EDGE ( 'NONE', *, *, #319, .F. ) ;
#1925 = LINE ( 'NONE', #1621, #1155 ) ;
#1926 = VECTOR ( 'NONE', #649, 1000.000000000000000 ) ;
#1927 = ORIENTED_EDGE ( 'NONE', *, *, #1734, .T. ) ;
#1928 = DIRECTION ( 'NONE',  ( 0.000000000000000000, -1.000000000000000000, 0.000000000000000000 ) ) ;
#1929 = ORIENTED_EDGE ( 'NONE', *, *, #1898, .F. ) ;
#1930 = DIRECTION ( 'NONE',  ( 0.000000000000000000, 0.000000000000000000, -1.000000000000000000 ) ) ;
#1931 = EDGE_CURVE ( 'NONE', #17, #603, #1179, .T. ) ;
#1932 = DIRECTION ( 'NONE',  ( 0.000000000000000000, 0.000000000000000000, -1.000000000000000000 ) ) ;
#1933 = AXIS2_PLACEMENT_3D ( 'NONE', #417, #842, #1618 ) ;
#1934 = ADVANCED_FACE ( 'NONE', ( #492 ), #893, .F. ) ;
#1935 = CARTESIAN_POINT ( 'NONE',  ( 40.99999999999841549, 0.000000000000000000, -14.99999999999317346 ) ) ;
#1936 = AXIS2_PLACEMENT_3D ( 'NONE', #1355, #1804, #872 ) ;
#1937 = CARTESIAN_POINT ( 'NONE',  ( 0.000000000000000000, 6.000000000000000000, 0.000000000000000000 ) ) ;
#1938 = AXIS2_PLACEMENT_3D ( 'NONE', #1513, #1453, #308 ) ;
#1939 = EDGE_LOOP ( 'NONE', ( #839, #1407, #1111, #852, #674, #1512, #171, #1862, #1708, #1227, #411, #572, #938, #1115, #10, #888 ) ) ;
#1940 = LINE ( 'NONE', #433, #1866 ) ;
#1941 = ORIENTED_EDGE ( 'NONE', *, *, #1461, .F. ) ;
#1942 = ORIENTED_EDGE ( 'NONE', *, *, #1490, .F. ) ;
#1943 = FACE_OUTER_BOUND ( 'NONE', #1097, .T. ) ;
#1944 = CARTESIAN_POINT ( 'NONE',  ( 70.50000000000000000, 6.000000000000000000, 0.5000000000000055511 ) ) ;
#1945 = CARTESIAN_POINT ( 'NONE',  ( 107.0000000000000000, 6.000000000000000000, 6.000000000000005329 ) ) ;
#1946 = CARTESIAN_POINT ( 'NONE',  ( 104.0000000000000000, 0.000000000000000000, -32.99999999999999289 ) ) ;
#1947 = CARTESIAN_POINT ( 'NONE',  ( 3.999999999999965361, 6.000000000000000000, -12.00000000000000000 ) ) ;
#1948 = EDGE_LOOP ( 'NONE', ( #961, #386, #1354, #607, #1244, #1373, #1957, #1543 ) ) ;
#1949 = ORIENTED_EDGE ( 'NONE', *, *, #1401, .T. ) ;
#1950 = CARTESIAN_POINT ( 'NONE',  ( 4.000000000000000000, 6.000000000000000000, -2.000000000000000000 ) ) ;
#1951 = CYLINDRICAL_SURFACE ( 'NONE', #119, 5.000000000000000000 ) ;
#1952 = PRODUCT_DEFINITION_SHAPE ( 'NONE', 'NONE',  #401 ) ;
#1953 = ORIENTED_EDGE ( 'NONE', *, *, #956, .T. ) ;
#1954 = EDGE_CURVE ( 'NONE', #342, #5, #63, .T. ) ;
#1955 = AXIS2_PLACEMENT_3D ( 'NONE', #61, #661, #1262 ) ;
#1956 = DIRECTION ( 'NONE',  ( 0.000000000000000000, -1.000000000000000000, 0.000000000000000000 ) ) ;
#1957 = ORIENTED_EDGE ( 'NONE', *, *, #1568, .T. ) ;
#1958 = VECTOR ( 'NONE', #321, 1000.000000000000000 ) ;
#1959 = AXIS2_PLACEMENT_3D ( 'NONE', #1705, #326, #1346 ) ;
#1960 = ORIENTED_EDGE ( 'NONE', *, *, #1590, .F. ) ;
#1961 = DIRECTION ( 'NONE',  ( 0.000000000000000000, -1.000000000000000000, 0.000000000000000000 ) ) ;
#1962 = LINE ( 'NONE', #1050, #993 ) ;
#1963 = EDGE_CURVE ( 'NONE', #1081, #1584, #664, .T. ) ;
#1964 = VECTOR ( 'NONE', #1432, 1000.000000000000000 ) ;
#1965 = CARTESIAN_POINT ( 'NONE',  ( 25.50000000000000355, 0.000000000000000000, 0.5000000000000055511 ) ) ;
#1966 = ORIENTED_EDGE ( 'NONE', *, *, #1452, .T. ) ;
#1967 = VECTOR ( 'NONE', #1391, 1000.000000000000000 ) ;
#1968 = EDGE_CURVE ( 'NONE', #716, #1035, #1339, .T. ) ;
#1969 = CARTESIAN_POINT ( 'NONE',  ( 101.5000000000000000, 6.000000000000000000, -28.89999999999998437 ) ) ;
#1970 = ORIENTED_EDGE ( 'NONE', *, *, #1003, .F. ) ;
#1971 = EDGE_CURVE ( 'NONE', #147, #1889, #951, .T. ) ;
#1972 = ORIENTED_EDGE ( 'NONE', *, *, #1044, .F. ) ;
#1973 = ADVANCED_FACE ( 'NONE', ( #369 ), #1745, .T. ) ;
#1974 = DIRECTION ( 'NONE',  ( -1.445602896647339903E-16, 0.000000000000000000, -1.000000000000000000 ) ) ;
#1975 = DIRECTION ( 'NONE',  ( 0.000000000000000000, -1.000000000000000000, 0.000000000000000000 ) ) ;
#1976 = ORIENTED_EDGE ( 'NONE', *, *, #374, .F. ) ;
#1977 = DIRECTION ( 'NONE',  ( 0.000000000000000000, -1.000000000000000000, 0.000000000000000000 ) ) ;
ENDSEC;
END-ISO-10303-21;
